RMSE,MAE,R2
137970.2612285511,81753.05656920637,0.7363262171213292
