RMSE,MAE,R2
158147.07400133967,99021.22308064517,0.6509989056441989
