RMSE,MAE,R2
117697.9368088312,72406.48138247406,0.8141842492822823
