RMSE,MAE,R2
106765.53431541302,106765.53431541302,0.6364005068463221
