y_real,y_pred,dept
99000,246734.67303715614,45
510000,411685.17424154043,48
315000,368347.4353421046,63
270000,302591.1550278064,86
280000,295520.684842401,90
328400,355981.98518221686,37
59000,112835.47728323197,21
160000,180432.07796917274,81
345000,328662.13921215327,68
299250,189897.60413772915,81
229000,294887.6109521808,88
285000,322347.77695483965,59
440000,444946.3772893844,77
496000,470865.1571821387,21
158000,199036.85304296808,45
216275,298939.13504546485,51
259500,210781.72342218974,70
445000,332474.03286754683,26
74900,169271.95597695353,14
145000,149173.30223955787,29
166720,97210.41772150523,65
139000,210613.98178098243,69
230000,458509.99558869185,77
205000,272297.2484756508,71
212000,177675.2679812133,22
175000,191739.52456866944,76
226300,267441.78940486064,22
272000,215671.55882531859,11
189280,728610.0543122626,77
260000,236782.30567942167,69
254000,399769.4447941002,18
210000,303264.32644400356,76
357000,447464.91286586475,77
160000,210938.00870860455,26
618596,669693.0030507982,87
375000,277747.7890696138,77
332325,344755.3617598848,91
115500,176071.37822818695,81
295000,425318.41948115756,32
155000,329267.70667916455,77
136000,185450.55913445045,81
460000,425041.5523489535,91
208740,178781.54289123433,38
417000,282559.49434470537,2
129000,144652.6145682749,29
330000,391084.7006139538,5
369000,356032.1135559788,19
255000,330259.39047098934,7
249984,266796.5547112042,32
995000,808835.2573205854,69
292000,281115.65490748105,91
145000,270788.0324214929,4
465900,365656.5300050744,88
192000,264086.9975275855,90
288000,305409.2870832398,88
92000,103834.70511706972,65
200000,165383.68541014203,4
219500,218265.86265184806,40
1179000,1009176.3126592012,69
340000,315037.6147208426,52
223000,303221.7130764174,27
410000,321165.08867063635,88
367500,464673.1668330283,21
115990,149475.419205621,26
185000,177053.63833636953,4
510000,623257.7514955737,56
379000,469141.03913049516,87
219000,277259.1725011903,2
65600,113222.2849316949,9
235000,190947.06982755312,26
178000,189033.03338280367,26
233000,276212.3843000965,22
151960,315419.9848100301,80
311900,313726.65731195174,25
434000,375999.4537190233,72
520000,402437.59384182567,87
349900,398618.35194025,87
188000,195468.65044891462,26
199000,200097.18207409323,71
405000,352353.87529923534,87
132990,169643.20530979554,77
204750,151892.6481058024,6
99000,248760.9769850511,45
639000,592476.7154644816,77
177500,155147.9911428744,70
241500,245770.40685575752,6
136000,113699.10928003296,51
79500,96709.59063603583,59
225000,188738.42727642425,38
128000,204504.33808400782,71
380000,436901.78951866855,17
396000,242711.1665601456,22
598500,438945.01923898654,49
338000,507783.16203680134,80
769600,417143.6191498444,90
299900,232253.88712369528,80
77000,110856.20700511805,20
210000,207016.28814011152,88
1580000,1543401.1776219779,4
350000,251289.10287330046,32
462000,333944.2585034948,32
230000,458569.7439041852,77
212000,161625.07476915594,1
50000,133476.92421985912,49
38000,71305.54895078318,28
208000,137781.78695875217,45
989000,778754.071832027,69
415000,392644.68027222395,86
144000,277694.97642522975,30
144500,222202.71691580076,27
214000,231987.22514837768,5
649000,276030.92836047226,62
257000,233410.58917398582,86
399000,216797.85960852867,86
680000,682269.0018030077,69
153000,102144.96299415258,74
271000,263144.46043301513,84
250000,210616.11483177348,30
245000,171842.51924313736,1
229500,298759.85970849765,51
932000,695021.8091573569,69
134500,156124.41117774823,74
295000,353352.5059804126,62
489000,386072.298712721,49
425000,281893.9349942776,90
470000,376036.15686896077,77
237000,283356.9480345283,71
174000,267805.7624162179,6
790000,443150.93382456456,25
300000,231212.09290259142,87
119000,110956.70034277721,37
440000,565797.9956608353,77
270000,228079.78077887653,87
469000,1025879.4547059315,90
311225,344338.2960878025,58
261250,235882.93849102774,48
315000,347961.57862786856,4
750000,635137.4381971592,87
327000,476727.3089619719,87
170000,290094.6320688402,72
65000,265424.5310857537,74
266000,339629.6697196846,71
279000,377497.2635197722,26
369000,254826.01933607465,52
442000,368974.6206568589,39
280000,204726.75034084616,36
69000,137121.48482275562,84
262500,339254.7923529637,72
136200,188520.5700845638,86
648800,1018104.738545353,22
328300,207302.2918598278,22
86000,173409.15089295956,15
69000,125185.68981534928,16
169000,165310.09513690814,55
720000,784613.9576660494,69
219000,392016.0507705656,34
375000,453114.82194201276,77
129600,254693.30137530089,37
250000,199896.4003384113,5
615000,314327.05610548484,4
191700,151943.49892517086,5
225000,206397.71511032802,91
937200,389011.0087695693,5
323000,370401.215505407,36
529000,627343.0939850836,68
281000,348942.3787513208,71
255000,234994.62390240273,43
92000,148159.31206770777,75
135000,125480.4203717776,54
1150000,1105268.104754931,69
310000,295169.04796846176,77
615000,593320.0223533703,87
528000,445061.73628391966,30
355000,313303.3792224832,32
238740,177227.2472046975,65
425000,377944.7189128534,72
238970,240595.10572397467,29
159000,242709.57088975678,45
230000,243468.56556547622,45
580000,474561.2501304664,69
233200,304612.12144823157,20
225000,289519.4640228625,71
292000,263706.6160927056,13
245000,273752.24850079947,71
358000,447159.3823019679,90
60000,66044.41649925704,78
472000,323455.8048111794,40
370000,389034.54211717326,54
313000,364704.06078367884,69
120000,89783.03770352434,84
673100,688536.2110664815,69
495000,453516.08746767795,68
165000,138071.62782410946,86
421000,405388.6859012474,51
74000,162919.32340964896,27
161570,189336.56609511367,7
220000,297761.0334306563,45
185000,262170.6454261057,88
572000,373510.62951203366,34
574000,367546.40846663323,36
205000,200781.29798632555,61
279500,307028.4108319772,19
230000,233220.51009375486,77
322400,336479.4177565735,51
225000,179435.38635553204,60
323000,202884.94447828736,4
258000,247048.9115779454,71
510000,749761.3735495809,30
224000,235594.91385683682,25
199500,117714.93064112065,81
935000,406621.5541793066,52
93075,187986.30390691676,22
386500,365840.3704324991,22
83000,66740.0705774911,37
56000,87497.72219665596,6
239000,306004.10054871795,88
490000,550911.4235144481,25
331000,473164.9504955027,68
519000,589192.4509288975,87
360000,359725.20627018856,4
392200,264533.9594969536,45
399845,309725.316455259,48
195000,313333.68835961516,60
170500,162181.2563729613,13
126250,163272.1999439575,67
235958,156674.66179251156,60
659000,926570.6851665826,45
227900,304209.0891792354,26
442000,567986.5897749052,4
173500,290409.97208610846,52
884000,805462.5976460767,91
369900,380467.9031049768,22
145999,125201.50525633039,81
320000,138769.62985000858,8
156000,205515.09919936702,15
146000,173272.97517922331,71
104650,95541.59574825403,1
48500,51658.38836960065,33
158000,135395.1508609601,29
275600,201384.95640767625,32
241000,220351.80355063255,5
252000,191496.49766725107,81
384060,356007.88581679756,36
450000,493486.7674252468,26
980000,1248507.8063993766,45
780000,440641.1461365181,87
270400,239112.4411695901,37
645000,313881.0136694809,22
322800,354105.3233650866,70
432550,578590.7676276108,58
395000,330245.7913568571,32
51000,95045.24195672524,59
315000,314286.9305948634,4
399000,289313.8391920754,71
365000,246363.22937223513,5
419000,376684.2742993332,79
201000,174462.18173625873,36
499000,476257.5162097507,87
1290000,952565.9876142521,45
104500,61264.58913385554,83
475000,579016.4676566162,90
199500,269895.40381762345,63
121000,224066.78028635436,54
590000,550370.4162203629,51
210000,226498.1416660395,36
158550,126096.81073407165,81
295000,341842.5567650406,87
159000,162408.4591440184,70
40000,93997.55650705179,70
219000,223776.90643298763,11
220500,219104.46938641916,7
297000,258826.97881107577,68
549000,421865.4012039325,68
179500,195341.07126676614,91
462000,381236.23292957107,26
599000,549016.2968707009,69
455000,454043.0328435623,69
160500,131941.30172381824,15
1290000,1195148.0089583094,45
80000,151247.67569245922,27
300000,194910.47707466804,86
366000,302214.3383430382,80
53850,75969.48948391393,81
259975,291673.4089253653,25
499000,546827.3619356834,72
232000,152615.19220574285,70
375000,215654.4842856679,62
567010,576309.9241672897,88
311000,229212.0173508847,59
189000,171195.6436914698,17
208000,233880.69470729164,46
108500,116246.86431390373,59
311500,208148.37506140352,31
155000,186132.13508569886,25
243800,137043.27040233932,15
498000,389389.31467414886,22
233550,295575.2156575076,29
414000,442486.3427590727,87
237000,373371.82672929275,88
140800,92731.63293079552,74
450000,468194.8734879115,4
221500,290441.1169272938,7
240000,187880.47619086897,77
86400,108304.09247969625,51
290000,264315.6652946544,24
239558,178263.75053688305,37
76100,112022.6870552118,50
225000,130326.91545787858,2
434000,260945.82058998753,75
650000,1062396.1532087466,87
97000,117106.8291002424,26
256000,204477.5636247021,10
997500,678151.2788677826,57
294000,406495.200243018,7
395000,394159.57437792385,26
295000,316430.8108447733,75
725000,1084881.9581142215,88
139500,119357.09837661337,53
82700,73451.22853519558,33
535500,315006.33318328834,20
289000,240030.48917967558,35
425000,325512.13009103434,66
179000,257693.3676421782,70
548000,560770.7327216575,0
390000,435602.4738399322,87
340000,207713.91920753886,4
118275,103450.87981000457,6
155000,137992.687330113,75
279000,302367.8697455903,37
199000,140078.67859650086,35
286000,234233.77367074063,5
355000,410623.86388606,21
395000,369523.80786350206,86
384000,542936.5288828925,72
370000,407860.275366029,7
135000,145628.51930248534,19
165000,241136.2624231853,71
1230000,1137345.4825786855,69
256000,226792.10484541263,22
485000,413746.5128498149,69
395162,380846.3614149511,65
380000,346823.4362792394,62
336500,288884.615287412,22
298000,253183.72682572782,30
139000,166269.83624975252,2
199000,256670.25840896738,36
105500,201147.01415693248,1
315000,365905.85833331844,70
170000,201902.91198973454,39
660000,636492.3066803243,77
270000,308439.1633138628,60
209800,195234.8669771972,26
172000,255618.57956699523,25
275000,253461.32814277784,86
312000,299088.3837201261,87
480000,751468.3730008272,69
153000,123022.02573826633,2
170000,211066.53603400107,57
129600,89880.9631557585,89
373000,353820.1383921525,45
435000,405889.8052279104,87
112350,240335.5980788757,9
463000,336233.65550950903,71
430000,288921.85231359286,26
1140000,1333090.564001902,77
192400,175414.21655752297,54
86000,216276.5668132341,52
75000,71076.33986242797,31
229950,131120.7970673091,13
169900,111368.1410009549,1
272900,733557.2753680792,80
560000,283808.0310355134,30
700000,529498.5494160305,11
194500,200613.99909624632,10
450000,575700.7365804246,17
720000,786973.0450712773,69
420000,323282.21030500164,32
267500,382750.6040301693,4
175000,196793.44198782757,7
385000,467109.8190018134,45
249000,238104.08023955082,48
199000,189998.76401875349,62
94000,325634.9776944675,10
138000,161600.80595802044,26
262500,238706.3796489095,40
99000,124432.7767660316,3
228000,238589.15415854153,7
240000,323438.86878539243,26
498200,200943.280691189,54
91840,98825.61707289459,81
58000,75494.9655500207,1
187000,122550.7870987238,13
229000,247995.78996685604,4
290000,370853.9470098589,30
885000,1205485.8606427694,69
940000,762106.6047021302,87
239000,211655.78447977296,91
1155000,813437.5268360117,72
229000,325399.76254720223,72
820000,583021.8491153847,51
45000,86477.63347384651,43
168500,480132.6751875074,21
135000,138723.66909783072,30
179000,162074.86744650596,2
240000,321302.7338095476,57
125000,132703.10788405707,26
258000,261624.55430012287,52
530400,574694.0304796045,36
269000,354138.11537312623,4
280000,320732.52593483357,86
296500,259172.46714419173,45
48000,87283.12203407325,70
128790,70547.67076314696,58
116400,141499.1146365595,54
340000,272886.1966313633,68
274000,246856.0251185827,64
270000,261457.95744558805,88
99000,154575.71394210614,14
158000,167741.5016658251,26
1260000,647188.4876400783,5
251000,177621.81137581883,55
265000,406576.9272506056,71
396000,472380.0753127997,71
605000,322785.16032612807,27
110000,121015.16603242922,70
472500,206555.07144846942,49
329000,269214.32858233125,62
274000,220591.3360741554,54
398000,1137451.6415780259,29
319000,415579.4832704764,7
261000,232451.31430983712,86
750000,597842.8098068496,69
334000,357828.52350132127,29
239177,196900.88325966647,40
170000,245732.4239160872,52
236250,315535.24203414825,27
259000,312236.3472843105,68
149000,182607.8064496673,74
244900,280212.97668123536,45
237000,262396.4518661696,86
162000,122426.99714933726,56
183500,119515.82704844675,82
236200,226283.95403237524,71
147000,148404.72943475159,37
148000,317965.3201834066,22
142250,214206.57779466765,74
365750,295527.9932094632,26
349650,397184.2696392225,91
210000,284942.7378394616,52
350000,137628.3476099127,13
379600,623890.7320430226,87
29000,29747.91934317891,24
307000,409547.31580384343,27
69500,215862.2857334327,38
230000,380810.6858620355,57
108000,326134.0465863298,53
210000,268979.79026842455,68
260000,167662.71344741556,40
174000,141356.42719979057,6
730000,632298.7798525953,10
230000,128588.03145692487,35
424999,451928.02640671853,88
84000,93001.65886888497,30
149000,259694.30907423596,42
113000,77611.49264647407,39
298000,146282.27002828373,75
169500,148305.38317298243,17
300000,287871.979311771,26
189500,219461.71212595137,25
487000,388331.5579908113,86
725000,704205.9599521456,87
140000,150158.69548372558,11
327360,473635.69833160256,91
200000,208323.97543392994,45
531500,433280.6556815135,25
163900,201742.09600067677,32
230000,313294.7271711382,4
123000,222001.3005599023,75
129900,90041.03349169933,1
395400,460965.12123788835,48
249000,280519.87007080653,77
223000,208208.62096068863,41
1449000,1501349.658568844,69
245000,230762.15173956208,37
356000,203997.1782377482,88
332000,358097.5927744466,58
320000,509716.8701540588,77
219429,282275.1529164369,60
131000,145027.11809619423,81
566500,388358.8417074396,26
279000,272990.85292313236,77
172000,146849.34065185906,75
266000,260354.76797751128,72
115590,104778.61083304243,33
256800,279094.16309373983,26
112000,84811.44410057177,48
340000,349315.0061607377,87
409000,605758.4507502522,4
915000,959492.5976212752,26
940000,787759.9634345719,90
181000,199822.60270423983,91
615000,394425.510761799,70
220500,180257.4577971294,18
157000,130196.1134361157,59
415000,337187.28736840707,45
399000,476499.1108306253,90
224000,255204.71206808827,26
198000,194817.8668179348,18
297500,379648.02623292414,71
606000,214067.38755372245,37
829000,484107.46945538634,77
229000,203860.36484559206,54
306000,301624.522739037,79
233200,234017.38683892784,15
163525,197608.39638915384,26
790000,509960.4177696511,90
169000,145063.5848634595,47
362500,370992.1476196678,25
995000,615573.9066551607,72
200000,119859.99164297285,66
846000,849276.9534719099,69
398000,328261.39008735213,39
162000,199572.75874102066,27
399000,313011.0364612722,36
156000,169293.8310387837,56
398240,194911.8156506144,13
328000,439562.63102365815,45
241040,324395.11858082167,27
1080000,685064.5307911944,45
1158000,602552.9016662249,45
448000,277043.83601409686,88
269000,262028.17311600907,51
174000,155183.8860434042,22
149000,157910.59848371995,73
133000,79967.59889509778,43
240000,245006.5668941448,26
223600,216014.83260084118,44
360000,446049.1895308833,62
269025,324688.96476758656,88
348150,295823.9110922336,82
358200,336103.5759824169,72
52000,244172.83006618053,29
1194000,669747.9476260324,69
408000,231245.46960086192,37
160400,184704.49802262377,57
309000,271375.04688969237,40
137000,177615.6004556896,77
350000,659754.1395774272,72
144450,131535.80816839827,58
327000,344061.0136750834,90
226000,241548.64763298375,4
222000,214558.53043983254,68
339200,220262.90991899988,39
618000,358725.0430470914,90
337600,182001.70450137023,29
1630000,1535772.2973577448,69
78850,94805.77309666087,47
592800,322658.3897485032,4
585000,643275.0152568734,62
396000,158294.95877861747,36
212800,182265.79178207807,77
188100,143754.850922472,76
182000,187268.91525866423,18
735000,575106.3464570168,37
315000,238836.55237627772,40
391000,857701.8705450391,30
469000,278652.32195218327,51
499000,333992.3359219005,49
265000,191286.0874413424,71
270000,276767.04582454293,79
268928,142382.21003167686,22
399000,198936.91559047747,15
76000,136979.92467413144,6
500000,423497.55132936605,87
167000,228388.18090818814,60
348150,508281.47491229617,32
108500,128440.48680297626,39
204000,215625.68425427956,26
49500,445142.70109233086,27
86000,181672.67098285197,62
1370000,763299.0605589813,87
168000,191433.32122557206,41
820000,440017.4192776302,7
460000,411853.525516506,71
975000,816297.1823618768,72
210000,215305.2703121308,25
203000,314806.58266770066,33
495000,302437.27058310376,17
163000,336381.173142535,77
165850,69723.5251607862,12
620000,446944.76563791273,87
265000,262583.9317963318,61
226000,282273.0729781828,91
221550,279651.2149912112,88
135000,118940.91374451529,77
630000,676875.5998864688,87
495600,216983.15116480514,38
155150,160519.4996670766,41
149000,177785.50811100425,1
350000,202217.05749274476,11
895000,369111.7960556004,18
501600,449972.98286662385,20
191000,233971.1546007786,62
930000,687464.0503445328,10
190000,188944.67157641554,53
89000,156746.99775267238,74
379000,177268.03067131713,9
481275,542118.8980783102,6
621600,581271.1034920906,79
435000,426507.5579109066,88
152000,157931.33050444213,40
118000,72107.73560070382,70
849900,764874.4040525139,72
111600,111410.49127663815,63
295000,303634.54203887866,22
124900,124769.42884172377,1
249000,388601.1828925361,70
649900,452024.5657716095,27
263000,376589.5397694469,13
118000,173880.60034879574,81
339900,417483.34527737024,22
740000,680385.3536357809,87
337000,280104.6393108813,86
1350000,984222.2562793071,87
53600,160006.7301128848,36
258000,438180.691044258,90
96500,89323.11721689472,74
198000,271609.23954965454,22
540000,587768.0469644322,87
147630,128899.79357561964,53
211000,176330.73147307374,17
34000,92441.2610644394,63
1525000,1175556.7193804164,87
105500,159978.86844081755,73
264400,239317.19768948312,71
280000,239052.14728466072,26
242000,198679.62469991695,70
265000,365107.8521604953,71
163000,197088.1024759218,11
359000,381888.78618603514,62
86000,93556.77038685058,80
210000,225228.88112754413,18
690000,673924.5712628393,45
157560,132585.31473134834,74
206000,155675.06451218604,49
365000,410513.3692039608,72
244600,282282.5883284921,6
399000,407842.8558180114,86
840000,651625.7044091182,87
220000,113888.22182133986,56
145900,208260.9260500391,54
189000,162895.11782922567,70
109000,80386.58004280021,56
180000,192526.72550570738,32
420000,374629.7402574691,4
109000,96132.01972481288,42
441000,178468.55412106725,77
1650000,1553896.3078804214,69
799800,936157.5139931382,87
1490000,540801.3642961187,45
995000,1024814.8703196428,69
550000,413375.6207732477,70
600000,424794.30302191165,69
358000,295631.3638875316,68
240000,224402.1142375365,88
420000,391728.5235252354,86
195300,368736.83970597014,25
669000,688754.4754471394,4
191600,266734.0673347491,20
350000,345751.1396384147,71
445000,519900.6161707028,77
81000,91208.0459130753,51
125500,125316.13772184032,26
159000,171743.60618976108,4
374000,403281.44868608046,90
158000,193627.57299359396,65
196000,156633.8881426581,15
100990,257703.4197622893,27
380000,369177.30773246085,4
288750,217915.93236444407,54
214500,187369.5405307591,11
227800,256223.80823262647,5
824000,398267.0918510894,21
207000,393697.4380281625,13
95000,174827.81530056303,12
176700,140837.4643607505,1
230000,198046.04573056003,86
467955,413582.76017791417,36
340000,343810.4462005995,4
220000,299138.6883857449,52
115000,295315.12904022785,37
653000,466973.3335178774,87
157500,203534.8961620594,24
155500,173915.95140898664,86
129999,140282.2307407005,57
330000,315843.31893710094,72
1540000,1273464.7661746938,69
495000,578873.420313006,77
380000,329934.1736054089,56
110000,66940.7502510371,56
485000,382191.712197441,87
245000,320917.3476815163,68
185000,183635.02252839133,15
376000,423437.5614109202,72
189000,172623.463464964,59
615000,719497.259089824,88
237000,217969.89320056912,77
449000,397864.69045496266,26
589000,612081.9140514384,68
232000,142913.01530590167,52
169950,202681.53736544502,36
120000,109831.92588116569,89
269000,242462.49059452463,90
258475,221592.38218989703,40
595000,396240.1717996458,17
439000,642504.4003618313,21
187000,129991.86019267178,77
139500,114065.45784075634,30
399000,503345.7591250393,21
839900,836115.3190771531,77
334000,286667.4248458999,77
1031000,1212012.844507703,77
255000,255472.8172943299,87
890000,733890.5555221436,69
475000,683955.7067589398,62
787500,683986.2732055198,87
292000,320869.05794443615,5
369000,225311.50629067174,91
415000,436737.34008618386,71
99000,360971.46655668295,24
289000,348163.43796649657,26
199900,291031.6454976177,22
769000,419202.9044640729,72
178500,200648.38117662483,64
283000,280851.4920773149,7
177065,167202.79626108453,88
335000,295170.676552342,72
1250000,812109.7911421316,45
730000,726095.046100717,26
502000,418076.4092866772,4
417000,343370.2146378998,26
225000,149383.88946875144,26
148000,151581.0832572533,54
195000,305257.07828679547,86
115000,87588.4704559406,3
142000,186005.97729865657,80
740000,448125.1314026158,87
271000,344382.77881275496,22
189000,188292.59070631882,71
720000,491229.65907320374,57
225000,225947.78017949584,78
326000,257304.55173564205,11
173800,98313.92877859727,80
325000,563254.1498268376,72
430500,248548.67476240228,17
148000,394567.5868852248,45
363965,331449.6951531158,6
515000,619824.7415140619,87
163000,136453.10947090862,77
360000,423838.99675435835,77
319000,442716.71449880756,87
214000,208324.099480087,52
570000,374982.5291922371,18
186375,160871.52785022877,82
530000,626158.7993578722,90
178500,317645.48370824376,22
338000,292145.29954626167,68
575000,869929.7271180059,4
249366,288454.7172539202,60
275000,458564.52389534016,4
1141400,577443.1337640417,62
285000,157960.42455055617,35
250000,199960.2030117546,22
214000,149730.20417417606,30
205000,252354.27082147822,60
183000,189228.87114708513,81
540300,427734.04495583096,90
219000,169143.03548708776,1
1495000,848369.151074015,77
55000,78227.8301433131,2
1380000,916651.4701730389,45
1350000,980949.5822167784,87
834000,235701.08078532704,68
318000,497717.7250194099,90
290000,241339.77282839714,26
317000,338979.0155486323,69
398000,222766.2328864518,62
64800,139463.63751352325,54
308000,183281.69413997963,25
179500,90589.92236040921,64
180000,234990.3133937864,7
388000,318298.1639014849,71
614596,663656.0929174328,87
748800,663987.8003356284,26
149800,152659.9767433712,20
415000,445391.369201219,57
730000,716618.4633452646,69
339400,314939.9186556319,0
314000,353685.43711866305,79
364000,432341.2999117145,74
109500,101763.22407569176,84
589000,687052.5672920928,45
74000,60729.17451099571,64
192600,276376.0637916907,88
155000,205423.63068369235,51
241500,199310.4553944364,21
422000,288347.19542560296,49
121000,116229.20223820161,77
1180000,1233695.7032098016,69
30000,131720.15688762307,21
127900,187081.0636783995,54
120000,159079.69008793487,11
560000,641831.9706333578,90
131250,133518.81425293523,22
495000,414769.7382645464,86
376000,278667.02266497596,26
241860,312622.1973032734,75
716000,526986.6455511741,90
199000,276834.216365504,29
320000,194475.02780122202,62
315000,292161.67782952444,60
490000,224965.77234570176,6
969000,615801.3108326716,84
235000,230195.24393364866,65
468000,366825.93979009124,62
315000,270086.5677823465,88
330000,326658.4717125728,71
213000,269154.28554574127,25
509500,467957.77249023865,87
191000,244626.77021097447,2
1080000,723817.32668609,87
65000,64840.87086468072,9
227000,235230.09370854188,72
682500,764232.3244795925,45
363120,442556.5009966673,88
699000,460751.9364492984,72
244950,187233.4544411744,23
102000,293039.2918948008,22
325000,306692.0673044761,69
255000,267151.23852207203,87
93000,101018.0482307548,30
490000,464945.6012111332,86
451000,392011.94525632827,62
252000,155608.99441530855,40
56000,120122.26716807549,84
209000,155605.73355194993,2
462000,585530.9084481224,72
1260000,621035.5418179203,5
399000,420291.81859892805,68
150000,190844.7550618607,56
549000,622485.0386988936,69
310000,385471.8533809171,0
220000,112751.85030184528,26
379000,417356.858723279,71
79000,70782.25423607485,51
599900,428306.19636970095,91
530000,591966.871662089,68
132000,138949.58565465116,53
122500,102634.69869072706,42
65000,155940.30301355943,14
299000,235055.0591149064,26
318556,283841.0557817758,60
209000,180559.09418453564,24
320000,214720.1992481725,22
348000,280734.6763584527,90
384800,288098.7977476292,25
240000,351029.6837244461,88
230000,243503.6865339756,71
161000,292417.82636560214,6
291000,375205.08365303476,51
219000,275985.38391200686,58
219000,135668.60552623976,4
320000,286609.1591113234,72
1525000,985454.5055288147,87
345000,248625.4285188205,88
445000,220814.66703451678,87
570000,410263.9075986311,62
375000,443911.3584804339,48
507000,269357.9271298716,19
80000,100889.14402316425,8
235000,276987.6175604081,4
465000,512447.95590997225,69
218000,184338.0826444168,77
328000,443639.9073601973,10
855000,303147.9750291501,30
140000,264420.7371649982,24
39500,59152.08228687417,35
430000,488830.63749154034,57
845000,1371961.0460136775,23
478000,785848.9209471865,90
130000,117602.9536712629,77
103000,81972.32869647253,65
105000,60210.29059723522,12
241020,286174.94548667484,48
665000,725712.2100830394,87
56000,116679.31980744483,56
620000,580687.538015356,4
590000,482495.3119460113,25
171200,199674.5429597462,81
147000,95410.78064310848,70
88000,112024.31789301783,75
598500,500933.9521521019,26
599000,841034.1160142821,45
225000,204606.06112272711,4
292000,302700.46375824854,72
340000,385275.699023448,48
147000,159791.68823671268,71
580000,375603.0361779904,77
840000,348056.4733840118,57
245000,252546.3074841689,36
328600,175027.79421559218,86
335000,286803.0323248493,77
463000,503829.67765279295,87
371500,463132.28803685796,90
65000,162762.5127994109,8
455000,494976.20401776186,86
212000,181887.16934918286,21
449000,480057.05860480835,69
219900,310669.0598218248,36
110000,181142.23528245027,20
295000,316064.79977294995,17
219000,202360.256063573,5
970000,776833.2494848091,87
245000,263427.2210258466,26
209000,159931.63378456948,46
183750,77381.63761197479,65
168000,188446.08596016688,73
174900,212490.6631348988,8
222000,444914.94609074434,71
108000,159992.26748646024,81
214000,254449.02673505008,88
330000,361361.9892845117,45
199000,129440.0225800653,41
230000,181829.38936495263,22
341087,398935.1375041457,36
180000,175312.27822612526,11
76200,127553.64442694347,80
315000,223135.19671940585,21
410000,216819.11495100238,64
159000,159987.22641683245,54
357000,456225.8858829402,69
215000,291883.71041337185,52
173750,251283.9730351595,74
269000,228507.58702468593,86
785000,1122826.8129058364,87
291436,380104.60979783395,68
314900,258463.5732118594,26
820000,539173.4814091497,87
240000,285852.9460420085,71
292000,144602.8019561487,84
160000,158306.1836268431,26
133000,119881.38828701049,73
299000,281250.8416056655,22
75500,149875.1315969973,5
630000,504051.9990819786,72
580000,860590.5733831543,25
100000,132075.3074517961,35
65000,135100.9335121254,75
275000,224438.0126433624,38
139500,264837.92709027394,27
239000,281981.346322317,62
340000,241095.3764317083,88
162500,154313.68670589104,70
269360,189055.7179590583,48
268000,366736.8136952476,37
270000,237441.76719968786,46
65000,187493.45747915338,2
254000,225990.467587298,91
112000,313863.19622350024,7
477000,408521.79323145223,77
419000,287758.3093151521,90
229000,177762.98736139757,71
380000,117493.11751439846,26
780000,1212607.4422242448,87
225000,228220.51711494915,86
95000,75559.71740098186,46
239000,260103.3355179806,35
275000,312499.07723565307,57
362000,317780.149480162,5
230000,235791.25736297102,57
621000,364301.5322964751,7
350000,223579.94255291464,59
270000,226151.32128299167,88
250000,181192.74039609657,31
381000,307568.77940633247,72
94000,90277.35679555613,84
850000,383260.72719794133,72
342000,349382.71152323665,72
129000,203011.32103248377,6
299600,248365.9456105284,15
795000,809179.0580265525,87
399000,967984.8689150949,87
352000,478015.23868233257,87
64000,234355.89940140466,48
447000,583271.0523718757,26
1049000,934138.5948592228,62
650000,574426.1297183526,69
245000,256402.13596272172,22
142000,178652.68284527768,30
310000,352394.2858485426,25
161000,120485.3224072877,43
186700,264886.8934976373,51
249000,237767.04894057868,4
475000,662569.230028729,4
359000,402858.3866451318,77
178383,177752.4781519043,91
230000,215484.31981534098,27
73200,91391.72467395916,6
325500,281808.3695446825,15
378000,246274.41377130762,72
229000,229709.96968958856,74
29800,96243.87406437844,77
260000,482863.10820252605,34
95000,106895.22494744528,30
479000,434662.811093075,4
827000,618444.0498120972,72
285000,596186.7996260719,30
228000,238640.71878354327,25
155000,154127.022272748,51
372000,327042.7316500235,87
33000,89971.55870613399,75
799000,292725.8863392098,71
795000,590281.2802101424,77
450000,474680.84755043214,69
293000,213955.8028953597,1
143000,90020.28517692589,17
298000,282478.12829461397,36
398000,464938.6998055581,77
453000,547683.7338373457,45
380000,303068.27195284975,62
180000,169598.15855316844,2
960000,807231.5926668087,4
235000,240983.6730366061,70
435000,251629.2087703367,2
479000,479616.07450327673,87
55000,198723.5942535409,33
143000,284956.06405867677,21
36700,62678.807796665365,78
545000,262555.62340848404,72
1237113,329438.40225691034,80
470000,895248.6328475669,69
320000,221441.83253666843,88
255000,260285.3956633663,90
157000,129951.52566986052,70
617000,349028.9226207705,62
569000,445208.2185534504,90
204900,229887.7619905748,26
340000,239604.0658425831,88
146300,180260.26192801163,4
220000,251909.740386095,88
134500,145728.9605347498,76
650000,750677.0908027813,87
282000,226909.5744120807,91
231000,297905.66532221466,18
189000,174426.72473761547,71
396000,432779.5392493464,69
258475,310135.99352029676,88
330000,430583.53697932546,59
179000,230222.41224458948,52
201600,231905.9967968263,62
245000,240041.21555801746,45
349030,305538.0573037513,57
189500,195968.9943695625,77
370000,494333.3402526498,69
180000,201329.03334744094,4
158500,116708.76568971314,26
355000,212814.42306169757,45
360000,332718.5226378699,26
145000,72528.49875120979,84
390350,368913.2453250437,38
219000,138883.43523852475,84
129000,239007.47426069717,26
455000,372700.76593502844,26
436000,464882.2771888952,77
127000,193543.121775399,59
79900,105551.25274736332,70
138000,281479.9319661146,40
195000,131282.10460211698,35
90500,116944.59533245406,73
420000,587208.9254724549,87
449000,374892.75929949805,34
324000,306238.0177504613,62
249000,159917.55734177888,57
345840,397117.8844190533,27
277000,189271.91498948215,49
169000,350315.33534168784,36
345000,317697.08516386483,26
475000,394249.9834369874,22
50000,61833.49370578928,35
469000,624722.2631845938,45
499200,553096.008631786,72
399000,304312.91102954285,77
219000,192849.86164884287,77
465000,175046.86138907695,81
660000,600677.0428375336,87
465000,429012.99747470487,91
235000,166521.23489600158,2
190000,203146.75573532018,4
140000,140234.73091599933,71
147290,120415.46448666003,43
419000,345375.2538449691,52
169000,166510.21218598494,55
580000,585492.9597103675,30
116000,92889.90727637526,30
290000,199223.25856337746,66
594596,645112.1358442954,87
250000,214582.92322663713,79
99000,134000.16852722096,58
339000,292782.7453131338,88
179000,221832.9278247019,52
305000,244543.38332562073,75
140000,155763.61681587464,57
330000,399776.18717908935,62
129000,224199.00229767238,13
445000,392847.81337161275,68
108100,146292.33779075468,5
1050000,860091.52673246,87
135000,168819.94940106742,4
120000,122959.13737975451,59
296000,107851.30339946308,84
265069,235108.7501208558,4
196700,261983.47152806082,61
138000,85635.18132479525,8
419000,318682.95181732223,4
210000,210278.47759658925,63
141000,173494.0551235125,32
305000,176947.14969492843,4
80000,138041.1999206391,59
63000,120708.09271118967,53
225000,349882.6471319043,25
345500,211476.29701538675,84
94000,92066.6383637265,58
170660,348643.127937435,25
900000,782078.7624672083,77
379000,594486.4454046104,72
334000,395814.8199173194,68
82000,148065.9337871012,42
249000,384074.59652396204,72
125000,105533.07317161758,51
240000,160580.52854538572,11
77000,86071.45242106004,35
597940,377624.9648380866,18
845360,793336.9459685906,68
1280000,994534.8650865483,87
689900,709919.0913735626,77
419000,376234.91938474734,22
172000,174586.88496315465,91
130000,265789.9618742687,49
188000,347310.56610236235,70
539000,481315.13078354875,77
632000,579277.351768945,45
199000,381957.46848007984,62
326000,435910.7988500332,25
177500,121262.10648800821,49
367500,442547.4337604959,5
174900,187069.8132895457,74
310000,295044.25453437027,77
449000,333319.77642981714,26
436000,572411.8441975923,69
199500,610415.1980454252,63
129000,159012.25388148264,17
1445000,1343944.8629965347,69
203000,244389.5448321479,62
96000,123518.97319316457,59
520000,227005.39868193373,45
180000,147314.1607800568,56
304000,348587.9268453807,22
64200,128391.32215822313,29
300000,301699.09714595665,66
125700,133005.08738129004,51
466400,297356.8472304028,13
284000,292690.21956168005,21
187440,114235.96280346556,6
383000,395517.62806684664,87
122000,240085.77169316827,68
225000,287086.60071247956,77
148000,179381.80903854192,26
312000,298983.82032870426,71
329000,334103.9653765379,26
280000,501041.18586272537,4
147279,246040.57876902702,91
344510,253168.24575864366,29
695000,662979.2829385028,45
238000,224918.76541172128,20
1100000,1001132.1775949971,4
219990,357476.89617379097,45
276000,266221.72153728077,25
173000,169271.38351408954,46
699000,992750.7543834547,4
416000,362476.9166686516,87
155000,272947.62655450247,90
340000,375798.9394842857,45
227500,302466.8036290163,68
159500,193116.35149940138,24
345000,318112.9067054824,4
644000,718247.9390906955,21
299000,192875.488394037,82
170000,121856.05547314927,84
1680000,1690000.0,69
224000,152556.0736939106,35
336000,443905.3762606315,5
299000,282906.43904744554,39
88000,140653.2417193992,7
33000,76554.42865423328,81
451000,412363.87568922393,62
249000,254998.12130004348,4
237000,280262.9133141428,45
159574,137244.34127629767,40
435000,253407.88099667517,27
134000,238312.35555299642,70
195000,442909.90285341337,32
292320,279972.2430230811,7
990000,1528266.772110183,69
100000,103038.89680135678,60
175000,203225.76325591086,18
176400,211724.56647032278,30
182000,187026.76712786162,18
265000,245455.33749039046,4
1000000,453220.453924368,91
185000,287826.13392226276,11
168500,208947.47235094407,4
690000,705571.4998542591,45
282000,265808.6283115607,26
190000,280580.122734376,26
175000,258053.95777982846,27
447200,333941.30933888815,41
174000,79959.05399641847,40
153500,154828.491017596,17
499800,581937.2554700418,87
162000,161337.12697835328,59
268000,227508.2522217856,18
163800,122017.21458820402,51
465000,382330.2245539172,69
311500,282325.90949962265,77
789000,691697.4320588387,77
220000,275767.0064928836,4
184000,131652.1089505474,11
147000,168866.11749541757,71
333000,376143.65889120806,48
709200,573014.6880671046,68
1050000,427222.51453556435,22
129100,166556.26359312233,86
134000,303184.6461461578,13
187000,160824.98080485314,51
1150000,654500.9172543965,26
268000,149190.9216793418,54
719000,839593.338006733,26
185000,235520.04815980128,13
545000,633161.5238549968,62
167200,196866.9573443706,17
240000,198460.045841489,74
435000,565718.4271510952,72
335000,355308.88840655197,79
519950,446156.3321271011,36
615000,295805.78423930693,29
299000,275275.3902836994,39
934000,916392.151522093,45
96300,297887.3331802858,4
245000,315594.39794504544,72
210000,331728.14311210916,80
430000,195555.15794454768,68
399000,454780.14245924074,77
549000,269635.4249648611,61
271000,237191.87313431603,84
139950,103558.47575323147,13
570000,479552.49663529336,26
253000,187012.16451305384,39
168000,277855.49136495846,52
169000,140867.96455102117,21
176000,188874.88120648905,13
125200,294683.107945961,1
549000,385012.4668417479,30
72500,94844.6406632672,61
334000,325586.5655614454,22
243000,208474.0945637257,42
1150000,1140197.3341533507,69
715000,661823.0591720351,57
180000,178784.18072190435,38
345000,250028.55788987404,17
98400,133813.81767651162,82
560000,249676.0486224296,10
195750,148729.09489993885,2
177200,496682.97486763453,17
620000,703850.7298528521,26
239000,328292.6077072021,45
129000,288224.2675338255,15
310000,334478.4074351836,51
98000,221205.93384661197,77
94300,96791.12100222224,73
578000,585189.3097156987,77
54900,133057.56766230197,29
159500,210135.6062149093,84
92000,180757.94044879195,18
578000,324713.8854934741,77
320000,274470.19043778715,86
370000,321686.5612088598,71
370000,312993.09930564737,26
68000,89623.73967871082,12
138500,222174.5891177999,13
325000,292177.907200477,16
282000,390732.7639355722,7
232000,250089.86028575324,29
250000,279790.2240261495,52
460000,348719.79716168524,68
159000,96489.83698441571,59
29900,101542.63335015076,28
689000,803573.9304315561,54
196000,183983.92721391568,86
419000,404909.390970451,68
1160000,601838.8890191708,57
96000,401183.6641410224,36
126000,87103.65019789412,44
230000,269227.545651828,62
320000,465811.5583472252,57
206000,405591.60432714614,36
234999,223374.60215879412,31
341000,226039.2845213268,29
417000,395001.6437550043,88
249000,339605.330861785,77
166384,140227.8436733794,19
135000,151758.32122720047,77
349000,298829.24956987443,88
263000,327462.5862293783,88
112000,84847.06690023436,48
1099000,846016.013255752,87
123000,135364.20700534052,26
460000,479082.5839797285,90
260900,148721.31289804046,79
692000,369821.8554311624,32
366000,453168.16056990775,29
260000,360169.3392360247,48
89650,102078.10730833972,82
750000,700565.4515625904,69
224000,228657.84329216697,0
140000,116876.98666316384,28
129000,242921.40979840056,64
113000,156941.949446258,36
200000,202487.36632543794,54
79800,121448.16183379448,70
134490,101136.67880332634,26
249990,220470.03477870533,68
795000,1452860.6789626898,45
480000,719931.97857594,62
190000,105708.27284322583,49
422000,475186.18844401476,88
169000,212420.92411244387,11
629000,421505.379513183,26
98000,62907.73199395009,12
569000,689548.449461803,87
429900,378381.09869615495,29
289000,324931.34604951995,44
650000,645915.8134230227,4
188900,175803.10105666707,51
278000,316089.447801341,59
395000,460762.32562456984,68
346500,577444.964119102,36
296500,210855.04306758117,22
575000,623006.7099095386,72
345000,317447.4229228834,4
138000,114349.11808631597,56
134000,210163.62658002056,60
449634,344573.0100968491,36
950000,666297.8841846846,52
821000,510490.24138796865,87
219000,152347.3127359678,79
414000,490759.5131742128,77
430000,440675.5946069693,25
463000,355466.7360132807,71
479000,469984.2857844204,86
366000,332209.62944087846,71
159000,317934.77818231646,91
650000,450145.18699064996,10
218000,125260.95024723762,35
188000,400637.508586833,74
369000,256745.96068235164,56
296700,236080.8752997161,61
395070,177768.26932237952,71
262500,221249.70961937413,55
299900,311747.75541751925,36
1290000,511702.3722732082,77
256000,83855.88620476956,50
914000,554232.4577089642,90
1282000,981585.2565480197,4
370000,355037.3867090529,87
228000,242970.13560793706,77
320000,315974.6542087177,87
345000,317856.6706839768,4
619000,528519.9247579986,62
65900,122445.3551242395,39
247000,289811.5284862765,66
139500,159676.43426387123,75
376000,290336.46732742357,72
258475,311220.8838421432,88
514000,349964.42791348026,4
388000,391691.1074238932,45
100100,189302.87671094874,73
109725,72523.25579707105,29
730000,912579.6144244556,15
490000,406177.3007466309,22
468000,493208.81270107825,36
265000,306522.45310481323,27
160000,346390.8174660376,36
999500,390786.5275212367,77
385000,252073.10608655823,77
142000,155261.64455862314,71
85000,315127.86863172124,55
234000,345327.10114502726,88
172000,191773.37802915892,26
466000,523709.79206531914,86
549000,598306.379773088,22
91500,86933.66001000724,51
330000,219880.30240253,4
249000,292809.1812965661,68
538000,520734.3902697917,45
379600,303609.9996108501,6
110500,179139.97018885516,75
77000,66875.55959163254,2
292000,177254.6705666103,73
228000,140687.68276306379,22
80660,80349.25600731556,5
339000,293420.5223834428,81
515000,510722.7042503253,86
254000,273819.42323173146,60
49000,58355.37085055614,31
220000,299952.19115955883,22
139000,179348.9650857053,26
216000,187106.07944161515,67
101000,220712.53660774225,48
285500,304122.11320565216,88
259000,150365.50565689075,81
211000,357769.98742145457,15
257600,284257.96208755014,88
1285000,907383.080395474,68
180000,234910.57548849858,29
629000,325247.12118960527,5
357500,255056.2320855855,70
209048,253488.62608479202,23
59000,72959.25227460382,84
222000,253708.8454784092,88
315000,320614.1817321568,25
498000,376303.9184120624,91
697000,439886.9394701387,25
245000,351509.33144235547,86
69000,96525.93421461456,74
279000,263950.2573300098,26
155000,158791.17103372046,15
129600,89763.87264784434,6
169000,222704.57882150964,70
578000,556223.7219525401,87
267000,233900.42264243547,79
315000,369977.711631507,27
272000,222770.08648467518,26
142000,171693.50196573575,62
299500,347410.4416353748,45
379800,379147.2885099334,25
285000,143187.8207592244,65
741600,650760.3404267591,86
420000,393876.0837766027,45
112000,136229.74579536245,79
349000,531360.3494685659,87
520000,350949.82912260597,27
425000,538666.650986434,72
68000,84656.76914969062,84
40000,68850.99411345157,13
78000,67113.74216006222,3
796900,761142.1701022568,90
242000,229185.53876336582,13
234000,306859.5918448522,86
71000,117702.20742435135,64
360000,306671.4517696298,86
195000,171497.43250506205,86
291000,278264.0478954282,52
159000,131464.5381032961,79
414000,461937.26374589663,4
74000,62055.24700974515,26
54000,166306.54997952664,65
188500,185378.76961476897,5
190800,215579.91131266553,77
299000,168669.5470733079,3
325000,196107.13829330026,82
390000,309154.9958191217,11
181000,198791.8069631483,91
299000,288119.66386673244,21
145000,59271.91518825158,73
430000,469460.90646738606,57
335000,422469.1549383008,25
203000,349842.00367836526,19
262000,218416.23943745886,21
699000,751054.3012011197,87
258000,297822.07709879725,2
1400000,829890.7055363774,17
780000,736291.5266947688,69
382000,259491.7672008307,36
350000,254803.44676591142,11
173000,224881.39235481285,20
97000,103702.62901376642,70
415000,387230.8068427033,4
357000,306352.37913949706,45
224000,235365.66238234806,90
410000,453396.70801505673,69
159975,153897.0433262559,70
283500,267542.0004439949,42
303000,245676.85404688786,71
332800,258170.4142439639,65
299900,273280.980692613,29
128400,119615.35295472635,70
398000,550539.2195048343,87
630000,391679.9136697354,45
65000,249963.16393732151,59
148000,102476.82348876681,53
205000,207771.1658970758,66
889000,839338.6992800648,69
239000,297725.5232424056,62
170000,271000.9648621536,22
84990,79376.75867839441,37
327000,238195.9412944523,25
220000,166093.33003835636,65
357000,372243.5772069294,45
478400,374459.2437149412,7
147000,165510.10394581853,57
300000,255084.8697176543,77
627500,680185.5722298033,36
265000,378754.8155143822,37
28900,104446.18056589396,67
395000,283871.04123953934,26
147000,117719.61098016659,74
180000,209680.96519739137,79
372000,277694.3521941894,77
169000,222725.5634429531,71
389000,435865.25215254794,25
311000,513063.3021068157,25
199500,130199.12519953055,6
172500,159187.4372409076,52
218000,193470.10267505987,86
280000,275515.62595918286,79
209000,108155.89950903312,49
214000,233335.21641739263,4
262000,211839.80070656253,27
106500,116513.00797779912,29
229500,257533.0924455099,71
795000,830514.2010396469,69
174500,263647.35257974704,88
348500,198542.20281517445,9
123000,103028.72708361167,51
372000,435394.1878890955,90
337580,295272.54904301214,26
289000,159063.27146978021,2
258475,261414.919634468,5
344000,345907.9406533743,82
253200,328299.1673263983,88
238000,347845.12119991507,23
180200,194194.305643458,21
359000,321903.6787334581,86
350000,435001.44678593514,45
220000,130260.72985665947,43
299000,210937.26737334757,15
254000,357058.6134432973,90
270000,295115.5923083709,77
499000,393737.3599686217,22
1095000,305703.3551262561,66
621052,554808.7716697799,91
760000,697675.7290013959,69
179000,124756.61507015489,21
161120,262818.83246165526,60
625000,537353.0089053588,25
146000,148867.18121973955,40
717000,355117.40077446215,18
182000,145494.57509040157,26
880000,783762.732611555,10
210000,378008.96179728844,22
394900,339163.7530762378,26
385603,353721.9602228294,82
134000,97177.79546683046,30
350000,330785.10110358003,25
347000,405954.1580336693,26
381443,270151.24108757987,88
529900,406944.000250131,59
389000,219519.0377057201,91
561060,490212.11420974124,48
189000,201867.1430538772,77
380000,310584.7174727506,10
89000,101839.54959636979,63
95000,92750.44922942588,2
299000,301576.47409580566,71
237000,243088.40225969534,86
250000,138769.9915912027,57
198000,215172.19741907326,24
149000,288828.67678627296,54
430000,286773.94541369315,17
147000,157788.9322651059,50
365000,162635.8006166396,78
97000,158771.3087153895,70
129900,98597.34162864649,78
438000,489781.1452985025,23
292000,324290.1540513405,7
205000,266661.73270517285,71
292000,453926.045171319,49
281000,183577.25718552072,21
274500,200557.45287767178,65
257000,330088.51563195174,70
268000,282357.6178065922,54
1295000,1116539.0347009108,10
180000,205955.73308133296,64
171200,104819.84807367544,6
1350000,1195465.2136756517,45
158000,146347.5610596494,59
295000,221228.356508432,2
144500,233485.6962204327,36
260000,198088.6950159527,62
336000,311968.93574336346,8
64990,96752.84096836261,29
213000,486641.5220322449,56
1315000,641795.1251357396,45
1179200,745930.8520809119,45
152000,194325.27319230768,22
189000,201162.69117361703,75
249000,409992.67989965476,21
449900,318706.30698482983,30
72000,67934.79153530872,2
699000,410285.80662770517,90
1100000,1218374.4438191566,69
486900,393594.76545590063,22
190000,298649.50261010806,62
287000,208961.0333585723,22
93000,89325.24742315504,82
394000,428359.3123173378,77
1248000,535512.9049581344,29
379000,366022.5216667295,88
254400,286020.3114939592,39
88000,82847.01728081726,57
358000,488899.8405593578,45
473000,527399.8113274236,88
476000,605305.6055347925,32
399000,310629.5988577123,90
224000,168593.77178616019,58
585000,625498.7559139741,69
619000,606831.485520415,88
840000,681912.2742325333,2
149800,101123.84970121436,2
448000,324744.1645765384,71
103305,118367.33553198664,73
170000,140411.16393336942,73
89000,107491.47445588608,35
150000,156850.1523385039,54
214000,171698.180336239,19
714900,550396.5015816223,71
263000,204276.96126527138,71
219000,250516.3257601897,71
87800,169917.93693555004,64
399000,222229.92273297944,15
570000,474776.63488182833,4
285000,244012.95327535534,17
799000,581387.9018199878,87
450000,308116.43957359466,90
333760,238782.44599200945,25
239000,270795.9291238811,4
234000,221211.65216818973,59
142000,107195.53086447676,63
209000,176054.37926004935,75
368000,282053.5522835603,71
224000,260754.24216184285,18
299000,261710.73392290503,45
568000,332347.3609968334,2
193500,302509.8738519942,88
129300,108677.30551634391,40
253000,289362.57248086197,66
72000,85899.85925057458,21
1590000,1437022.8874539016,45
249000,295653.0634917969,52
520000,471723.051330959,72
329000,248134.50415776056,17
222000,227871.35151026785,22
110000,123037.20010023216,84
273000,339670.4903177232,26
96000,122218.65306597365,3
375000,303751.04325642367,87
549000,708933.1122200435,45
245000,224298.03368210845,71
139100,282610.34421512566,29
360000,243434.61324186856,75
250000,214185.98579611472,0
319000,279686.8189346947,4
267000,335503.88959594036,4
268000,252462.10703605818,37
992000,552291.8064245938,25
299000,420952.9281777256,62
189000,206825.42301427945,15
357000,291171.6759447352,36
135000,104491.39285455774,3
420000,265278.73367525975,72
195000,240250.3831756786,71
278000,330286.3945840716,87
420000,290620.39659436507,75
144450,166112.70229270557,72
711000,769789.1869937519,24
226000,261121.18732679292,11
284850,188994.81189094495,53
365000,380697.69282764004,45
570000,486000.7447300548,87
265000,219702.74244453284,22
239000,183306.12742193814,26
383433,319414.2382170118,22
518000,345404.73197976296,26
210000,430113.4195920147,62
85100,121250.08800525917,65
925000,427717.59450975416,88
90500,230646.6776336627,29
699000,614485.1858477701,87
145000,167486.7281338511,26
319000,301701.24338805483,77
198000,148645.4178606408,43
155000,101026.0788294869,25
274800,245366.1312175361,4
384000,463060.3324588905,26
85000,98857.85534594838,84
935000,1014915.0127890763,69
180000,229610.82464149082,52
350000,253176.16136546226,45
249000,299838.581001336,45
50000,141034.88934465844,80
85000,131579.75176808456,64
315000,320842.9121838332,72
251000,346964.0350044312,5
199000,196649.62696428323,70
259000,238314.53584531826,32
188000,142452.99614325204,51
399000,352783.0817713783,62
1195000,656735.9764471574,87
399000,355410.85808868863,45
453000,721338.3095751746,87
884000,518612.5009171477,26
330000,557941.5637976519,77
418000,233786.30687696417,62
508800,263299.4798552889,48
370000,283626.9118591471,27
215000,214280.29265517276,52
525000,514651.8940165136,62
344000,227366.99097857592,20
355000,364366.45765262755,57
100000,168152.08526037,71
177000,256939.79181278014,73
240000,294220.6030507236,48
291000,235319.69493288628,71
86000,99496.1774916137,1
328600,270251.73777874705,59
50000,122461.39260922633,84
450000,248143.90739134836,21
281000,321307.22940272227,62
249000,233584.68064374785,54
127500,144151.86841127733,79
67000,59102.02213872279,18
125390,158650.39800368104,51
355300,292649.4674967581,48
164800,226525.93153937373,36
369900,389975.7040198396,26
150000,288878.6716334012,4
236000,320485.6409151481,45
51290,44507.411320904204,63
149000,54627.26459857865,47
231000,253605.18070426153,52
280000,603384.7606770523,26
417000,279725.18087331555,25
320000,644309.5393527653,77
145000,144463.86162651022,77
40000,74596.74994803076,38
265000,420237.89218445,25
229900,264152.0967552334,91
244700,184035.91389450623,45
167000,201839.4178369392,4
279166,513220.4399978943,25
114000,102593.65584131138,8
927000,661131.6658383524,87
283500,272010.99350288033,79
1290000,1085810.3912963176,77
352000,430304.23132960266,68
310000,223639.63229247028,36
338000,391715.2534477591,26
198000,159654.11356969323,4
137500,141129.03522573132,33
28750,70931.08630985497,28
369000,333740.06159922184,18
819000,1456331.1417618883,23
220000,168437.7902888076,37
299000,468328.9718421636,77
420000,318570.8426480676,52
418000,332023.0877978324,36
275000,311368.14491560834,36
371000,500526.3446968951,52
1113000,974769.9629207421,45
115000,145517.45756931705,9
224000,246989.9208096233,77
172000,78013.78060105542,73
1520000,833666.9742321367,87
109000,125951.90515952876,49
780000,1165759.3061745944,21
222600,170848.32910449684,7
299000,369644.1821318429,71
179000,205383.8670896339,15
88000,140645.2064572374,21
209670,306206.16811616055,15
299900,237308.78387474339,61
855750,590548.3064012824,25
345000,282038.40913347004,71
166000,190147.89122301468,44
149000,149730.22830747807,29
108000,105758.046827739,26
130000,78966.84572375218,47
219000,173119.95398564398,36
339000,413836.2566812853,32
228580,182875.82065952822,29
453000,548599.8123914336,45
483000,765560.5887876655,72
60000,88153.91342069594,75
267990,606488.3008150969,25
1230000,1364802.5906023628,69
120000,132691.7265884033,54
375000,99290.34601183666,39
137000,193432.13317642242,77
394000,397475.09426873835,68
631000,547286.7632937703,87
281250,295839.93851429725,2
340000,328572.33267316764,27
1200000,444881.3282208819,45
69000,87762.60823536785,17
1100000,1066818.1206132895,69
224720,264905.30156287394,65
749000,720402.0478613465,87
173225,132219.33144122674,82
476800,367526.7739948475,36
60000,121952.69067808408,71
480000,343535.55509566073,69
435000,320821.0545813543,72
559000,512207.0992322638,75
416000,402477.79670604534,36
405000,355633.5662924514,87
215000,242806.28100584788,4
995000,1079426.1417133608,69
257000,363185.8793358828,70
239200,186230.38641717663,68
165850,197923.8427640979,4
249000,313580.5979084373,7
333000,173826.95190184904,53
239900,204950.88368889777,25
306652,415250.51565156993,27
364000,292632.37408155977,7
119840,108829.41717979156,65
162500,241953.16678762514,52
281333,287954.6372995026,91
398000,341266.7943985164,76
154100,269915.22347288876,4
30000,58564.348042145364,63
180000,403177.08672674856,60
520000,332305.0497788544,17
269670,275336.87133132253,69
106000,218583.72523168527,0
184400,174829.04878848433,91
265000,217574.53691690395,15
457000,457563.7665078238,91
299900,342054.98145789374,7
299000,314908.5928666872,45
272000,247555.71070649626,30
1039500,881781.0739796584,69
169000,240423.57472451468,72
207000,218778.90682876806,25
566500,357317.190419118,48
289000,215851.10287005533,66
472500,446702.5460329732,41
1400000,1130283.2466527708,72
199000,165178.09389897186,25
207900,224304.80253582943,10
169000,137567.10802988245,71
169373,202038.24090900028,60
49990,49238.87582569839,12
148000,142801.87711188968,40
413000,440145.79140248755,86
344850,361999.0041598865,45
468600,662603.7148681668,57
256000,175219.14489861988,77
238740,176706.21470494883,65
172950,188837.7859941764,38
299000,443610.3496321079,57
435000,310513.415414091,45
236000,143493.2187413719,56
257000,214914.51240363464,25
557500,403952.75344372494,48
445000,401025.03494765656,88
282510,287193.5952652986,69
369200,534798.0686840857,73
588000,559147.5216852534,69
1520000,717047.686598024,87
417000,279795.3991143456,25
235000,242001.5783988197,26
468000,420412.74488931894,71
940000,878661.0638187159,90
200450,219216.4586422358,70
394000,401278.0386223479,27
369000,471962.6310152922,21
36000,71350.1211134605,21
455800,524877.5608094174,13
445000,537630.5840130354,88
436000,484715.9716820361,45
55000,187323.28832944384,4
69130,84359.13863685502,38
289000,405790.10063836246,77
241500,182353.5090729748,66
80000,66780.74526597268,2
650000,486432.13233267935,48
125000,169465.4404620865,31
330200,484255.88074619224,90
155000,195043.54532735312,91
318000,273359.79486023204,56
347000,363198.2781984973,26
426000,439341.5562111641,25
409000,303197.02719746745,25
264000,133537.55889885232,42
227704,244304.90891965645,26
367500,461698.315148077,71
360000,388136.75260781636,78
339000,476115.75621905073,56
168000,280359.62602591317,71
125000,113624.50016753063,42
209400,258792.96952995242,40
388000,316031.31422279443,71
325000,501911.1726733115,30
520000,343271.0435654126,40
650000,776288.1722828125,25
192000,196113.25817323037,22
95000,147572.24419726702,30
392000,220181.1853831522,57
140000,412458.87617023464,77
212500,142066.72981380348,40
394000,339954.0870317572,77
45000,74223.03737309865,22
673000,782501.0320710125,87
283500,242635.21526671544,32
49000,130080.08322838042,1
197000,204863.7111393832,22
465000,484795.80419592594,16
369500,451689.19744119263,86
220000,204520.674320351,4
290000,368385.125621725,4
255000,288145.28174235154,87
189000,188409.24368853768,81
270400,236459.31217379836,13
399000,293163.0116363317,7
179000,278393.18516798987,36
259975,272982.4689743697,25
290000,346061.86667550664,71
341000,277777.4862721289,52
106000,108598.10575589992,74
80000,126991.25705985002,70
28000,69796.5416653168,51
375000,315568.9907510737,72
30000,64049.30942376926,2
730000,458485.9527495064,62
241500,223486.23963051153,4
537600,500154.30043451797,48
266800,122008.61047608922,29
392000,194857.06630917505,66
515500,902483.7847952961,71
273000,161522.43422502853,75
124000,169761.72725551864,73
61050,56956.82425898707,65
149000,178219.48610825057,18
222600,79261.26489197416,63
720000,317680.35391757987,54
884000,661927.9999007579,91
346500,185460.5924162831,80
447900,364607.6031844862,26
650000,384417.8104553563,77
299000,241485.9007477698,52
222600,288965.7909654611,4
740000,546685.2043399815,87
77200,105335.09175759583,51
119000,189401.80556399142,51
201500,181011.30234439898,26
300000,256774.77784969463,57
350000,252388.40831818545,22
188000,223532.75592809782,43
420000,545742.4475886682,87
198500,130248.58276974657,8
250000,242897.24913031617,36
99500,117814.29286536553,52
165000,185036.6154719745,57
1050000,553622.2928252221,57
354165,255384.6262884826,34
165000,194898.3860728657,49
204000,151647.88530788056,35
190000,205809.1429232885,6
824000,779610.8893538747,87
675000,583345.92581452,87
99000,113058.42262681903,79
135000,171152.84033031546,4
95000,117135.19182747025,50
212000,177882.70351071574,22
391000,358036.6265748762,72
73000,81343.04857324631,17
320000,317742.62617296237,54
193500,252740.48190393753,41
120000,192472.67907495948,54
95000,237573.002926636,14
545800,280517.7937812143,82
275070,281484.23088389786,36
349900,322557.14566854347,5
415000,479156.65309414925,79
282000,265908.3041872196,6
719000,678240.1345042322,87
750000,681609.3309623068,87
318000,250094.0040357075,15
745200,613678.7634674967,25
161850,164086.8654465396,20
269000,255039.69566796173,32
1230000,1034060.2205460025,31
101990,134693.41113707077,79
550000,282900.4852773546,22
237000,238196.94868627845,68
250000,176057.81557700539,4
220000,234865.30878822392,4
490000,1055828.6099311712,45
686400,439235.1341347947,17
420390,453175.59098907554,48
282000,300426.5923479041,22
549000,383135.1379065781,45
179000,154849.66495746994,1
302000,302660.3021750946,7
77000,95995.93060431289,51
216900,315116.4766463069,90
624000,602010.2051404894,34
1150000,713455.74755588,62
299000,233681.03269163406,77
795000,1085419.0215076273,62
288500,342455.74154262326,37
313900,262981.1658755687,51
540000,368356.65357132535,26
763000,1139691.5622910478,5
610000,415170.4342807746,22
665000,691260.6156231229,45
785000,383672.99463992484,30
399900,328251.0796698135,60
159750,207266.68256869836,70
367500,519566.02556893486,26
128000,235019.65755956178,57
452000,461057.6310611266,7
720000,762735.9444069874,69
590000,395158.860447772,72
275000,233930.17808732725,36
290125,387128.0779471861,90
449900,341403.29010163696,40
650000,585561.5462923928,25
1020000,688735.3751853318,87
79000,547609.2510057441,48
360000,352547.1799975663,45
975000,492973.6449042188,72
315000,166513.58084807702,59
350000,372504.03509299865,11
123000,154755.3081589448,52
159000,229996.7579890139,79
900000,953683.2335976998,69
598000,472050.558214106,4
309000,232988.87025285262,17
330000,361071.0548305126,90
175000,117240.01214558787,65
630000,757795.629195006,77
1040000,735266.534874591,68
266000,228052.1085969899,68
149000,211113.03894570706,62
270000,419651.57096673787,77
269880,354202.9065634628,36
249000,168900.41849305085,45
426350,423368.44430339325,36
1200000,704989.6946478556,45
325500,230792.11867049258,7
799000,971918.0443518319,69
209000,258231.72566850198,48
319500,408298.56041927246,25
200000,197448.36975926947,40
148000,330023.05060326715,40
1470000,913591.7367005188,77
256000,257849.6088890657,45
210000,191558.37067348798,88
259975,270840.14848321915,25
700000,665447.2069401176,71
320000,573168.1420239216,25
449000,416756.18887714203,21
255000,218323.10831352673,22
300000,220111.5209204776,52
990000,1508140.5967296273,69
124000,122539.54565939505,61
157000,198483.61774991258,89
109000,183520.56065671693,50
34000,61358.818627749795,75
226900,247396.77199166227,62
494000,285856.80765039194,7
360000,441265.1379126625,22
228000,200810.34365822232,91
276500,289261.36852102174,27
48000,70213.73468017779,65
61000,94169.82881196206,3
113400,203869.47094851866,4
245000,290237.2193100534,77
520000,384147.4114257708,15
79900,104085.34254001467,15
126000,93877.01773659352,76
213000,281868.03037517663,17
195800,112125.16065635183,65
430000,499000.2444962499,72
163000,290851.44245911407,4
244000,227273.56888595596,71
428000,238391.7368713615,71
30000,50207.14434495532,50
392000,382066.3585623853,7
120000,196565.33227774227,4
288000,308109.10923229577,88
375000,519901.3597906339,32
157500,153542.80375698552,37
279000,356726.41411591583,45
535600,355700.16521638114,13
915000,1023838.2078209994,87
262000,127187.79682573922,82
645000,639938.8280991394,87
182500,222759.25356969587,41
169000,189973.13853683523,22
415360,500025.5728773949,90
249000,242717.6758281521,13
1495000,1279823.5050056227,87
64000,98972.30307979447,73
509500,293702.9000042413,46
619000,522779.43666380807,71
273000,163696.82898077424,81
590000,601529.0139411154,69
980000,812897.7219149863,4
80000,78606.5472739035,31
494400,419406.0009947535,48
279000,337471.683803329,79
232100,167470.32692379644,18
116500,150770.64018032578,52
63000,138423.81019659564,75
402000,426718.214684973,27
243800,212107.42236451825,25
320000,358801.82371571485,88
414000,317469.289403863,72
1150000,987814.076253264,69
660000,208842.33178681368,64
939000,603207.143479237,25
319000,156792.4890395039,56
415000,538133.795946508,77
936000,422044.36882273934,87
445000,444424.6340668328,69
87499,141864.89928109583,83
345000,215210.33081714864,75
188000,148891.28677262316,1
1100000,1031416.1302648648,69
268000,220302.02834769906,27
728000,377935.8875993907,7
232100,113993.326888609,13
167000,237569.24665484522,12
101200,138431.46306095558,21
369000,378753.1088670878,4
372000,778459.6873886207,71
289000,276882.18496285006,45
700000,455504.65757719136,7
222600,266638.19935805385,6
995000,622334.2019587787,62
48825,79835.34742474923,65
460000,880119.0963462337,69
127500,143654.93019757062,89
342000,432206.2784032824,45
107000,85910.0629248008,43
649000,498540.2335730159,87
118800,151279.22574752133,26
325000,358130.2496439551,7
184975,330352.382608371,36
226500,213128.5330511101,71
202000,147784.84347440043,51
76000,84328.87387427266,52
315000,258908.99553610326,4
181050,139278.2896329575,22
153000,204752.0691145069,91
163000,197405.98265695965,5
60000,208989.891103135,55
273000,384471.800475942,5
299000,396133.82615645736,83
399000,263660.3778201042,90
250000,251647.16786677064,46
291000,305787.4005728416,18
254000,363092.5084572604,62
460000,505886.27974506794,72
935000,668785.6829159823,87
634400,576354.8848038755,12
312000,717328.8066158813,34
520000,312334.15460240294,74
275000,315327.9460388825,75
300000,132143.07040409965,3
520000,357567.9118172871,87
180000,144198.70240848095,22
135000,169982.54736772488,36
249900,289782.77979266224,90
710580,533575.9273603932,25
315000,180520.8654422421,13
285000,222190.6389844128,2
157000,184097.14183540185,51
453000,273707.60241016693,10
699000,630306.7356543202,90
34000,53899.57636983111,84
273000,316033.33758612943,52
388500,341991.4150852837,25
549000,437603.82705208403,77
225000,310015.72919934086,51
236000,324882.1869313166,71
196000,214708.4403687654,86
481200,289819.1523170736,88
112000,149392.23440370162,70
84000,99889.98233775207,26
413800,295167.1843412219,86
209500,257574.47946929926,21
845000,965954.4283330165,69
378000,408288.1102727471,90
297000,291070.83072978107,71
380000,322067.0858772204,4
135000,222207.90010465914,67
927000,1054039.5638399986,69
256000,157655.2455825063,2
369900,383335.28275405476,22
153500,175614.0374419868,0
110250,101275.22243273242,22
269000,264963.6887594872,91
636000,638087.0099276069,45
416500,386685.7843400578,39
210000,166653.34400056396,72
705000,851567.6785996115,69
259000,224214.79311468272,7
340000,379074.077942778,71
200000,201171.89067705328,86
309750,207398.46510437827,27
110000,167670.97828445482,45
208000,220683.5326975307,70
299000,350983.47831389273,4
613000,442252.97025530617,60
260000,203552.67190841763,57
611325,491884.84284570237,25
86000,80889.07188466728,12
252280,181658.6293174255,25
590000,337567.00957515877,31
445000,472833.0878533422,25
363000,489530.751068831,69
148000,154010.77775848642,88
1260000,1546930.916810142,5
151500,159802.06770848588,51
210000,281265.50318598596,4
292000,238513.67947103493,6
415000,284953.24202765356,2
202000,186991.42674525751,57
259000,191072.33753403008,86
662000,620961.9542440154,87
436000,214594.02661682302,71
699000,831015.2194413005,79
278000,330496.1402615832,30
260000,232778.57332905717,45
255000,221454.0296742175,72
149800,95039.41373407164,6
68900,92042.58458963309,61
995000,813344.5068170989,72
189840,144314.3077707511,42
178295,244810.66717670247,5
449900,491997.6622257867,72
303000,287768.53565241344,26
450000,455191.8562171042,10
552000,543198.8822135904,62
295000,345509.0093909394,25
429900,404674.90280781296,45
145000,343059.2487781434,88
209000,223392.82599754757,19
749000,589866.2041360086,62
299900,302254.84998623433,91
281000,314425.7621404801,91
265000,251369.265250393,58
750000,550585.9076790867,25
339200,417056.96048415086,8
97000,169997.5226244162,84
675000,953407.6375783609,87
750000,648636.6144351417,87
275600,206300.74369169504,26
339710,276730.4530561471,71
1590000,535226.3385563457,45
661350,539635.2195445014,51
142000,168219.76043332953,71
275600,267976.08443478687,6
255000,271671.2605587068,17
172000,162597.9998776314,4
124000,219927.18911634115,0
279000,181683.90597416103,35
860000,738607.8967046185,69
118800,228210.75273504353,48
332700,254217.0442292943,84
998000,446478.8957608222,81
76000,87385.0297859156,73
439000,278297.91169443686,91
194000,81779.53823855608,33
1100000,990903.9551866521,77
426000,241389.5094823777,66
253400,244257.27503969322,40
272000,171270.57531359978,9
119000,123656.30506671885,12
650000,700234.7237153105,68
322700,244959.45655507734,27
413000,378190.3391480985,71
969000,1283944.7041710676,72
276000,269714.92564651725,48
115000,137095.24793258862,21
89500,161433.20053500813,84
367000,195651.06383973724,37
205000,210837.7429719963,46
230000,171779.3309261031,46
979000,474012.47774197,4
203415,175566.5128984064,7
269000,380488.9813168692,45
175725,115903.59899262823,53
325000,303177.06875384686,10
174000,202376.62217546662,47
237000,187654.7363451618,52
116500,117518.13652124035,74
286200,297758.436703291,20
307400,188865.61292564846,13
164000,152796.75068991867,49
298000,202275.8854934972,68
426000,463903.7155677137,52
89900,149423.19300078714,54
198500,213601.4327089608,52
272480,220748.74397254313,27
1030000,1250141.4063411807,69
728000,504219.2773788085,62
1150000,1240550.722989309,69
490000,359928.4207950613,91
312000,279103.93296474457,48
336000,204708.961856384,76
890000,623269.0007831713,90
318000,250247.9750859074,22
181125,143481.14558960538,80
203500,204290.172580175,74
587000,480280.22411779815,91
197025,133156.02112980667,15
550000,599127.3646845631,87
546500,448959.73568256275,27
118750,81106.065590165,29
389000,301521.2762467455,87
89000,130373.61574315758,70
96600,188123.7538957261,59
450000,425365.3859879646,25
95000,86825.6145202749,75
785000,636971.8983976672,22
287000,451327.90975413215,37
599000,405968.4891791666,90
480000,475315.87927672267,87
399500,238798.14500995624,39
884000,655548.076968226,21
496000,378539.50585746084,45
180000,197350.53382543282,71
372000,393173.1765201679,86
355300,276011.0220646568,40
213000,211719.82146932185,26
462800,422578.01007219433,22
274000,239602.21546681112,71
550000,710662.6876483505,26
469000,293467.28187712806,62
218325,249273.18047821254,29
625000,623662.6993257911,72
1040000,1264225.2390730968,69
264000,291904.5760212299,52
96500,83490.71363448762,84
425000,282137.634471854,7
75000,112869.0658395009,17
166000,205854.0544785573,45
656910,274521.9666924982,79
204000,236133.8045463917,91
759400,436379.0274964204,26
113400,171231.75257231813,49
580000,826450.178318104,77
149000,130101.28368411616,15
315000,276129.7288756972,40
130000,202850.39806450182,21
187000,211072.6423223063,6
505000,528687.2567938423,87
570000,606785.2838205904,87
148820,156008.46707972474,70
186560,211141.06139661072,26
213000,129344.316300539,15
305000,279785.8037534263,25
276500,329436.6388310063,5
775000,866595.9267255997,88
213000,228029.89230020833,25
147500,94413.5415952011,51
795000,1018824.2335331774,90
255000,319300.72799383145,87
350000,297867.46206802933,27
243000,144437.80791451116,70
830000,575328.523563575,87
139500,106948.60336138365,77
218000,152203.1189804633,25
434000,333118.0982606586,51
570000,424493.0449634289,5
340260,323445.57550084003,26
230000,620822.3205542882,89
321000,221818.37793629925,4
148900,276166.42435491784,44
75000,77809.9324854943,74
386000,299876.67605615,5
123700,102654.46293166271,53
158000,159520.06434384052,28
179900,231550.57300898028,62
390000,543749.6015502134,69
149500,153042.83529356858,62
254000,312370.1726796426,36
136500,113378.87217422247,37
1260000,292040.9725812063,66
453000,410888.44441032107,38
1500000,1094719.7999240514,45
1214000,953937.8139903567,69
146800,136266.50723735458,34
277000,297921.82298161945,90
88000,277926.76553040626,25
372000,352333.901857172,86
689000,728495.2029709367,88
250000,282762.22698513686,29
195000,283979.697324631,21
175000,210253.42384441753,55
236000,334753.80137011263,25
795000,721325.6217871206,77
455000,459368.44583630917,69
730000,705452.1651327682,87
163000,153948.49457520247,70
243800,227354.6822822224,74
177500,215965.06120866607,1
242000,220621.40568002893,40
340000,311440.75283506,30
65000,144239.25208899862,56
430000,383869.8219674105,86
507000,654403.1523685079,87
80990,50440.55361034994,28
252000,353137.12657035125,40
149000,141028.56473680845,26
139700,192450.4428333286,7
266000,202772.61947011607,51
549500,347628.8335815915,22
127000,240992.29789261965,41
616000,428244.4939868133,51
350900,266590.612077133,88
250000,225383.50456839954,75
206700,217199.6231084922,71
370000,433097.3080215544,68
630000,452111.2301021196,70
226000,199222.22405095844,27
95000,64579.321574681024,85
179000,283016.249779139,35
575000,636048.3859696195,69
550000,244365.49422640496,21
1320000,784553.4289983592,77
455000,387454.0828525181,90
799000,556689.0238471376,25
896100,856468.1339399307,77
499000,442936.56053057424,25
515000,318864.94598189526,7
549000,579981.0748548136,87
381000,382243.8937657526,88
217980,220115.82724090677,48
124500,164385.5338784599,24
233200,239386.98008498567,78
189000,164290.15973352702,73
222390,262877.28073363577,15
186600,214809.11712030857,37
365000,530122.6479496683,87
412000,286777.2233948506,71
428450,484354.0007344832,51
167000,304319.2127856328,20
195000,260744.24717626302,77
122000,134813.58569334337,42
60000,108060.74611453676,8
352000,302034.8161574462,26
340000,424263.67656934046,77
135000,190706.23865570375,88
174000,298136.0928706206,4
68000,125128.45392318629,64
110000,152918.97342837675,0
187000,150265.02731036083,17
230000,265501.53421686625,57
1424250,393814.5484503999,7
106000,319337.75951715594,13
978500,744673.7208552228,48
372000,381852.95224608836,77
579975,692641.1807987372,79
192800,180267.08295638522,60
192150,187061.47450998783,19
163500,157119.07446254333,51
136000,136024.15828488575,67
343000,337832.5550561287,26
319000,198562.15907932064,22
75000,120464.00031880029,18
161000,128484.25469483953,2
550000,642911.1605586885,87
610000,445152.7786122506,68
495000,423093.5327349409,69
399000,358908.7341893233,86
148000,244916.7230820101,70
282000,356336.49556300015,71
720000,548645.5220772746,90
377000,197280.38851129214,4
265000,362724.49893435364,55
33000,115623.79100987791,8
609000,548588.5333112018,71
425250,419503.4435195287,25
275000,229855.54462926893,15
286000,373087.29865146487,25
126100,135855.48693926536,13
149000,121142.80995089145,79
1507000,740357.6616731206,68
153000,165776.4367867767,86
362129,208730.76605883564,6
63000,80070.4721018056,21
86500,92044.77883086207,11
199000,207235.0472580039,60
346000,414794.5463724169,25
99990,150593.20966616416,36
703000,419699.63035628776,7
534438,548961.5899902378,77
238000,288099.15757220413,59
42500,87893.89858325646,81
89800,165955.9903926255,65
1552500,511737.4037590108,80
1100000,1082249.1943138745,35
284850,234387.24227659754,73
399000,352720.8786868656,69
600000,303576.23017500417,4
299000,307421.37677675555,86
467955,448425.4222094731,36
373000,335508.1482959378,52
177000,175058.1002364217,91
89000,159062.33983129924,17
189000,235685.0248338544,46
165990,389614.04575763305,72
115000,118114.48090500436,26
513000,259264.98728576253,88
799000,701043.9812766352,79
252000,302240.53075008106,77
312000,396830.16631366574,55
699000,626957.0001153958,90
222000,429636.2963021799,0
192000,141511.57621610907,57
725000,482906.0986827294,13
148400,209294.0818442174,24
650000,849495.5149820764,79
643750,343824.26654157194,27
429000,423214.0158234441,86
759800,349074.67212968407,27
139000,120030.13723658238,58
490000,574434.0951776676,49
210000,220738.24953005573,65
498720,452501.7583693807,55
439000,377029.6136865971,45
442000,427954.0223026109,87
299900,331565.05743769737,22
349800,443737.10787442,18
735000,446520.28254539124,72
55000,63595.245281610885,14
259000,470326.9143837729,52
249570,217376.05879212957,36
297700,398210.0314227031,26
720000,511690.5015376308,25
88000,115624.1118888442,26
126000,161964.52883828586,2
117000,448657.44293046155,47
179000,311820.8178030397,70
519000,395850.3551610393,36
409000,366620.9781881375,25
330000,375057.6787791351,69
425000,202378.77403830065,88
120000,164185.6064143581,62
599000,342629.6088623819,64
1630000,1584492.3203128488,45
130000,161882.56339904448,51
260000,161938.80780951784,22
344000,751682.5804161333,26
250000,345751.50158051896,6
89450,114833.78793671253,6
405000,266337.713535542,22
310000,299825.264294897,10
346000,334855.7282468869,22
284000,342083.6569687238,7
141750,106624.94799752995,22
320001,314493.8570137782,91
226500,279038.775461649,70
221500,196283.60240538736,18
309000,316836.29380647,90
1495000,1690000.0,87
169000,332652.5356935396,45
203000,236106.8391622689,51
118900,118361.72302495617,1
280000,291682.4882922361,21
420000,203060.80613780525,52
160400,183009.4541938555,23
210000,210004.1407793518,58
349000,304728.3405302276,7
280000,254846.84405168658,62
435000,465780.32660971145,68
552700,220741.7169097099,39
334400,135433.3672997503,3
158000,158905.00397833422,37
160000,179182.98924911028,25
270000,107180.34339900936,37
265000,219559.90603750185,11
623000,492708.21716365166,29
340000,380612.3521601908,25
179000,118997.75082432605,64
160500,119758.71140039213,15
48000,97678.76794776313,21
149000,116477.63996898498,49
140000,185788.72713657253,53
189000,184849.4771026427,5
259700,224360.79377809342,15
153700,175928.320712233,45
159900,217257.5019288227,44
460000,363168.2359672662,0
173000,212893.4907729331,11
223400,216845.90043243425,32
70000,105430.37499448017,43
150000,126539.81990032471,49
250000,298690.32660540275,89
106000,128232.54491270296,44
275290,147584.79448703752,71
169900,169036.59777253697,91
120000,79405.26888478672,51
375000,699896.9202818271,26
229000,232636.68754912083,72
331450,415301.7036591187,87
115990,230222.67324094407,77
682500,428400.5553716009,25
250000,206642.79292868098,30
280000,274539.32401597424,79
742000,869912.6563070696,87
485000,491462.56603254634,57
469000,475603.03556964715,71
146000,250620.887270697,71
380000,298325.7522794371,26
232000,146629.21446193042,9
321775,303600.37534349336,7
227000,318251.1847142005,45
384000,362689.09261117177,71
278000,224392.64074291362,46
330000,315239.564553444,36
133000,224237.36113379913,20
547000,601378.9492920599,62
116000,87519.25049323031,51
352000,324205.4509235694,62
146490,158718.92633273016,40
362000,185257.78060246294,2
139100,113586.60684607101,73
382000,349526.4422253371,87
189000,175367.67151718316,33
159000,237319.7394391059,86
499000,800031.1669407217,77
495000,347544.27264684904,72
565000,492795.5271617328,45
174000,134220.82890514738,74
472900,389195.4458194824,90
224000,338271.41429668997,64
212869,266056.7874979794,4
193000,231506.6616335641,27
220000,262036.70789843958,52
315000,244672.9393132691,11
590000,521028.070318934,77
352000,325266.18677208805,4
1330000,1095973.971109377,91
194000,156191.33380544692,44
127000,179340.11413772733,37
107500,86396.37142533323,33
588000,568951.9493357025,69
332000,307544.1047506529,71
120000,162447.7994638141,80
239000,339168.84815740207,4
270500,259110.89751684896,21
359000,353759.94512385223,4
1390000,1156933.6340982667,69
1141400,592323.658261385,62
305000,308183.55009109975,32
99500,229402.47834305433,84
218500,167768.37144120646,26
890000,581854.7882530798,71
230000,138176.945165644,76
645000,563070.424372832,77
150700,292564.07651838334,32
125000,70280.15765021188,40
462000,506355.1964293544,52
377000,427271.5391649983,87
249600,196600.52119914631,19
159000,182579.9797151889,89
235000,183990.97553977484,56
138000,162844.78702808244,26
220000,198656.10706434568,45
265000,247108.8366520153,70
265000,395628.0713954868,49
1199000,1006226.5789125796,69
399000,361790.7752228218,57
96750,124328.11425980853,26
112590,202949.17908895615,15
137000,240860.3949941144,71
194000,264871.58412094443,90
282000,364440.0830509432,7
192000,301673.80547052156,90
495000,249023.4379767078,10
330000,188613.50686457957,30
599000,624836.1871461803,77
378000,326603.0859558272,72
65000,95945.197654781,26
238500,245881.1031498611,22
129990,127268.95716179213,1
197000,157226.9471857604,70
329175,281817.0616526106,80
75000,130931.76824639301,20
458000,395212.31650586455,45
199000,197084.90125312292,26
620000,609824.1439828885,87
240000,355316.83463201066,26
95000,98639.2557392888,82
440000,336819.48723855213,68
472000,377518.73412685556,45
255800,195530.73518325947,36
99919,60624.613801068524,73
270000,281081.5568398757,25
355300,594182.2376594334,87
179000,244554.7026172412,71
317000,215494.784197117,60
240500,412464.84020665043,77
415000,655062.7692709134,69
588000,656862.6689527233,4
425000,201483.6302332392,88
515000,440930.93256408704,70
267000,224589.6398589675,18
749000,619477.5543413182,25
206140,157312.02314154213,81
367500,196731.2440980386,84
169500,172127.00597073077,58
680000,1149591.0443146497,45
282000,362332.39403015823,21
237300,210443.66401753676,86
279900,270003.02644967096,22
370000,315714.9245128478,69
152000,150922.6847686324,8
69500,70892.03220132888,18
242200,186133.2968359891,7
157000,197471.21860257917,88
1190000,1099933.845433858,45
339000,307119.18313619646,25
197900,221935.02683270728,1
1190000,910629.1152792971,91
479000,517110.0928837027,87
55000,54005.60829389096,75
349000,411558.6925301071,45
102460,95063.01646854087,21
53000,77253.42659536267,23
170000,231532.9368738801,88
340000,435091.12554777565,79
229000,152961.8534829797,35
419689,319051.4675495759,48
285000,472778.2784318492,62
335000,258655.9885124429,60
262352,171543.08396564447,5
280000,301199.3070982402,91
565000,479325.4127455352,71
136200,73810.79204211103,81
749000,1005959.937157979,72
399000,347363.7550335625,56
679800,607013.8648236459,77
244000,284191.18721298897,25
520000,280764.0675142547,40
71000,146333.40152509673,57
437000,489271.04631249653,68
599000,391927.9160478694,68
120000,165971.16083414966,59
645000,759481.4823859746,72
132000,116388.07375634578,55
1000000,442912.8831977508,21
145000,130621.96734699137,7
794000,779967.8063236802,59
178500,164334.63177857228,39
1236000,412624.3490401803,87
1139000,966538.6636994056,87
65500,109246.69516140046,37
170000,215956.3007036132,26
360000,242192.74338386214,25
315000,217655.16751517612,62
314000,505339.3730735645,22
185000,190579.05540453558,62
154000,123228.12760056405,67
682500,271571.3212531442,4
235000,245142.46200362372,79
303000,242349.58207665803,77
316000,265555.6661448469,77
25000,76611.61584140766,48
249000,144945.45447125737,59
130000,133644.42853275745,42
291000,443370.47196733294,36
610000,579121.7191640513,69
229000,229823.06908264113,21
528000,121584.54264011796,66
223000,173588.73533223505,26
415000,408832.9684622283,91
744000,731298.3569698124,87
380000,606833.4364545714,21
139750,126120.12793167762,3
117000,137663.3361159181,7
188000,307698.2671846857,1
660000,473256.95617299166,87
217000,294539.38983278774,87
343400,327936.96230828634,0
350000,440132.0936982561,62
235000,147029.4353031756,57
416000,272673.9692407505,60
1525000,1187378.6226402137,45
210000,234653.86041106723,77
498000,284657.556689102,37
230000,157914.10753884492,37
290000,497763.5886599883,77
220000,213135.1741301478,52
690000,930541.1216152866,21
184975,331562.5503232942,36
770000,613834.5850010047,45
132500,225199.61105932624,59
85000,133726.92378853366,75
132000,265254.1651902956,84
450000,408840.5568429268,87
79000,189975.7089076004,33
140000,216317.8215422477,26
189000,149366.2833030242,15
699000,545032.5961606755,4
470000,354046.46303161024,26
363000,267709.5581237246,70
227900,208677.51297736654,22
366000,922334.3565332438,79
420000,374428.3622273936,62
391229,538944.3709552737,87
390000,304750.14632131875,46
149800,110506.8252713555,39
220000,141188.89904648435,78
192800,180136.18309819666,60
273400,257623.3476342605,80
239000,276733.4352043195,18
249700,400951.22784588055,5
580000,509055.2741587119,45
484000,271618.22482803353,40
180000,167066.35084468435,22
74500,147681.8140872122,43
420000,337964.50020612567,91
89900,120775.39770991482,51
156900,160114.43513973165,6
675000,292250.3384701142,0
275700,141728.79617657076,50
1190000,932770.4292240483,90
249000,255631.71611130002,71
89000,108757.45852466665,30
216000,340753.7527043692,70
159000,141707.32060143177,61
129000,166722.07493253995,26
495000,311753.3298001065,0
275000,173266.4856682477,45
340000,394407.4805930103,69
315000,333522.87234294444,22
275000,314240.7297048101,68
229000,297663.7146377493,10
394000,478505.5417356778,72
819000,459012.2806634342,72
167200,257206.10354436046,86
380000,305070.5642686974,48
392200,204697.00842123982,18
1680000,1690000.0,69
485000,426200.0652477255,22
170000,279172.16441034136,11
210000,205867.31910313235,2
235000,504655.9911140763,46
299000,283084.0732897102,31
110000,151941.05291555246,21
376500,443746.46081861225,87
68000,97883.70176119237,43
420000,455794.0314067807,88
385000,288071.7191262772,10
449350,395151.6502177423,25
212000,139979.9391399221,15
600780,321286.7317810129,4
336500,377401.93358485104,90
232500,210873.20426442288,24
213000,220196.80133465532,70
186000,185864.53080398252,91
159499,162915.88930135488,27
116000,117718.29997160505,26
222000,236264.15746674952,40
269000,275623.659513695,21
184000,146772.20752382907,21
119000,136302.0691892173,30
252000,222775.44372568556,62
181900,164402.9737228127,1
189000,206227.7412208627,91
143500,179609.21310265537,15
399000,328168.90447761904,72
256280,341952.0582190268,86
232000,217442.1807175248,54
220000,243022.9465344696,2
99500,93886.65729801531,19
213200,188613.10479618746,79
56000,112470.98084253063,54
590000,439065.7010774812,25
156500,158998.9926711471,15
308000,294744.9743970097,71
110000,218354.87013487174,71
200000,196974.62808542015,30
163000,166243.531418638,90
1050000,433049.30593090114,57
213200,236700.76103490763,24
294000,265569.40961175814,12
320819,256229.75553475853,36
316900,390998.50724721415,7
218500,98380.83113911591,21
445000,526149.425412206,62
309900,361615.49452837964,27
373000,345922.23598945054,70
544000,582788.5339857426,72
265000,208264.15010495594,62
362000,349177.04373121617,71
379000,271315.47963859147,26
385000,315451.36392851715,80
859000,1087622.5499983642,33
214000,253145.63681749834,71
313900,397617.9366984512,22
645000,624858.9329485567,69
178000,196937.5832210755,25
323000,178925.17536677138,37
998000,952559.1371500725,69
728000,408422.1949210741,68
251895,222782.7569817724,18
380000,340402.195693232,45
1592000,810374.56237516,77
191000,235922.9959329606,88
199571,170517.53622014314,4
430000,559622.536209584,90
141500,152303.5998769599,35
127000,128394.84220901983,21
335874,419198.76632730634,10
430000,547226.8294816669,90
220000,125730.93139927615,80
173250,132517.19599395315,24
199000,154643.97348316872,70
182796,162603.19476785292,79
238000,187363.87570531713,86
111800,109905.88094600917,59
530000,355715.3313853994,78
115206,64977.76554865342,58
320000,101551.11228924974,81
415000,196533.820988342,75
141700,193074.53847160694,58
189000,273040.26247590635,21
315000,419996.5720769139,25
155000,255019.93426517973,30
285000,261095.62381608968,30
300000,325158.7254648792,72
163000,145346.81599033892,40
299000,325660.6692142927,70
174735,243898.6071368898,48
216000,286188.9114714632,25
287000,230150.8544091468,44
599000,259177.8701690146,82
664500,424785.6920689285,4
740000,980786.0687136631,45
277500,625212.1442162229,26
171000,199207.90849195386,52
364000,389121.0436309304,77
352000,336092.1984713314,57
153000,223685.31504472386,77
383000,314474.7410001099,87
146990,158460.10218145812,52
63000,139098.6050633552,75
440000,255529.224282734,30
390000,419458.260949334,22
159000,119561.06720099843,50
399000,332441.32669867185,22
483000,527136.0505335984,72
310000,293036.80697147286,87
166000,234846.65175895978,4
495000,509880.71169132536,45
159800,241613.45686119585,37
233000,416684.1994874063,24
115000,122379.2259108817,58
679000,737498.5991925636,69
365000,271522.47974867787,10
845000,365838.4753378421,7
136500,159074.83325385232,84
171200,207930.39388899034,24
125000,246856.4910204894,71
174000,272995.6876843284,10
90000,95585.99797837056,79
514000,637295.7135456788,90
500000,640462.219873515,87
336000,345036.4417907787,36
177799,235723.92309120676,5
790000,842298.3854977109,4
275000,212228.91114019454,25
261000,409371.38567446516,68
255000,326475.4994200104,51
504000,632911.1717639397,77
450000,319896.6134217924,4
150000,162233.47677224234,86
167500,198460.11005377755,15
1600000,710087.1654546682,72
137000,100581.57978605038,2
425000,311526.2770808804,26
148000,93076.26690066842,1
213000,284740.7746638385,36
249000,240602.95630124467,57
139000,114360.44748293984,17
133750,122929.81082130199,53
248000,430479.3267069902,4
208100,208928.28319849988,54
890000,482379.21958209417,39
178000,216293.24091371638,24
159760,198187.90911702334,86
990000,456411.643687834,22
313500,581375.2819304147,7
400000,331944.3684044185,72
999100,1231247.1076746376,69
259000,359778.29586927174,70
168500,171709.84937111955,37
335000,386116.6640400219,45
160500,106803.58237479907,74
1250000,821427.0814613366,87
409500,357536.12484672567,52
149250,75588.8346729957,64
133500,254746.33498372164,6
180000,216803.590843041,15
198000,138768.86033313564,71
116500,108436.36822510266,1
449000,515139.6768246194,46
167000,118703.42962680932,37
162000,155006.02364717567,35
168000,182840.26385186712,72
136590,136236.62683835605,5
466000,351987.8035053336,25
158000,161155.5068617001,51
623000,667704.5889996013,4
720000,481897.9982805398,87
305000,267898.35021115653,70
154425,148781.79518679547,91
234000,375235.85596542555,22
215000,107448.63509973571,50
49900,37651.795676204056,75
629000,526938.0840347513,62
740000,849946.367283937,77
574000,243640.29618804704,17
183000,142068.54702543712,6
203000,177670.9812409281,19
1210000,724149.9477891593,26
279900,219620.9946362212,40
320000,442653.6615789089,45
203000,240888.1357251167,88
356000,237340.3903109013,54
320000,177867.93199244933,49
82000,188626.5079713897,21
320000,244304.52920273456,22
209000,260202.38453390868,23
396522,422756.7042625847,26
295000,391431.9547207377,74
290000,313043.89496715687,87
208000,168114.2553449072,25
225000,317071.36859858653,88
344000,235933.05414816085,91
69990,96774.58985891487,13
169000,145884.30451066574,17
279000,368254.5160370854,19
172000,158675.4008817682,77
158000,221517.41380044026,74
345000,346443.0048434783,72
199800,208305.07605855068,7
172000,324837.95455730153,4
199000,176228.64892257276,49
195000,193632.5560151403,86
698500,562768.3986987928,90
160500,98462.3125305083,25
750000,523521.2838239784,75
177000,101485.01229392641,50
1650000,685626.4201289531,77
115000,229892.42303505313,4
237000,288186.44191289885,26
540560,534456.6951648945,71
350000,232255.168699618,21
379800,245217.67813467977,29
975000,672084.109972006,45
326000,350921.06201369804,25
178500,199500.91278761826,74
386000,295527.3177774856,7
110000,201312.24555418876,31
488000,584103.1082292496,72
70000,135678.1910748019,74
152250,134711.18686490465,6
71500,97135.59429534012,21
160500,292425.5172635512,21
98000,120073.45912722882,75
219000,127636.56040354639,86
1036000,1270696.6775352655,77
414000,490230.1903436557,77
155000,121662.14953385615,74
315000,347551.45135682623,87
71500,77930.40730149827,6
247000,186156.5391997742,86
342000,269203.07154214504,0
245000,110491.02714546162,82
139000,109134.0155527362,29
248000,130532.84870647837,55
201400,197799.75218006005,70
284850,300200.0785244414,27
248500,243853.52629817155,74
196800,233263.4072631889,37
90000,79802.7986612482,19
330000,258520.80660777463,62
630000,707862.1547855423,69
840000,731651.1178776303,77
525000,450122.59754195804,72
86000,125339.35785882808,28
215000,430036.17541189736,45
257000,179971.63423457995,13
143000,242671.82666088993,54
668000,387933.47031304706,62
290000,335536.67197765945,57
181000,384518.412836889,72
185000,275376.5463616179,72
90000,146731.03773879673,31
1050000,703574.7978509283,57
940000,383746.0339177336,2
367500,490887.81948873773,25
232000,201895.09812386302,48
150000,244824.63930166225,50
699000,303412.8365000006,18
179000,138515.19467524174,34
730000,628787.9983061289,45
460000,400546.57256574504,69
520000,653465.0669794161,87
103000,115669.69525619145,25
227500,269742.4111111274,68
87000,199742.7491232056,16
139000,192660.42797796,30
306000,274185.9376515074,91
314000,278260.91062762256,0
290000,236938.82018089102,68
169500,157633.20698237466,84
202000,170405.4920402355,78
137000,125157.67765561733,84
419000,402492.56315599417,90
424300,402863.14491185755,80
398000,245754.47247802498,61
467000,337084.0986270217,71
386900,296437.7631097017,25
268928,142231.12986151033,22
213500,264341.8037384562,71
130000,168594.25958055328,85
487100,413148.09388240136,86
32000,43831.92681609019,77
287000,199071.87064604694,15
393900,478646.4161299219,90
59950,56875.56073626062,82
630000,527871.0707980082,25
88000,170614.89543242278,60
262000,366593.75452907645,84
283000,226420.63251586223,13
110990,120522.84130700675,5
198252,166683.61082943084,4
457500,584423.1254611393,25
364000,285442.1376775555,29
240000,166492.37193317714,4
199000,167659.72327647347,84
192000,213116.2483160099,26
760000,708048.6335882073,69
790400,374940.1127757725,44
115000,151475.61422223228,27
186000,90864.25892884225,51
119000,224358.307836704,88
820000,336343.6571479125,13
570000,585729.6075981657,69
160000,179259.36301035286,26
249755,265082.93846448406,18
1198000,1027806.4723763476,87
299000,363612.3378083102,68
378000,553972.4866828502,17
249000,240805.29614745203,26
235000,292588.2394215321,88
410571,502821.64656627114,87
225320,194162.3262672964,27
890000,959628.18988408,77
424000,330934.3128088748,21
96000,114087.76770109063,63
400000,225721.40010736653,80
256000,250639.15532404088,43
396000,166110.59789730457,55
70000,137203.92004671993,21
355000,425223.9704925737,22
208000,199338.58792481426,48
525000,370917.05031992967,68
240000,183499.32858736152,20
679800,283576.6526266987,36
160000,168792.01812008588,79
238970,239546.43064787192,29
529000,570267.4945014031,69
144400,89077.26969863549,38
315000,214766.60280309254,72
103000,161399.73028247146,81
164000,191208.17864758588,2
449000,357454.8586992325,86
315000,370853.29420021735,70
199000,205974.39086842438,18
64500,192141.9506606548,48
160000,179030.46922042005,26
985000,700329.685770633,68
215000,147241.3678986056,51
229000,270736.83041290636,71
175000,204326.8755146269,86
330000,357293.0635841717,71
566800,576828.7477566643,87
168000,170393.13378766915,15
282500,543521.4936420115,57
145500,198240.6695091244,30
124500,227462.08013873178,36
110000,230913.76794974506,90
149000,131447.14055192898,72
960000,625049.516424958,62
89000,143302.1546571212,21
640000,924290.575681216,69
178000,197942.6836811972,6
550000,595942.9826892517,90
298000,318971.3212085086,88
138000,128583.0061039189,26
245000,255873.58473844593,91
320000,383004.80813695194,20
225750,249767.85774801462,33
850000,1099324.000902482,69
1175000,838640.1306577709,87
146200,132678.99289503723,3
249000,254076.208279816,71
295000,324766.1324093406,59
139500,144226.67002720476,71
128000,151336.81456767872,11
159000,125473.2084947465,84
72150,209985.68740296614,78
255000,321442.52586607786,77
299000,419375.577993029,39
229000,116161.50788235472,21
221000,120185.7389994796,83
585000,564430.8009529669,69
189000,189266.84109592097,72
104860,73279.07786908204,50
999000,999122.8205354295,69
172500,242213.8068429844,89
96000,73436.1243687982,58
1070000,950813.0911199634,69
335000,245504.42794740212,4
72000,133455.57607857345,73
185000,226342.91427194639,91
150000,176103.93999680754,22
365000,373720.9131118572,52
149000,236912.74241958297,77
147000,154177.541180025,19
633000,457937.00340439175,87
380000,337438.3891769369,69
263000,126882.0789443121,66
350000,308652.3715184454,88
199000,116255.20824264635,39
702000,500630.2273928349,90
464000,412245.72010224056,71
305000,213913.01850740713,30
149800,141291.97761727477,82
305000,250682.97741559523,49
86000,115965.46227882769,4
1048000,919334.92128214,69
212000,334262.65310444304,45
344000,272542.78286216845,22
339830,275498.4041937908,71
49500,70073.64638317164,8
699000,751970.4655989765,69
49500,57853.271801482486,24
356000,397765.6193391951,36
204000,273779.2436799592,71
304000,212118.8497115237,2
240000,267872.6195397222,89
682000,630677.4026047565,87
492000,319020.62199627433,77
56000,56666.46550425008,58
741000,575463.2672634722,86
614000,529633.5004861925,87
929000,339806.0669308393,68
410000,207112.0517445179,58
215000,202872.51910936632,25
550000,262335.12804604927,11
420000,426242.72906648915,4
243000,274330.0115563347,68
199500,95764.420634707,70
158000,178399.6605422817,5
279000,190795.4862258075,66
235000,240238.94138296082,84
367000,311357.79124383355,80
261000,179280.6961708349,26
199000,253115.60363450059,52
410000,493850.06336329435,77
268000,214483.83057958676,39
380000,291204.87555189803,4
348150,255879.6311253569,76
108000,148604.76958963773,22
135000,130820.35348918119,91
555000,697373.4467427176,79
59000,598327.3729910348,69
128400,139378.92965480583,13
485000,209426.09165856018,40
553850,504088.39064363705,22
168000,138240.1985472952,4
209000,203100.3523958967,91
217000,180467.781831237,82
92000,168331.47070666042,63
435000,369234.2447094143,0
279000,285292.957500072,26
389000,282834.87483891036,72
110000,95858.29241313277,23
230370,265679.136947231,40
220000,223393.07586983574,45
99510,97769.7156462329,40
378000,491530.13029963215,69
707200,760914.8287812365,69
383000,363250.80705791054,71
314000,217234.33696074501,1
267000,236916.4802151201,52
168400,284967.43861569645,20
585000,324234.8866328323,70
219000,205861.2691198643,3
388000,426800.2229232893,36
1400000,1364916.6767353143,69
65000,105054.77757216315,41
187000,207444.0112042379,26
207500,197184.37284019528,80
74000,222486.22194115535,45
199000,227876.82646438974,2
395000,301872.1814776766,21
147900,96376.8094558832,33
294000,289200.3050870045,54
187250,209238.23267467268,39
119000,193796.35578671476,32
575000,511623.3438347766,52
159000,173689.92916646512,64
406175,310664.96666388336,48
105840,339622.53982352547,15
139000,126607.24027647235,79
235000,256383.8434835655,77
239000,191205.3362323921,18
218000,242295.7126316902,86
235000,189833.33279248702,49
510000,392988.7551276008,48
84000,133768.46114019045,26
185000,179329.6115251547,30
388000,355571.1210530247,15
368000,388489.11150350154,87
143990,263170.511916463,26
799000,681643.3036191964,26
472500,330875.02564300824,48
687000,552771.3457874685,52
219000,397622.8949379946,21
272500,209392.3843180199,29
334000,435242.7698691025,52
510000,414973.4966452536,87
230000,205005.65552780047,76
210000,167455.70245406937,17
1170000,512683.75847806496,4
215000,113463.30270054376,83
560000,446907.2788453846,68
319000,309153.52252276096,48
250000,179832.4475647308,4
285000,230285.3011329174,30
410000,585674.1462079332,26
175000,191374.75410464572,71
394900,635279.5253069039,22
300000,317036.1572831441,25
127800,108373.75861044816,73
220000,275175.12181707565,60
450000,610965.903877336,4
179000,159117.20303382337,52
834000,739519.4811144577,69
1134000,464987.7343753751,22
254400,341204.4761298106,76
52000,62158.421032927574,44
607000,593345.0674192375,87
66000,123517.16999756242,37
144000,195995.32354378674,51
82500,384902.9668432507,25
367500,157851.27546075048,13
166720,97128.29529981075,65
114000,85161.74278839276,46
359000,339721.9307714471,4
1129000,974532.5933100831,69
148600,76299.4671757441,65
130000,132479.27474318084,75
45000,189428.66309355994,71
470000,525123.7777219361,62
234800,153845.28627881058,82
265000,328959.8696114935,27
1627000,1690000.0,69
123500,209009.3070727571,5
174000,83391.27140109039,58
670000,499330.8389758165,87
355000,358474.3968086424,22
136500,119387.78514486557,89
230000,213253.25541183742,77
950000,1104418.6735604096,69
235000,160466.37871955754,28
735000,276248.00028482906,4
399000,436663.38164052326,25
295000,302298.3500816378,62
325000,314830.7637557248,4
255000,345829.7623498544,22
224000,234809.40964432407,15
183750,223985.87976196097,23
285000,321845.9996894685,22
401000,491949.9620425538,62
267267,281980.6076039607,26
330000,267256.2045690284,32
195900,227016.17116146674,48
44500,139300.20324076,54
160000,236078.631836982,77
190000,213370.47130444774,86
72000,79636.14023659324,64
515000,515872.64638157387,4
226800,423908.1277574729,42
219000,504873.662923045,22
260000,120429.13007545663,8
698000,216126.81472197408,56
299000,373306.98124870844,88
375000,373906.94116451446,79
71000,92966.29130750791,37
330000,393733.7000971692,32
251000,275686.9449308717,79
639600,751008.4078369687,69
229000,168827.51120668036,37
995000,791194.9577714796,87
728000,781859.3885212351,71
198955,234138.74889324664,27
792000,823246.6083801374,90
375000,353152.771843451,0
220000,359106.8901031009,72
65000,113471.4747142444,67
197500,157463.296760311,18
1315000,640623.05156331,45
240000,252517.134514762,22
549000,384161.02129257965,32
108500,118264.90646287071,15
95000,148593.4680752969,1
223000,239191.79472009552,25
498883,562545.4148021234,69
442000,262532.84750765667,63
1095000,899414.2166361948,69
194000,121308.06581921947,51
170500,269146.8506246115,79
400000,226459.01528626558,80
66000,45636.52923761439,39
197000,259348.0180936108,25
348500,287758.5213371048,62
186000,162972.23604737304,58
138000,137389.49554885746,13
143500,120663.59046065754,44
235000,382855.35335335595,26
156500,156079.44422010318,4
199000,142911.84708978122,18
459000,454732.08913202916,87
538000,495516.0186633411,87
136500,187631.81432725707,75
129990,212545.8286588254,51
401000,404388.7522677904,86
338000,311715.2638772378,75
676176,328693.3445157634,60
1198000,1035261.8007748578,87
57000,67605.17952176546,65
105000,110128.69627264683,17
494000,456881.22458653327,25
710000,563575.6699979187,52
265000,260229.3862677946,85
347052,350838.3946195619,4
321000,308719.94451699307,86
433000,265310.86376411945,26
96360,125537.28641768766,32
242000,235342.09058072095,88
548500,854038.4506587624,25
510000,383246.8608770984,45
1150000,1109541.9097344845,69
160500,293516.629579323,25
514000,632787.0530406707,90
259000,182760.10453865054,86
255000,295151.7415764582,45
298000,254556.76069849767,4
349000,347520.4176808042,26
340000,388905.4563853545,87
349000,463801.40960271424,25
79000,130282.01255418928,14
662000,628947.0752135672,87
459000,597507.53875078,72
350000,129585.57705412946,67
830000,745426.2582220769,90
290000,362679.60130347376,30
146000,104681.55699999451,73
75990,96058.91828862422,2
96500,133998.99817010335,26
136000,98787.45162226992,1
168000,294886.498562966,59
278000,205038.60660218366,81
169000,291174.71922414337,45
68000,205305.48703249855,47
350000,343411.1078621697,87
338000,315033.0345934138,71
157000,145327.58802897012,33
218000,263693.4770114777,88
913000,951687.0748596028,69
386250,485914.04985274153,36
78500,127676.79311967813,26
175000,205737.31262001226,18
96000,128496.2911180105,51
50000,75189.87461629744,26
997500,897446.5437167329,23
95000,300583.93449083023,60
459000,423248.5365342758,22
147000,151881.85178928438,26
430000,318597.54165952257,87
208000,350380.3051489505,26
215000,108263.72365316092,59
160000,246722.59844302884,71
174000,138443.59205597176,72
309000,374524.46311648557,22
270000,284193.9920110966,71
336000,186760.390506766,86
462000,364816.73438279174,72
199900,223381.50117234676,72
938000,375187.18351820594,7
682500,374136.4154824617,15
649000,418526.6125155197,26
650000,899799.3331740886,69
290000,249196.90137560116,25
152000,134535.82208287864,74
80000,107655.75672126762,6
338000,343584.6117365774,68
147000,185325.85024394485,4
376000,322702.9102506748,59
369000,319209.7048417179,26
595000,308334.1564734505,7
199900,163556.416802042,61
431500,387629.7349804325,36
599000,323365.35210250155,18
1140000,618638.1007884743,62
443000,526183.9388077636,71
279000,301310.2258839388,21
265000,271011.231259507,26
245500,220546.47681343957,21
349900,427019.3005853844,5
449500,552072.6028068103,77
360000,254727.246549028,84
430000,392317.19142642245,68
178000,226857.9781275961,71
228000,276137.8252485358,77
55000,159405.79186702028,32
208000,222355.93987122932,71
275000,230578.10320939898,79
757000,965284.3648668664,59
634400,576148.5827853957,77
599000,413687.49903546105,62
137500,216452.1264743485,20
440000,389143.8708467281,45
625000,627533.5252963552,87
210000,195920.90085891966,88
339000,396674.6600492851,91
135000,112293.17973258691,11
92000,88625.64028934659,2
172000,325165.08363248967,4
146000,75154.97437506118,49
1230000,1389729.1664356512,69
69000,83756.48611363482,2
1110000,1231609.010794871,45
96400,173872.73689070286,6
292000,248148.51454830024,37
144000,192248.31693912073,2
408000,292404.9848349762,79
990000,754925.6604343381,69
908000,610344.2283993821,87
524000,759465.3054200152,79
370000,203995.64791164044,33
215000,207723.36113064585,46
399000,423381.69102651253,25
350000,511735.8309769789,10
359000,619721.7157711727,87
109000,169295.85816587324,17
228000,238381.6709410492,52
472172,247144.11471645135,65
449000,467954.9163169426,70
175000,136618.03658471617,57
86000,183807.01911377377,38
276000,322792.06209847296,73
245000,291550.5225921028,54
199000,177609.38529992796,35
71000,149015.91036607922,8
470000,407205.4372678158,86
379000,376102.29996557266,72
159500,137754.28624934275,22
1082000,951280.9683135748,69
157500,237330.15212372335,80
384000,456205.97561969137,90
700000,660853.243426244,87
419000,544725.2488167243,72
299000,417092.2020827236,62
318000,252897.66402757328,25
165000,179690.65430342624,55
490000,443946.35556943,45
288000,328210.10435264354,4
169990,259964.6351415113,6
299000,509650.92783161165,71
600000,546850.6120533635,48
270000,311470.04058151186,90
207601,271962.93549496005,4
162000,120606.99469552036,77
490000,399825.1743643401,69
230000,261648.79655193537,91
380000,417035.8828881114,68
1635000,607833.6346163148,72
199990,187679.89427706064,7
246800,178950.51686847952,80
1080000,684667.5262312726,87
455000,385747.2360959189,90
327000,253192.6690532692,7
231000,190900.22621784074,36
121000,117171.88565598495,17
184000,211503.66764444835,13
56000,71559.76517467851,3
1150000,936983.3059533896,62
699000,556772.5426965571,4
304500,139122.88891335155,36
339900,452675.64211035654,21
242000,261316.56244451395,86
410000,343613.4128330143,49
565110,509025.35078458313,72
360000,308748.28485346696,70
144000,118141.93007088057,23
139000,95513.22494918678,17
183000,231559.6088150852,22
270000,304604.4338968913,19
149000,96996.30318098614,77
262500,286027.5323345713,2
181000,235553.5205230094,75
454000,296214.2006870387,33
292000,309664.30652861646,52
436000,445402.1220762832,45
152500,179473.85300046735,81
177500,145222.22211520516,86
188000,98908.10752128085,21
266500,280828.30996722385,5
465000,485651.3246351186,16
159000,325207.03326980525,64
280900,412171.07591418497,26
407000,307253.9165559907,87
590000,513815.7872666715,71
267800,387332.5963678848,36
262000,215545.3018582258,9
349000,417055.23365670536,68
1530000,707258.8841819002,4
449000,487329.2468422238,23
735000,771199.1922152325,69
149500,127555.4658839177,58
179000,183147.36454329858,18
139750,108791.09889567674,29
600000,417393.02476133936,25
274000,285839.97416186146,70
275600,230862.49464416492,13
416000,402999.03895719734,36
720000,963261.2340748474,79
155000,184579.21745808655,28
795500,423208.28464563383,7
105000,144574.66877322877,13
235000,176095.94840618665,29
149000,177158.32501711612,71
365000,363850.9789252794,52
828000,305945.8619897486,20
297000,167598.9946938017,26
45000,79045.2519163211,53
990000,620213.4708406259,69
717600,663188.1391888101,36
220900,237265.6032512571,4
141000,229849.57419621618,22
94000,98018.58276530461,53
749000,565274.5926635794,90
280000,313037.3728575538,90
196230,347545.75129491935,33
645900,657031.7848270065,77
320000,350328.1732721018,49
138000,239773.56988044697,42
250000,255050.36836505553,25
268500,270735.11929299956,26
382000,302716.0613042567,87
249900,197669.45622897244,15
649000,741577.1534977019,87
418000,390748.50353317586,7
228000,177106.20554200423,26
563000,563092.919731453,69
279900,319381.3741637543,52
118800,101260.9357889688,82
60000,191289.78707485783,63
322400,273397.27946843044,26
209200,182547.21895776998,34
180000,204810.61626859978,64
249000,263583.918276008,25
289500,395971.7852702111,71
229000,207955.0271130554,24
600780,309876.62827105226,4
90000,80910.64262709502,49
184000,229937.36254204338,70
315000,493403.0889406702,72
525000,742827.9312090648,87
90000,127278.30149791995,4
166000,217269.46658623908,33
706000,317754.93761562946,36
109000,106769.58654255614,56
138000,122980.7821853606,70
109900,239576.92904778285,4
1145800,471948.7807346268,33
490000,486325.23338427715,87
245000,203008.03238547916,86
218400,251630.79505724052,27
355000,415967.8979253126,88
550000,536388.5076382073,68
213000,201750.8903596984,25
349000,350164.8480564511,77
277000,434050.22120112716,72
359000,182300.89383751107,35
385000,343964.0907801294,21
600000,590352.1160535524,87
242000,339201.5097603567,45
278250,253374.22592283995,33
180500,124704.65923494425,3
790000,926123.9261332086,23
115000,144350.60200061795,64
150000,146266.58290447018,79
114500,129858.81489803358,46
997000,709267.9453691656,77
573000,513539.0308890821,86
309000,278633.5270095285,4
280000,276041.79170437244,88
1195000,289345.88668659254,77
349000,438994.07354439993,52
229000,195755.21437521614,15
315000,220726.0374459814,0
179500,236862.78990969667,79
279900,312584.70394571614,26
193000,184721.19725343658,26
254400,211384.4695699468,39
138000,192812.87132919018,40
320000,272477.4859933152,62
211500,199531.1737768884,54
129000,218291.88443233425,23
350000,190481.7048734712,75
875000,894429.5276368418,69
169000,146136.78630541373,82
235000,175645.6716747234,29
295000,404702.12598839396,56
225000,237604.3272694704,84
80500,136677.80477387385,37
134000,188610.17575065073,55
429900,354096.53358005587,37
245000,368068.8070055624,11
110250,97863.24447616651,68
315000,561215.6698657296,66
392200,204362.23981628468,18
360459,383316.70387151925,88
159000,160838.0722305434,48
620000,449410.2607829883,26
90500,107524.58211172756,22
565000,670779.5882739909,77
1600000,1690000.0,87
127200,131487.26485754212,49
126000,183286.47683793568,40
38600,58127.79875000785,44
54000,176465.12008975583,27
440000,435431.19379254594,87
173000,165270.900240292,77
216000,238047.05842857188,80
49000,104540.75804646946,35
615000,412340.4829945815,32
146000,177550.94222538194,78
309000,344925.7469389474,80
292000,242823.10160513254,58
420000,406963.6826014391,4
405120,389312.1010228356,76
89800,150219.84443305864,65
90000,155343.88554089516,22
374900,465825.84306349565,22
245000,168926.65432743353,30
233500,215317.03386085993,18
570000,318572.36925529444,4
298000,288050.6648466678,52
268750,450187.1727717459,57
140000,330488.7912639215,77
739000,932163.5775754111,4
775000,1094063.349563559,91
191700,342536.59991248354,5
169000,136936.73091544793,79
388000,557917.9653635661,4
309000,451493.3280285207,26
128000,187613.31871673092,78
170000,199473.889292932,25
239000,265821.48439216864,77
155000,225385.33073942037,88
385000,508261.5271451263,68
325000,137824.00315025265,2
331000,459643.0874244127,75
68000,75782.0940758105,29
64500,95388.93638469322,57
525000,446654.85377496015,57
650000,431684.7106508973,90
445000,545870.620406632,90
491000,413829.6229256013,25
174000,147987.7355431673,52
651000,623512.7365516316,87
339000,269662.91754064546,66
75000,124862.29643683856,54
540000,258938.51645921974,26
166000,247666.76926453842,30
392000,297159.28127368196,77
710000,536253.1760319001,21
172000,199364.80117177975,91
238000,215866.5194271195,42
194000,276195.8842974909,25
430000,513100.8290643252,86
115990,107431.92254072751,13
270000,310757.31985714636,90
79000,108211.17837172445,29
582000,850703.64432337,23
235000,267225.8152588353,26
404250,408193.4894399429,91
760000,627496.4327397962,45
217000,331356.82549474086,91
299000,299389.2727193145,88
76000,45310.6923424991,12
355000,369401.6562685169,10
237000,280771.8801079536,71
255000,286125.55443099263,36
262000,178735.5902514233,26
359000,241410.05368364093,71
541750,548006.7369002616,33
259000,191204.39659165096,45
215000,308362.09357696725,4
424900,388734.942326324,52
198000,328362.3402516432,78
137000,149702.3121792801,51
186000,161474.45009666315,58
117000,120258.19155242693,42
296800,258921.17809263576,9
322100,279638.13798414666,26
895000,400082.80775123637,22
375000,494683.6375416035,69
450000,641250.8668759747,69
410000,510761.6172631695,45
630000,564392.7956211905,72
110000,98738.37488475148,56
192000,282824.7846756813,60
698000,669528.5297782258,68
190000,221839.95513594488,37
229000,360115.10533864936,29
150000,124874.77804585925,35
242000,234765.78356018587,4
145000,199209.78816133074,15
132990,169788.5470314512,77
535000,479378.92608361004,72
1115000,1015322.0864121226,69
125000,122874.98610032813,18
1025000,493085.83308553835,91
459800,496728.28093481535,7
700000,714752.9380208334,79
379000,285367.0995911263,5
47000,82009.24856720862,49
350000,257003.6305696649,45
117000,116277.19769759891,26
229900,264470.08963321924,61
315000,392635.91662807093,88
139000,178687.3481702757,88
143000,246251.36856827926,78
204890,117643.00790710746,39
158250,224975.78143617074,65
474700,292271.58009342797,5
87000,118074.90408989071,75
160000,259389.83882978786,88
313000,318357.2152705927,27
75000,107587.86184817503,81
178000,173345.45965075196,53
262000,1019295.722842045,49
296000,468730.2091479893,25
980000,455086.2216561877,87
423000,333049.13697623706,25
305000,274592.8438470428,88
187000,211004.68532946997,26
263223,287673.54658521584,71
421500,434052.6677158219,22
80000,68655.71180482024,59
263000,263720.03482328047,26
1120000,912265.8382641058,45
139900,222102.82370987016,7
509000,514737.17034261243,90
86000,100520.29648086289,84
93990,88971.9869413105,73
109500,159009.60064474514,12
562000,475167.48526075546,69
460000,385112.05229704076,68
630000,841048.8611547094,77
69000,123810.36887391824,41
719000,678082.8470671664,69
265000,417957.2387627971,51
181000,158861.47225606366,51
417000,397299.53930816805,25
199000,222691.6371978055,51
185000,145915.24112910285,55
85000,185287.50296804393,4
142000,134056.3758056823,74
705000,671095.0009246818,87
228975,200642.33508561275,25
760000,467018.15140132105,52
188880,203855.5798431937,91
780000,987496.5245890778,69
141327,101124.47977429512,70
322000,385351.1878471144,57
800000,822441.5787716105,69
244500,371154.6366264099,6
699920,306936.1354250956,17
149800,181462.12459178598,5
246750,248945.77027587316,86
133000,111442.61148120358,21
211850,242443.18925137285,91
313000,235271.9339151231,33
245000,167730.63195177302,2
159900,177193.43674541285,59
168000,202442.1039570172,1
435000,498429.65154602664,45
866000,848736.8988879934,69
200000,150463.7417385765,64
179900,95381.90952994098,75
675000,1073528.8418619176,87
90800,151385.77296177566,26
304900,343666.24729156407,26
590000,447718.9462488637,22
295000,338158.44391605025,4
247500,332431.3618090211,26
199000,287080.35911382386,59
892500,949258.8128275077,5
309550,195410.5945945055,1
399900,410699.6777801249,5
360000,234070.7618127473,78
270000,206337.38251196005,70
70416,61136.17447853778,28
249000,302317.2683560411,88
179920,193830.34984016756,65
229500,321542.43087338505,57
460000,324393.87123507925,29
231000,244387.05573385762,26
464200,421361.09657664096,21
139000,118829.03878178568,67
514000,452768.8416428262,77
240000,315736.06990054145,0
882000,702776.6603853606,87
99000,87714.95314404894,14
410000,496816.82493108726,62
540000,491909.2777909723,72
240000,132534.45823069185,29
280000,320095.6326269675,72
127000,162285.3630534777,13
106000,85366.49536366503,43
156000,142628.4332495886,75
200000,347441.9888098611,36
167000,184797.5321668877,27
171200,161859.07861395983,26
174400,143112.9316259605,15
360000,237415.1426092264,82
249900,289205.2999446038,66
1550000,881928.8120032236,90
211000,114535.6731060124,3
291225,157208.45712753336,73
1475000,667588.4958254669,68
152500,287205.79124535096,90
179900,257191.8900811081,25
121900,109392.77370761655,26
399000,274108.0055843414,65
196000,217828.6916672036,15
159000,141379.28237353804,61
227000,217627.33488523116,79
363000,333957.4492795778,7
510000,343377.114952702,62
289000,307760.0170893759,72
164900,171579.5329780497,88
1110000,579682.6325350696,25
1140000,1690000.0,21
345000,379486.2233078625,26
86000,147775.34164677165,70
800000,617371.6056476937,87
455000,285655.40956149454,84
1280000,819292.6120286022,68
211880,249388.9162770592,91
148000,205553.62274452718,91
88000,88480.07075469807,43
135000,200890.12278505106,26
194250,314848.2883567009,33
995000,824468.5237609328,69
599000,730937.0512186476,90
400000,317782.6145623582,4
65000,108420.43034284184,35
599000,739413.7169545708,77
395000,357761.4877694503,69
251000,224566.10975680416,51
132000,118577.25281067344,51
160000,209074.35215245906,24
119000,124409.71840765534,77
590000,436339.81202497816,25
95000,122541.60287064593,67
157990,152169.73355851386,53
417000,420495.2211348917,25
511900,432008.6113008666,91
525000,494590.2420856965,10
283000,325410.3171938794,4
269000,306331.6797721464,86
496500,287175.6385000942,22
126500,181263.538516385,75
1639000,846786.3456634313,25
489250,367576.5528358958,26
259000,299203.2937124862,26
389000,516581.60673830594,88
420000,421807.7515527128,69
789000,717598.0709282135,77
915000,1280368.626358801,69
285000,300169.46980339196,86
44000,91003.49851622287,11
1139600,1161941.8771931552,45
285000,405135.93615856237,22
452000,320021.72451623983,88
161800,217402.5435317286,91
156000,271900.2594761784,72
213000,150725.0463729207,25
650000,472174.03190551844,32
278000,252028.75828955253,88
975000,493610.4342084235,74
155150,194990.12794049806,51
214840,198763.34873080035,27
276500,342218.4824098862,73
171583,175949.1340427978,19
136000,226258.09396209716,42
168000,138855.48859423253,39
220000,230456.33600167918,15
289000,241308.1662572455,55
213000,352119.98575501685,25
304500,195591.01802797877,1
289000,202697.43568267088,2
187000,161429.2659337348,51
741000,797360.9227340702,69
477000,593230.3254692403,26
420000,396778.04035359476,42
245000,236616.57660678145,57
828000,648215.1163992847,77
293000,387373.2051852152,5
200000,277244.0421477633,62
81000,297710.7287187033,59
401000,382755.5076096378,87
260000,244423.96935034645,7
338000,416758.9630079848,68
261800,372787.1660157769,25
129000,95387.13375419629,39
342000,384722.45439445495,69
216000,244280.60919991857,25
201000,238223.74260108333,36
169000,156691.18446102767,7
264500,218429.45731906785,29
290000,375491.3769316224,51
876750,307703.832328579,7
415000,377367.43441249424,69
129000,124164.8870418863,51
280000,208464.48451430074,77
205000,252808.5373676,60
290000,359408.94607450604,56
89500,98867.66683510302,81
207000,420300.31227518816,60
645000,284298.41995737504,20
495000,599216.8888844727,80
209900,239638.96154767112,74
287000,254807.8853000033,86
347800,248685.79616209216,88
530000,674766.724133933,69
177000,157299.68140264478,18
265000,292110.021642442,25
71000,67812.11452979539,43
598000,585767.0382298431,15
425000,498466.7070989515,91
655000,448537.8743038436,36
651000,472998.32164203754,48
890000,815127.5995362118,22
127950,181884.81404932745,6
817000,584309.5353641862,77
140000,147695.7038437105,79
138000,100061.22336328779,84
218000,229281.71842635307,25
250000,201775.93870143362,17
289250,236741.15093043406,37
488000,354294.0822524171,11
475000,470986.8160631291,87
357000,269280.62307878246,26
320000,374337.63463545474,29
270000,200771.27211942885,54
129000,111748.0150580321,30
730000,418337.4333298828,90
1270000,1271046.9044778568,21
700000,331358.2576119408,30
140000,209045.76041729227,2
310000,250692.15894417136,51
108000,79911.45534267892,65
277000,314327.76952610177,27
360000,483477.7835889313,22
350000,355670.8620795806,45
339000,431658.2132379263,88
399500,351091.2525463728,25
415000,437759.53735583596,69
455800,481439.05138469615,48
306800,219826.75172426243,13
339200,139577.37483791378,21
1010000,1277837.1228539497,69
175000,292493.38379996305,45
687000,808255.2938216648,77
1340000,1038451.8149660775,21
188000,156451.89276469854,9
109000,198792.19950798032,17
638000,491646.12731936533,77
189000,154750.2758793413,28
395000,249963.7462714466,66
465000,482895.6121406671,25
244950,295600.71997266845,77
588000,250875.08250936383,18
173000,305591.03024843644,53
90100,99779.11330181955,54
219000,205963.38829275142,59
90500,101591.15879749834,22
179500,167636.87694591613,15
1299000,1471538.193781764,69
269000,193234.94806860402,82
225000,212050.20545648155,4
725000,705947.3046290149,59
388500,258768.6411647571,5
239500,215399.249903558,17
210000,112490.28061576611,49
421000,389722.0288468946,68
310000,295449.06569528516,69
599000,671796.2984149241,68
390000,335281.39399140695,4
371500,372150.01425802987,69
360000,547058.1985515582,24
256000,453801.90173178096,90
286000,319866.96323418914,52
200000,164060.6353423219,64
229999,278756.6717591165,82
550000,933003.7531469985,62
315000,766553.2743314289,87
135000,222056.0118055491,4
209000,258313.20694485234,86
199500,349853.1162711726,57
239000,378174.71636372147,77
194000,171019.90650736674,30
241000,273260.5433664178,84
299000,347675.7253777588,11
318000,244722.88870542086,51
248000,263886.2731835561,22
209500,166219.16238644236,76
137800,155175.35642056246,55
177800,172752.25598729958,70
85000,106544.9218386757,56
353600,296373.19413385866,34
49000,146904.00951518936,28
388000,191812.06984219502,19
355000,404980.1077805135,87
292000,280494.5788643624,86
195000,157639.12657496365,4
368421,318013.1911681227,18
110000,109752.54636399359,59
228000,247489.44434773602,52
117600,130820.21672848525,22
199000,297845.71700905636,45
720000,495934.4764649986,87
250000,142174.66954093878,76
242000,261131.80134698594,52
169000,255948.95185631132,0
359000,301444.39111438073,45
775000,905765.7320875175,90
605000,481696.0511486461,90
117000,149390.52640486418,21
239000,492135.660522788,17
478400,501369.3105895877,27
977000,725264.3911345953,77
166384,199729.23992016958,15
159000,145073.2117312368,62
1185000,455709.2564759725,72
319000,327446.7631548071,88
210000,237167.28102262705,25
115000,187420.6707846738,22
698000,818272.3999955384,62
161000,274958.6873194517,32
299000,208416.57727631216,26
90000,181210.23878510031,32
186000,145485.6273717656,76
222000,192200.1967122447,66
263900,252948.15938825317,22
364000,526721.6199202685,69
149500,222433.1634958169,26
257000,239588.73024330445,32
124900,173907.4557971737,25
64400,57430.84062723401,53
110000,146787.25503132434,80
787500,680917.5350119377,87
649000,716362.7926250226,79
365000,339527.13603173,25
162180,235600.61407790243,20
880000,776638.0993714869,26
37000,63714.559104833264,37
126990,161628.1841321921,33
212000,250869.28134042653,26
830000,733295.91721134,90
269000,271919.89630922844,79
147000,144207.116214379,6
299000,298351.0842346468,22
235000,236777.95680861868,86
377000,338197.59480741236,72
288000,339497.81400427106,11
229000,307967.6293970168,52
149500,292335.0930987928,52
229000,139084.15616954394,22
127400,236887.8853926409,4
410000,382598.8590338982,69
220000,132512.47230110952,65
254500,170760.40295397732,79
136000,208585.13193978858,43
305000,230465.3828649603,77
190000,215821.8636886683,71
229000,268232.80348107405,91
229900,255862.15766119224,7
227900,160501.6842178881,68
335000,359681.3301517834,71
116000,90937.60561363124,81
435000,416579.4361884157,45
770000,766336.9240675654,57
211500,151732.80698247286,17
319000,261391.23048933822,75
169000,225915.47634957542,47
510000,528686.7973197617,69
159000,196150.283823938,28
229000,217559.54302433948,68
499000,366543.69418199,59
400000,352106.88783620606,91
566000,511174.2303434559,26
729000,507819.9991352907,26
1210000,465645.61554815783,45
118000,350322.68375841965,75
300000,278554.26122186094,26
1330000,812547.6370820876,87
1575000,693377.9366851038,4
120500,190181.8239364617,51
250000,188408.44386852067,18
434000,532130.2400860903,69
1048500,543082.3216357566,90
275000,216545.57215240956,70
760000,735922.6253064679,77
119215,120086.0803115503,33
339000,260419.14597706386,59
455000,467081.4608747847,85
645000,500240.4218790441,4
377750,311598.0629016432,81
170000,330252.2132558922,72
342000,296228.0496363236,71
454000,288772.665340556,88
128000,150428.02342493075,4
385000,325634.20235552266,17
248354,270949.9847477164,42
139000,260880.51414022568,45
1180000,793795.1805980512,26
255000,318203.7480465839,68
169900,328654.36648214224,27
156000,134041.5956741152,49
348600,365871.6273822872,88
100390,120501.87030852739,51
449000,418671.3072654904,79
134900,105076.4808221221,82
499000,283611.36995737714,26
487600,185310.25708058453,45
49500,173803.26114095194,14
110000,90439.38505119011,70
186618,157506.31152949657,29
455000,479775.9216874784,69
395000,360115.4104040794,36
229000,216896.38080775712,91
166000,172706.52768919064,70
116600,127562.79777521726,61
210000,238184.2490737161,88
338000,226207.62271120536,7
99000,119180.231006159,21
341700,392237.82951375516,87
530000,501890.2239985703,21
188500,201775.71923352318,54
345000,221260.1567355552,54
595000,641772.2337012308,25
218000,203878.60785421848,71
77500,174727.27208107707,1
194000,245521.73553582618,20
275000,353408.4303688502,45
28000,63599.31619268785,44
305000,323916.8144392705,0
401080,444723.9273209869,68
129990,105540.24463649241,84
125000,193278.0867080148,43
400900,393268.45583559555,76
485000,403764.0536664906,87
98000,126942.49489189983,64
365000,333794.756993996,44
324000,349509.3740759236,7
510000,420606.5960461821,48
495000,512577.1668699264,25
243000,274464.48548190563,68
134500,153267.95658498284,75
208650,343883.72884095024,86
105000,89263.1181439502,26
450000,380915.1374365409,78
155150,224145.7140210007,13
264500,229961.47104359377,37
267500,225258.35169662512,69
106930,249132.2067348021,37
225000,278316.107122698,45
321000,432211.5434684177,88
235000,227260.18157280036,68
608000,401133.2436103843,71
273000,306723.5623628405,68
269900,386889.78213537997,68
435000,554600.072639267,45
1018500,346585.3095276235,48
235400,200609.23032133066,15
750000,533909.8080710501,10
440000,399206.33386196924,45
463000,379582.6148102056,71
57000,110686.2691570547,15
156500,198131.11742347293,81
898560,571797.0644283108,38
131950,205635.83757182662,33
148730,177633.2636206591,22
299900,271959.8263479495,26
364000,381665.4766948654,45
249900,493860.34660058893,4
85000,85524.40712057815,17
510000,393106.70705391,48
325000,251516.89743110392,19
208000,223375.21084970582,78
237000,247652.3421810231,70
322000,509840.469573069,87
184000,157923.88804982483,18
213000,268192.0878035106,4
179000,168796.10452722045,49
162000,236517.87204826585,51
940000,1064260.3066177703,69
590000,435610.5661063909,25
200000,346902.3515698442,77
85500,138468.7621156352,41
206000,183107.99078506004,4
68000,96580.27524554972,64
333200,358636.79406218446,88
298000,255216.867546336,4
138000,173485.25139873885,29
228000,185638.42798092213,2
353000,333836.05938470137,71
569000,739666.29981869,62
670000,547316.7588505258,90
249000,246247.0307098705,64
269900,212446.49546929705,21
144000,146430.10808039393,39
428000,463803.8182997317,88
529000,408114.80840034795,0
440000,398187.2939259754,69
171000,230326.91271954597,75
110500,91161.22494344189,51
413000,285688.1846815466,51
213000,302276.02170695394,9
332000,353330.02854157914,45
135000,96883.50806230339,77
414000,344143.3851399477,77
283000,447107.1018806815,79
365000,263289.4844326564,87
179000,182370.00951609408,89
407000,546123.9706552124,68
1640000,1389160.7486175243,69
1455000,1248742.6518292157,79
273700,320294.20139055897,87
468000,291829.2393401606,26
190000,154340.57993881326,35
205000,229910.1074515095,0
145000,120552.0832949716,10
810000,448424.0143432564,4
999000,772596.2421034727,72
275000,248527.6661582551,86
220000,287442.96054343163,0
739580,346353.8833308261,40
290000,307339.84908413095,4
378000,467475.64199589146,72
275000,306003.51470363885,52
272000,296596.83224479295,27
66800,208518.57540583648,13
441000,322709.6227430427,22
395000,505249.3769605615,10
233955,129438.07669247853,53
105000,205223.76948674483,4
667000,560944.3852277909,4
80000,98233.81250896076,85
379600,257092.61508647332,81
432990,441579.3376489504,59
289000,302453.91865103005,68
163000,236387.84534020943,27
490000,527823.4168119035,69
463600,359007.77258945414,68
127500,74571.77684175698,51
362900,336435.89211330435,88
313500,338877.75885351846,34
1495000,1000093.4513156207,87
282000,180425.7905550338,70
217050,264112.41688148386,13
575000,416899.30905480095,68
135000,206731.774201014,22
257000,243411.4848498958,17
434000,613771.8455381881,4
233000,257546.82031409707,71
243000,340367.2154255553,52
1090000,982320.1220392134,90
499000,800342.5836957115,77
189000,243541.74455568296,79
274000,195487.8924582402,17
125600,126518.27822896544,7
344000,519171.12277333497,15
450000,305795.6335271137,57
171438,250111.63653088736,91
370000,327316.2745262339,21
100000,141119.48879786834,70
129000,140925.44059493992,26
710000,503667.4254594354,90
119000,197798.6962157437,58
655200,936121.0341199723,87
225000,128061.34308632347,37
96000,194863.11885732107,2
151000,209143.25784621463,29
438960,401538.1991575396,80
789000,767372.6630561106,69
273000,497483.95495615737,21
217980,300511.54194879584,20
214000,123995.1439536039,51
335500,136676.38410126837,13
230000,322914.6660302923,88
760000,749986.9382487038,87
246400,169172.43206588455,42
250560,375656.5490263015,91
385000,394665.4218629364,52
238000,203587.95828476106,74
171200,104111.05987970231,15
397000,424599.99220595224,4
435000,377452.8697733413,86
914000,542028.4597911398,90
132000,131033.50250567602,19
363000,340836.4775302271,81
388500,262088.48322853303,32
476000,489088.0043678441,62
1490000,1300870.9502360723,69
330000,371543.42590889544,52
740000,379665.53289181273,90
339000,394967.2618075622,86
223600,215721.76342245573,44
122000,172953.92853578535,77
930000,469440.47916020965,88
524500,498416.26717113104,69
198000,187235.94380240873,17
575000,548731.6762828578,79
86000,91116.57335998495,70
245000,243532.84731693545,88
148000,92957.6770422687,14
346000,756172.6241328581,5
210000,168181.71026427016,88
339000,419937.0169641813,45
315000,125787.13094383295,3
363700,372626.96452179976,5
780000,1046365.1755395585,25
332000,340404.10287842475,26
133000,235004.31220080922,57
74000,202090.97310209196,65
925000,872212.6630035458,69
609000,503698.49790067,22
450000,473919.6739719771,71
489000,456182.35943780065,62
1250000,947099.897363398,69
370000,354111.00301341375,59
376900,241340.13833402336,29
167500,233364.12200151777,84
95000,70378.77696408195,84
110000,318557.15460899915,59
486000,423133.83179579047,69
925000,880881.6695436947,77
741000,748832.6754476621,87
238500,249918.59176444236,7
199131,235345.95748651825,88
265000,396491.34571865393,58
116000,138859.52674263733,33
585000,480406.35425576475,72
220000,197218.528183804,52
283000,262851.2788640783,71
228360,338811.7543228239,40
279000,233412.37639237725,69
240000,453542.670817542,91
425900,369834.98430877936,90
181900,85488.6178136569,6
900000,1140926.3411206563,10
197900,317464.99282993446,18
590000,404600.56755949056,30
220000,227260.23829456852,21
295000,336568.0216785091,2
285000,217587.44595590964,38
37975,27154.071704764392,65
335000,365088.99926239444,71
226000,192772.82661350776,35
135000,118909.51306907466,43
179000,162144.35591229363,29
218000,232455.11996948184,26
1495000,1502811.373638447,69
705000,679182.0031890114,87
76500,79098.95877134003,84
340500,540120.8803262935,71
139000,336617.71394124575,22
695000,865974.9440754497,90
235000,233572.93572994552,71
480500,494602.750630055,25
85500,124841.57105046068,14
695000,455544.8796614699,90
372750,300332.45735782915,51
210000,185742.33077840504,70
169000,152194.47548188036,26
37000,97022.61298325927,75
155150,294805.5696978814,6
210000,206834.1741829954,58
654000,1152590.0429080038,87
581000,496139.2973941806,90
238375,233898.8918195043,37
175900,200140.33199182304,19
610000,344422.3787003534,72
190000,212145.86335302604,71
530000,411078.5309923523,62
240350,297475.4187064696,36
927000,405595.53865424247,13
198000,266082.01896640466,21
690000,575338.9068628887,91
161000,285549.50583348394,57
532000,291754.7089024716,68
567000,384794.0035438573,76
264000,225435.9992392831,4
150000,162992.86332342893,34
278000,235429.11721567163,72
154000,174278.2951102285,26
369640,345999.0807471216,77
329000,236290.65210132927,61
294000,354930.99431189755,7
262000,334712.84689994174,87
1500000,742066.4825844844,4
540000,558341.709867487,87
348000,303846.1599259729,21
177650,153240.17394011817,26
326000,302854.118932548,87
211000,155390.89611362026,5
85000,85658.7288668278,14
185000,231732.72484460776,77
126000,140296.5538909523,54
190800,173375.5533344508,87
462000,548266.956114355,5
259000,287112.2439274282,26
495000,699755.0607083273,21
229000,205320.73163499383,5
270000,234675.1181828185,27
114000,129748.93187735145,51
95400,86858.67441248217,6
75000,72399.11681910072,11
49000,116876.7252077279,52
310000,165113.67328225123,66
290000,252554.23423650875,7
342000,414274.4723532846,18
590000,723005.1526595721,77
1050000,579124.5437952738,4
207000,240740.77260592795,31
153992,304330.03541910724,26
260000,276238.2947415062,68
155000,119726.91703681754,17
150000,199417.7550426869,22
400000,313346.9806457131,26
211000,215553.40939374393,77
183000,189594.92973905726,81
340000,234022.8227420184,48
366000,331051.80323621834,68
490000,399907.6562603183,69
1400000,1007849.606558343,77
289000,288658.8669568097,49
343000,264126.52572353714,15
228975,197927.94107537033,39
85000,169066.83432512084,74
84000,136972.56031926957,31
495000,651421.0752428895,87
54200,113496.57183569654,29
228000,394063.1296383585,21
127000,158563.4905400676,63
160500,314915.83706255344,6
217300,237076.75003707412,22
750000,400096.5821068803,15
329000,314989.2184511166,69
135000,221545.64752798158,91
1300000,1219526.5262400068,4
262500,157039.38739665927,15
499990,573103.1730269056,69
174000,301325.17903302034,79
125000,157221.89323905203,22
186000,144532.98201205768,86
398000,404149.1253390972,77
426000,254332.13578269392,21
133000,85586.0228388056,2
399000,202547.2536003141,41
324900,467539.52813170926,45
550000,238884.88018366738,4
297000,319783.1765334993,91
359000,341801.22157042945,27
370000,274187.0986431603,32
97000,247249.7705228632,45
126000,180732.20748127653,66
364000,196977.30388758212,72
189900,173728.35353902134,88
249000,213875.27134981018,71
371000,543766.598476239,87
132000,180789.89107531853,70
228000,152717.3134597016,49
199500,219679.8488674505,32
116500,140339.60007269096,66
243800,215250.40755184714,15
338600,487164.38824203034,10
435000,419494.10246079206,86
1090000,743829.8276383136,77
85000,82287.603033825,78
1290000,796339.2345915615,87
611400,346849.76183066616,90
319900,243201.97676109776,89
201000,257509.78775681084,26
630000,368328.910769726,45
249120,317574.4951048561,65
249000,291296.1113931782,52
298000,225073.48796526252,57
200000,171863.06741207663,91
122925,110739.88177434172,73
214000,158079.6238841808,57
261000,209575.78436521062,68
497120,507998.5267529679,72
410000,569697.0008639139,21
95000,80348.48144142439,84
242122,357835.7311923607,71
1190000,1284105.5835170257,75
360000,407233.93449243373,72
86000,97245.01759963813,65
55500,144342.22467582813,65
850000,399783.0181274115,37
659000,377240.8670306595,7
128200,103632.66787987135,51
254000,224380.00856352903,77
232400,96316.14398085614,65
469000,275157.28143842815,26
190000,210019.00475969084,4
422000,502925.8295672075,21
229500,148602.1895775867,55
320000,316071.69734656136,36
279575,287359.6466970007,19
113000,136217.79826172322,1
160000,227422.351321501,9
214000,134671.3928996262,1
195000,320568.27028023906,26
395000,282648.5002884083,77
321775,338183.0819626317,22
585000,305829.476214235,25
235000,229792.44235302092,36
75000,105197.04573681974,26
189000,236654.1502953369,52
125000,103316.48105112147,85
232000,179804.24133254844,13
441000,401814.0457374892,22
336000,388857.6009553175,22
298000,207567.0645844509,45
637000,370010.41397234815,7
491000,413064.92785822623,87
241000,131724.4666230874,77
699000,410025.80441136647,71
116500,152955.97576477187,74
312000,250936.1018987242,54
163000,169749.58889686165,51
175000,292906.51197159284,2
1450000,1037277.9311221455,69
187500,195113.41734396602,60
107000,211210.03812014844,39
780000,794778.3523272737,87
269000,223336.20791241,86
832000,716008.1147727185,90
675000,424733.64269119216,0
494000,442342.98150888627,45
254000,236118.38351641665,5
305000,289558.72442553035,88
317000,234761.0260234365,62
160000,159872.4579473777,3
530000,464189.6443315355,72
221000,236142.6884122946,77
398000,310790.83086353063,68
390000,413629.09037335456,4
147000,242429.88485233983,72
310000,389807.2531093005,45
98000,131837.65352614626,6
189000,253602.3560180577,5
210000,355562.05949752044,66
348000,281320.211913065,45
154600,254624.59497150077,80
275000,219017.01816603253,91
419000,372058.82473936956,69
148000,163512.12400417082,71
271000,426303.58156585495,58
740000,694061.2258515069,86
1200000,993445.6514241397,77
405000,477294.31416476856,68
199500,453037.2894344526,12
235000,280113.7314026963,80
426000,468733.95432382036,77
432000,358075.6618961055,71
255000,256025.40182975336,38
267000,273490.0651812805,7
686400,609581.252849288,69
330000,236739.23671005436,62
270000,471048.7267220629,52
709000,679484.9785536717,91
209000,390999.3302785207,14
155000,226423.43711843467,54
55000,114550.07155221327,11
220000,245171.5362288297,88
245575,322497.99961013225,24
211530,261961.99049834057,22
400000,532891.7640709111,79
785000,725240.2442608745,87
447000,730569.9580610428,87
338000,343607.75406829955,68
364000,434061.63728466205,71
315000,194169.93690238587,30
174500,154563.06523914088,18
476000,330122.14514864545,77
231000,195042.84115508394,15
295000,272156.23654909764,4
1600000,1213810.2685726476,10
233200,71667.05505670623,3
261000,183502.39588214183,26
385000,394167.2182755463,45
126000,211185.728427165,51
229490,360642.12846348505,4
139000,189730.5703846502,77
92000,98128.84267990927,39
449000,251433.62413576883,0
77000,115272.38800231805,13
190000,301126.32784796547,55
79500,107486.37786447127,74
493000,498152.29293578153,62
1150000,1018530.6431580118,77
90000,119594.32646467097,70
247337,255826.6135252683,7
149200,364260.7673619919,80
950000,1017348.3937505058,69
434000,418986.4449580674,39
136500,216191.59587320688,88
1100000,614273.1023356935,84
540000,427664.9443971027,90
165000,489744.0625360683,13
181050,144050.0428799417,33
96000,107414.23494537934,88
1080000,802600.7950505973,79
125000,142770.31946609568,86
163000,227788.0580694947,80
245000,172133.10485953305,30
335000,865895.8637023724,5
262000,362294.4012730258,45
125000,134662.29550387192,77
544700,546903.9305678487,80
416000,247662.24339743552,72
399000,637899.0545187433,79
194900,190845.4151781831,22
1430000,1336583.053096116,69
196000,224642.39428647954,21
957000,584661.1334676832,72
121000,175578.16882080692,73
49000,78752.23768551297,8
229000,324152.153773769,77
287000,259756.3457864052,15
245000,248742.1800223531,25
168000,139218.85230483973,77
178500,356696.9346406225,60
595000,582883.142024438,62
329900,273389.2507843469,90
136000,131018.66763793082,30
475000,492308.37571839604,69
85500,114885.57301011789,73
175000,210918.6266324897,49
192000,230872.77118507592,62
502392,954247.4768498663,57
185000,215938.23815857244,22
110000,171287.4436338459,9
60000,59273.17409492932,89
294580,496950.7519842975,48
360000,381975.6009770603,45
582000,498307.71105269354,69
375000,472011.3825660536,22
475000,560775.6953531048,72
469000,448949.9902536544,69
90000,81313.52665331398,49
320000,233752.1856141138,20
682500,257272.0019113851,80
320000,286181.23928753345,17
598000,470673.3207978538,5
79500,158399.89204361473,21
156000,342676.9149311742,57
671000,714715.5027972708,87
239000,239689.61208301148,0
189000,168870.16513310221,4
495000,465082.7563349071,4
357900,365095.3451744869,90
835000,293906.26561888086,77
227540,302567.8583611199,86
460000,291392.33071031014,62
392500,477308.22375632916,77
285000,400803.056696638,57
208492,241829.2705808075,71
239730,316511.9829799961,40
328000,282544.12552446825,29
188000,232996.75384333276,51
249100,193131.76865626598,22
383500,233573.45031005336,87
676000,549755.4791831713,22
272000,301024.21014592156,91
109061,52024.18904739058,3
640000,424344.69409890403,21
140000,79368.14008242356,81
129000,156455.87695735577,35
375000,290782.3896893041,71
795000,629211.8923834681,25
355000,145994.44408850026,60
749000,518155.7273926311,87
189900,256284.81009956377,66
459000,526377.2451060474,87
101200,150004.1372812289,33
204000,276350.7558842354,71
1065000,622105.9708417681,87
255000,188668.9451661478,26
279000,268804.1582690962,22
106900,59561.43329993733,83
39990,67435.97180619104,53
95000,141109.00267842578,59
225000,438657.8240512109,17
172000,193944.916987745,23
259000,342731.0432996858,71
235000,179394.5698283122,25
82000,253967.3530765396,11
138000,101717.104210785,55
298000,254340.60984306852,26
190000,213384.76427916976,88
157180,123423.0371859911,2
236000,370551.50890830206,36
625000,696640.1924856576,87
358000,491033.50370399706,45
148000,169265.3403915959,39
78850,95881.03816227899,1
239000,245182.4733436431,18
128000,194090.9522859851,15
350000,256464.3931535614,70
322900,234046.3537862967,26
75000,126970.69943742212,81
364000,328955.755348898,26
189000,210564.4240775442,71
168000,118908.40867783253,51
199280,187416.0972304614,20
416000,208632.1718284076,13
146000,169791.97241998996,21
279000,186179.67965871986,89
82900,312386.48280783254,15
157000,347518.3585057874,36
385000,319194.61030785687,25
214000,220860.57063336403,88
92000,147520.36723030644,21
252000,166468.46581197198,29
265000,311894.57042754075,90
469000,368107.6502623242,77
188000,327244.51609572035,19
299000,441776.64814766473,52
155000,114732.59520033315,58
436425,291511.0735468001,20
150500,131462.20592293193,25
249000,413364.84875570243,25
127000,138064.49372378414,21
251000,471839.2880127702,79
250000,426359.59945616225,21
493000,411210.49605210335,51
95000,130549.62751529911,45
1195000,987994.4963807542,87
243500,367049.8033182338,58
90000,116068.49619142502,7
1420000,1412253.4117988413,69
595000,483712.62176003505,87
573000,512834.8552711957,68
365000,319070.66467915586,36
650000,1066120.7885269264,87
740000,418317.507516175,4
212500,193957.21531564477,11
1080000,1033241.6057335435,69
214800,194033.1815856012,51
79900,116943.88686899337,58
120000,98942.59157235033,26
240500,207734.28248380244,69
347000,323133.2859733621,60
167000,245467.09195930776,18
89500,244058.85820014356,5
269500,321346.7549630713,22
155000,166420.19483115818,25
370000,374471.21718871733,68
86000,82846.8647949671,78
655000,446148.144063431,62
415800,152629.83819625046,13
270400,223362.1161608484,36
115000,73053.72358052236,50
399000,270778.207194859,22
59900,90957.97423046618,81
298000,223411.3215206128,70
374000,230726.0734049332,62
177000,263913.4681385797,61
194000,505179.7029725981,60
47000,183101.06446180382,47
267000,267011.15464193723,17
220000,215342.49248704468,52
179000,139762.85822609154,77
148000,237069.21575921294,22
580900,531874.9155213666,90
300000,206045.65923467893,2
573000,670893.9345096378,6
125000,232096.41024966014,64
174000,211026.88347522286,22
300000,360154.21098871314,91
263500,288177.90471700113,73
282000,122739.3122072354,83
290000,252423.40788566132,2
759000,1690000.0,69
526315,249705.7738765031,13
628800,357731.3193632295,27
388500,368153.1582377335,71
499000,518562.88791084255,86
169000,228334.13934208604,91
464000,494127.2338572956,40
288000,260059.95970203532,48
1095000,1173425.462479275,69
407000,520202.8288594008,87
250000,297789.242742661,77
184000,181639.55247477154,33
315000,170531.16664319075,30
157000,108746.08206571991,25
182500,224850.3093412598,91
70000,123205.07405792401,6
599000,553486.379533171,36
234000,326506.7660707659,48
257000,193137.97496768946,77
1579000,521427.0792932399,40
169000,186748.95583444505,89
170000,167937.54373546827,4
152000,123037.75259623467,21
135000,180959.0065226752,4
171200,292746.8456803871,25
144000,241886.83599819816,13
234000,171847.35449347598,71
249000,213610.2260924032,71
554000,616182.3585372969,26
414000,442213.74771938665,87
594000,536088.4811579585,25
264000,240631.26493259924,4
185000,164634.1315516274,45
106500,130378.0608561148,73
92000,147466.08212670698,4
261000,444611.47063188,4
525000,733278.5758083138,77
156000,153138.21215747285,79
574000,615278.2054723524,90
510000,659638.8546440871,72
388000,334890.016069829,71
193200,147328.7879331945,55
200000,98367.39289248349,79
169000,163896.88672579007,20
313500,370325.4115749047,55
299000,510173.59896312136,90
116000,68722.67949064609,82
87000,198010.64699355743,78
542000,399762.39316093404,72
199000,180215.62352578907,89
275000,627213.7512528618,77
195000,180874.58184007474,11
795000,686514.9903779288,4
163500,266335.2259455153,77
145000,112113.40565310192,39
822000,303563.6483912826,18
318000,299536.28076539375,45
363975,168546.5477780675,38
168000,361131.817461855,72
202000,233972.2017710207,88
660000,492110.6574321611,52
269000,324580.3819241282,26
700000,666433.7899537499,87
680000,885950.7530875383,45
178500,177259.64763134884,49
165000,134212.60495787472,65
325000,357406.93989025604,71
650000,741806.0896712203,69
130000,151088.8799845006,84
144000,221139.5847702125,42
229500,341997.8843241595,57
360000,354868.01010183955,4
182000,194337.30607061333,60
215000,265647.30027012766,20
215000,141548.5167066313,61
229000,161926.88423761885,22
467955,341742.48911235365,58
195000,180273.11991297588,70
479000,337552.04052616475,45
370000,368389.25428102637,90
221000,203467.4551810359,26
645000,584969.1646529003,91
245000,240154.10375256385,27
120000,199672.9008384923,54
179000,155249.7673428149,70
280000,249471.28553415023,71
159000,126081.87039603681,52
78000,123397.33993809832,38
890000,922668.832963008,69
420000,418790.8896199557,4
298000,146747.52077079058,26
209000,147292.54619465146,26
180000,194119.4403017785,51
178100,180610.3111047697,37
267000,229184.55865125507,15
299000,447099.4079469913,36
91000,67945.70093960891,73
291000,331280.9911220337,52
245000,233407.78310108825,77
399000,397734.6506753753,32
46100,117965.61495952096,81
216000,149684.8978301751,30
299000,200998.7768068901,45
186375,144553.358178804,20
250000,286401.6041871421,45
178500,147561.27579993207,4
884000,583461.3767816027,21
1170000,768581.8348887651,77
478400,336023.7073529371,7
499000,376754.7261019494,4
193000,179540.8345857729,30
420000,509625.64788055496,87
535000,381172.337501229,7
77350,122498.42727873604,39
795000,442513.10212887556,57
415000,291670.18375298043,79
469000,440280.95055846614,79
65000,95279.7432431221,41
895000,912828.3866122136,26
238102,319851.7722875745,4
726000,1690000.0,69
195000,189244.36005604806,88
1248000,468396.0951910793,36
130000,120069.64982057654,2
1020000,692297.3661190927,87
132000,156129.1497577057,77
729166,337933.3524123389,20
174076,229371.76427552835,21
520000,576056.1060962655,22
346000,458615.8104144367,22
147200,209950.7028066817,74
89500,158031.9871974335,74
190000,160362.98664422412,4
150000,143028.84878843796,57
295000,278151.5401434331,11
362250,276676.3909297616,19
178000,193625.98224241225,37
750000,535907.5936940658,10
196100,312063.5305857218,90
269000,286624.08951505367,21
216000,208843.96664983436,91
160500,206450.5923045309,77
293000,422459.7971320926,7
499000,489057.59328281536,21
372000,285006.5796933589,86
618000,625625.3015919899,87
148000,210936.30914135856,21
699000,880166.120467844,62
224128,167535.33028775032,29
137000,211865.89301217278,68
289900,314928.6250399701,91
399900,432245.8496004709,45
127000,106488.91793329771,2
364000,313072.6232536668,88
383433,283743.0342066171,22
226000,185094.88546187847,37
399500,432603.2938187062,70
312000,360508.07638317515,71
149800,201869.92861239784,28
375000,399794.364637195,45
365000,425710.2327412944,7
77350,60584.852952190915,12
189000,203817.24168636103,90
1110000,542166.2228380883,87
453000,391174.0090283629,21
145000,101022.4210961379,35
620000,416809.74684722425,26
274000,271708.9706905486,86
237000,305597.2251534666,71
1380000,989062.2983963286,87
1262000,1114300.7325385797,69
170000,210413.20414746064,25
159000,307810.8411435041,52
215000,385903.9694322863,52
743000,406224.6040215651,87
369000,512713.74433945416,26
186300,191876.4042708129,80
297900,210634.80369888543,15
365000,648197.0716729437,87
1690000,1533320.8797854015,69
480000,345464.2423939693,88
995000,809661.5342822002,87
390000,314324.535458021,69
267000,256901.67565370092,91
97900,130884.283504707,22
1272000,1072370.949178494,88
299990,390914.2787916444,25
540000,405176.67834892,72
249000,261528.04463908274,52
210000,303516.570891531,37
315000,255288.4989547294,86
685000,549821.028565987,87
128900,76396.36606484832,56
239625,257091.98902659386,25
261500,344715.10736267426,70
740000,622653.4381666433,69
147000,116997.11635006759,59
65700,106672.91516726841,51
328000,523327.1573141535,69
480000,335101.209682475,90
53500,135821.00654805053,29
640000,460403.12338352605,72
475000,377063.1130222997,49
179000,239087.3512921909,27
256000,194638.3499177288,59
358700,551873.6275508959,25
685000,341042.1882115419,88
228000,266600.46371770464,45
250000,206465.0125893015,54
375000,362624.2036725825,25
530000,325222.64834375633,91
235000,190903.32952958622,18
221490,354467.8871466394,29
149100,165587.9088355447,74
925000,402050.4518364139,30
342000,222144.45891806766,49
164300,128297.17368761124,52
449000,483868.00696963357,52
365000,420271.2369333535,25
292875,212919.06797657924,21
149000,162686.2121826148,71
490000,485784.88926411554,77
180000,235338.60511976713,56
542420,702740.4605813192,90
177000,216345.00005899929,37
299000,335607.49445033586,87
420000,521781.6565570663,79
145000,163026.9727929636,7
436000,379901.0572641161,91
135000,131508.63496737528,13
343200,447101.8707520147,52
362000,359968.8185652844,72
260000,301483.1443430241,37
120000,172542.49797804927,67
394500,248863.0176613088,18
104500,95399.14919896366,44
175000,272864.4706069183,57
309600,325538.1022450866,71
103000,120775.11407389308,55
190800,211710.13594301319,27
386000,368798.18487952667,69
590000,482550.54696762323,25
375000,308494.7456707363,77
166000,99239.35014891767,49
165000,169129.52772632832,59
1250000,1220793.3003457955,23
230000,296969.84303443064,75
635000,557725.8680220384,91
870000,972448.4340895381,62
85750,159873.40432008347,40
170000,176846.5429887458,17
159000,154357.99908917252,30
715000,368488.4786059003,88
340000,388308.04887976666,87
390000,320059.8983510124,22
532000,477376.4048311588,72
179000,172221.22193555723,52
290000,257920.88209000902,45
300150,282005.6369019185,7
209000,233075.19077871088,88
163000,205818.94853558665,27
182240,335922.91520095686,54
227000,170464.6331870676,77
224500,217901.1709548465,36
545000,237973.89563969988,81
178000,279515.57515521394,80
397000,297747.49911099987,86
149000,165845.23462709412,75
114000,119880.21113735525,51
330000,443237.0213232357,15
114500,142850.44364056643,81
133000,115861.22435865761,26
188000,155700.9044330464,15
148400,128120.07348523538,83
365000,359115.9271375221,4
151000,159336.6939069403,54
392000,351310.84777788917,86
127000,115746.89476370493,84
1350000,464257.6595571371,21
78000,136982.10773226235,61
189000,158527.36860029266,78
547000,429378.3328793326,62
172000,203005.0152436177,91
208650,253046.79678012207,51
117000,100819.5479450119,43
302000,286497.8144948487,7
1090000,441031.4751079793,60
1090000,769229.9245515034,87
362075,327020.9122598809,81
210000,190081.34391531843,77
233200,364295.61957670114,32
297000,370746.52234242304,86
489000,318342.2861737498,22
779000,577142.1743253868,87
312000,335072.37935099175,88
115000,127742.01151201988,37
397000,524939.6055011499,18
194250,188513.0952865623,65
450000,372128.0180114185,22
283000,337616.71939058165,7
239000,350202.0290454243,10
138000,76978.73033398438,44
305950,159930.58522268268,25
374500,290546.8179198293,90
254000,282264.9161558431,27
240350,112121.86434935564,63
450000,253999.59652652763,90
310500,273588.98057864286,59
199000,330686.39998639893,45
57500,79770.88882591223,83
390000,417899.0966830678,76
149000,206743.55186049722,81
81000,78542.65473750209,89
1150000,1092229.3585233085,69
174700,248739.32460872692,7
604500,290854.8247255247,22
286330,243827.9424253914,19
318000,227639.61351413158,26
478125,637230.908143883,7
370000,297115.49192433327,22
625000,404541.19680675026,51
177499,331361.71172365424,51
99500,290012.7414764036,77
344500,396347.19795253297,57
265000,364090.64092408755,49
336000,145464.71524974963,6
460000,582293.8702305772,88
189000,165822.4367353486,39
483400,556661.9997054122,72
125000,82746.5142374772,83
588000,719910.8940674686,77
280200,253145.51886826032,68
890000,992419.8942351068,69
152000,236531.94521074253,70
1317700,1322175.190189654,69
335000,117301.1011196802,77
84800,133773.04711121198,13
54500,215250.56481502764,20
305000,368292.759923463,71
249100,474818.1511626942,42
291500,264552.8226134189,39
207000,358324.40998451633,41
195500,184630.6765485009,26
129000,287462.319294556,15
525000,421957.2973806929,26
530000,337921.0261845439,22
312500,298142.5188325961,25
302083,334318.50055628706,25
340000,281729.2566466598,88
540000,627772.6242462703,53
240350,227563.18834210417,13
995000,1188468.3641120663,69
190000,169664.02107993877,71
261000,263445.05339107645,59
998000,898118.1153555269,69
429500,323157.5262576724,36
177000,293150.544274064,48
178000,478890.48750612646,77
865000,397752.5367407807,80
580000,285813.419761395,60
209242,258213.25728429068,88
238000,219156.35589166335,4
476683,341743.158443704,40
122000,120845.82665881563,81
650000,336560.6668680763,55
254400,356015.6895790922,71
438000,604386.237104908,15
642000,617721.9665021655,25
259000,225134.38570699247,7
223000,236829.11397960977,2
130000,124014.82250180977,54
194000,233462.84797288378,26
298000,213029.662900066,26
88500,93171.3749550008,70
121821,55865.22579835188,83
369000,344792.8372615187,22
431600,323951.3277664569,22
620000,558086.3086440408,25
96300,306311.2443414112,79
192100,143370.45316631754,40
636000,890650.5871465743,32
1174000,857494.174619913,45
167000,205903.88079544806,59
245000,243181.13095400197,72
262000,258558.05685725543,2
514000,403474.37426963757,87
139750,179479.2293405589,26
615000,721811.4351406891,88
385000,336280.89783934015,70
1550000,1690000.0,69
207000,227001.8411164714,70
202000,222325.94734201292,88
125000,130774.45574324996,69
394900,635731.5106506847,22
349000,256224.0469935008,45
1190000,1069886.9307150946,62
294000,609652.5096805928,73
199900,303347.3291063061,24
265000,193211.02049888455,71
142000,283298.80071671784,27
148500,120905.61052351828,46
88000,113022.08541703525,8
274300,165810.7474152868,79
227000,219270.64773531727,79
472500,637734.2628596154,74
484000,556697.0974616607,90
283500,269118.234916748,42
614250,465469.68537003873,71
238500,239849.48067402607,22
239000,320708.00293884566,57
179000,102182.28960442958,22
65000,141549.15763091668,11
299000,357565.3694234296,86
894000,849421.384036082,45
258000,258436.6490135602,71
60000,104690.0610973347,11
100700,168782.76216097476,45
120000,204613.01814462477,4
315000,295495.162083483,86
262000,204089.2129986848,5
129000,161307.311380128,37
172000,107105.74756272271,22
420000,727246.7163783121,87
175000,111072.31875611069,56
149000,258378.581271479,25
70320,79871.12205895492,50
190000,178540.670660521,24
38990,57221.41572893307,55
98000,131554.02435362188,64
349000,319302.21105962835,22
75960,155040.1449565062,20
369000,514854.8958827834,21
437000,687953.1317125844,77
999500,1012678.6177430317,69
170000,263092.9545579686,88
830000,565922.3467854761,72
295000,284701.2655266172,51
470000,385263.8214056819,17
314000,373991.7826079597,79
269000,390118.1552653482,71
980000,1242323.5182173098,87
163000,119772.93423002903,28
498000,164640.1174070151,13
295000,270662.1855647321,90
96000,66304.72820977689,73
305950,344217.6107067596,25
330000,254104.17132191992,7
295000,263806.1843362634,16
298200,328268.9530870704,7
241000,307456.3907862691,26
391000,354759.27133300866,69
1199000,671844.2536432055,72
199000,212777.5301838777,26
300000,345404.1000716616,62
656938,380834.4377634148,51
1140000,1046592.0864067724,72
260000,256210.52439623297,88
555000,403451.7539840522,57
470000,540377.4386603807,87
265000,256129.3113004928,80
458500,289738.81948266004,71
197500,401991.66485778755,48
227500,279800.0609135933,60
659000,719449.4301716227,69
91300,140929.22251727822,14
1230000,1372760.305205175,69
399000,602241.7810192237,24
544200,813695.877189942,87
720000,539573.2441899976,87
249000,188897.52138314943,71
329000,234650.6839731055,26
69000,165653.57919934965,27
206000,169581.24961881296,26
458000,705115.518693481,87
229000,272473.7733436488,15
255000,324274.1553205647,77
507000,657401.5940231167,69
399000,403629.489465182,71
1250000,454029.22965048044,66
360000,298392.0940844696,71
348400,560873.4756784234,37
396500,356895.8674100033,71
1190000,595213.5625313062,25
292000,272379.4394299244,71
125990,85015.45916359675,28
283000,379503.00632550474,51
328000,380161.70597686333,22
84000,76820.6150086942,26
788880,621624.4866262537,2
377360,435592.6742755189,57
138000,174667.32918761627,18
155990,166537.2778259192,63
315000,276497.1110128234,87
650000,338307.2426057966,26
380000,486184.8907294744,22
298000,222485.7624779607,10
124500,227385.0249315281,36
749000,1006118.6776636812,72
205000,327403.2004735864,10
40000,81720.65128375622,70
351450,318212.96441297437,22
650000,389695.99784105684,88
61000,106876.44739423551,21
535000,568715.6257325927,77
794000,447490.40023058857,90
383000,335105.2139534805,33
134160,175445.774900684,91
608000,594753.2688167332,90
540000,478950.54536707856,72
440000,439369.94994723523,90
120000,220753.63374529933,57
216000,290063.9051822885,72
64800,60948.550359597495,53
1195000,672770.1439838292,72
580000,742747.3284665146,79
1100000,1307917.7479212468,45
456000,395328.87693172,90
135000,169357.76102402352,64
242000,251236.89762913392,17
218400,270420.0149783191,64
343000,283248.9013331397,37
1485000,1143321.3842291576,72
417000,325666.4156651578,20
149800,111488.5528238442,84
214000,264770.225031538,22
415000,390091.59501414426,69
187500,194909.83662888163,60
313000,299625.46587353235,90
330150,477076.4132441202,88
1175000,711493.741577924,62
576800,617716.4468803367,36
625000,754179.8449159756,77
795000,688947.0517755225,4
198000,127223.16816719648,26
