y_real,y_pred,dept
99000.00000000004,177000.22,5
509999.9999999998,387931.1,52
315000.0000000002,387432.72,66
270000.00000000006,293747.97,87
280000.0,261622.53,90
328400.0,303557.38,42
58999.99999999997,90393.33,28
159999.99999999997,135386.33,82
344999.9999999997,342197.4,70
299250.00000000023,223319.31,82
229000.00000000006,208929.08,89
284999.99999999994,395888.44,62
440000.0000000002,539559.5,79
495999.99999999994,576637.5,28
157999.99999999997,154831.17,5
216274.99999999983,280641.53,55
259499.99999999985,287338.16,72
444999.9999999997,361913.0,32
74899.99999999999,80443.086,21
145000.00000000012,149140.69,35
166719.99999999985,101579.94,68
139000.00000000003,197984.78,71
230000.0000000001,374876.44,79
205000.0,207611.02,73
212000.00000000017,201320.98,29
175000.00000000012,194076.53,78
226300.0,275788.53,29
271999.9999999999,242880.89,19
189280.00000000006,447172.6,79
259999.9999999998,235809.28,71
254000.0000000002,392502.78,25
210000.0,327278.94,78
356999.99999999994,351579.2,79
159999.99999999997,199760.75,32
618595.9999999997,655012.56,88
375000.00000000006,360256.3,79
332324.9999999999,298936.34,91
115500.00000000009,140645.62,82
294999.9999999998,336127.66,38
155000.00000000012,209935.92,79
135999.99999999997,158115.06,82
460000.0000000002,503007.66,91
208740.00000000015,166180.98,43
416999.9999999998,311616.97,10
129000.0000000001,115376.086,35
330000.0000000001,366049.94,13
369000.0000000001,385134.7,26
255000.0000000001,254873.22,15
249984.00000000017,289047.4,38
995000.0,788011.0,71
291999.9999999998,264283.7,91
145000.00000000012,180072.95,12
465900.0000000004,415537.78,89
191999.99999999997,216883.22,90
287999.9999999999,272324.75,89
92000.00000000007,99905.555,68
199999.99999999997,195300.1,12
219500.00000000012,191069.83,45
1179000.0,1261603.0,71
339999.99999999994,486176.88,56
223000.00000000003,277344.44,33
409999.9999999997,370236.28,89
367500.0000000003,431090.38,28
115989.99999999994,135423.0,32
185000.00000000006,185699.83,12
509999.9999999998,580605.56,6
379000.0000000002,439571.9,88
218999.99999999988,353008.44,10
65599.99999999994,116529.445,17
235000.0,196774.23,32
177999.99999999994,132664.55,32
233000.0000000001,286128.12,29
151959.9999999999,268708.88,81
311899.99999999977,342956.66,31
433999.99999999965,458829.9,74
520000.0,548853.44,88
349899.99999999994,435527.66,88
188000.00000000012,193428.7,32
199000.0000000001,193513.75,73
405000.0000000001,439002.56,88
132990.00000000003,147907.67,79
204750.00000000006,150039.3,14
99000.00000000004,179336.19,5
639000.0000000006,447157.66,79
177500.00000000015,177890.69,72
241500.0,200583.16,14
135999.99999999997,128491.91,55
79500.00000000004,96970.92,62
225000.00000000015,201730.34,43
127999.99999999997,122613.87,73
379999.9999999999,384223.4,24
395999.9999999999,289154.9,29
598500.0,437119.28,53
337999.99999999977,270748.5,81
769599.9999999999,675225.75,90
299900.0,236217.8,81
76999.99999999997,64052.28,27
210000.0,190258.12,89
1579999.9999999998,961732.0,12
349999.9999999997,207526.89,38
461999.9999999998,427105.4,38
230000.0000000001,378061.38,79
212000.00000000017,157568.03,1
50000.000000000015,122146.44,53
38000.000000000015,41044.54,34
208000.00000000003,194497.69,5
988999.9999999998,741275.2,71
415000.00000000006,467376.03,87
144000.0,251674.52,36
144499.99999999994,160739.56,33
214000.00000000017,269889.0,13
649000.0000000006,179886.03,65
257000.00000000015,197287.03,87
398999.99999999977,429895.66,87
680000.0000000003,773502.4,71
152999.9999999999,124431.984,76
271000.0000000002,269825.7,85
249999.9999999998,164529.61,36
244999.99999999997,195204.94,1
229499.99999999997,352825.0,55
932000.0000000002,943169.94,71
134500.00000000006,189543.67,76
294999.9999999998,273898.72,65
488999.9999999996,487014.03,53
425000.0000000002,392306.3,90
469999.9999999998,393954.1,79
237000.00000000003,280476.97,73
173999.99999999997,220713.34,14
790000.0000000003,570505.6,31
299999.99999999977,290207.2,88
118999.99999999993,112160.29,42
440000.0000000002,446191.97,79
270000.00000000006,294640.16,88
468999.9999999998,611483.4,90
311225.00000000023,373822.53,61
261249.99999999988,163678.7,52
315000.0000000002,415712.97,12
749999.9999999998,769345.0,88
327000.0000000001,505761.0,88
170000.00000000012,207336.19,74
64999.999999999956,188902.33,76
265999.9999999998,280055.47,73
279000.0000000001,201601.48,32
369000.0000000001,219229.14,56
442000.00000000035,289936.1,44
280000.0,240145.34,41
68999.99999999997,131513.06,85
262500.00000000023,269473.12,74
136200.00000000003,159652.72,87
648800.0000000005,1050487.8,29
328299.9999999998,241030.98,29
86000.00000000001,143810.25,22
68999.99999999997,91423.984,23
169000.00000000012,186371.53,59
719999.9999999995,758373.6,71
218999.99999999988,357903.72,4
375000.00000000006,423196.8,79
129599.99999999994,201703.8,42
249999.9999999998,178064.66,13
615000.0,446950.03,12
191699.99999999994,279636.72,13
225000.00000000015,213376.61,91
937199.9999999994,274926.94,13
323000.0000000003,403880.34,41
529000.0,528178.6,70
281000.0000000001,276173.6,73
255000.0000000001,231047.03,48
92000.00000000007,121575.46,77
134999.99999999997,146816.55,58
1150000.0000000005,1116395.1,71
310000.0000000002,277440.72,79
615000.0,557300.5,88
527999.9999999999,435000.06,36
354999.9999999998,368746.44,38
238739.9999999999,193393.28,68
425000.0000000002,398201.62,74
238970.00000000017,219196.31,35
158999.99999999997,232581.08,5
230000.0000000001,243344.12,5
579999.9999999997,418368.56,71
233199.99999999994,292047.97,27
225000.00000000015,285777.97,73
291999.9999999998,322314.66,20
244999.99999999997,280017.56,73
357999.99999999977,491087.5,90
60000.000000000015,71869.625,8
471999.9999999998,348077.5,45
369999.99999999977,391228.44,58
312999.9999999999,369189.8,71
120000.00000000004,75669.47,85
673099.9999999998,684313.25,71
495000.0000000004,474874.28,70
165000.00000000015,183765.08,87
420999.9999999998,324316.1,55
73999.99999999997,185046.61,33
161569.9999999999,155872.56,15
219999.99999999983,256133.7,5
185000.00000000006,269403.5,89
571999.9999999999,351783.78,4
574000.0000000001,474574.1,41
205000.0,188622.58,64
279499.9999999999,356499.88,26
230000.0000000001,276757.1,79
322400.0000000002,326601.1,55
225000.00000000015,139808.73,63
323000.0000000003,339314.6,12
258000.00000000015,249669.53,73
509999.9999999998,668190.25,36
224000.0,217322.77,31
199499.99999999994,125131.234,82
935000.0000000006,389560.12,56
93074.99999999999,143209.83,29
386499.99999999994,307964.78,29
83000.0,66853.46,42
56000.000000000044,87650.29,14
239000.00000000003,230689.03,89
490000.0,515352.78,31
330999.9999999998,538541.6,70
519000.0,545220.9,88
360000.0000000001,367371.2,12
392200.00000000006,403104.22,5
399845.00000000035,438021.06,52
195000.00000000006,152108.2,63
170500.00000000012,170328.05,20
126250.00000000006,168702.2,7
235958.00000000015,151725.28,63
658999.9999999997,912037.3,5
227900.00000000006,345860.5,32
442000.00000000035,604419.9,12
173499.99999999985,202715.06,56
884000.0000000002,637366.56,91
369899.9999999998,449272.25,29
145998.99999999994,120407.64,82
320000.00000000006,133494.19,16
156000.0,206708.94,22
145999.99999999997,208762.97,73
104649.99999999999,75360.445,1
48499.99999999998,50212.418,39
157999.99999999997,159441.67,35
275599.9999999998,270058.94,38
241000.00000000003,260969.14,13
252000.0000000001,193361.38,82
384060.0000000003,447135.5,41
449999.99999999994,468459.06,32
979999.9999999997,1167695.9,5
780000.0000000001,646425.8,88
270400.0000000002,230334.44,42
645000.0,409663.5,29
322800.0000000002,253578.3,72
432550.00000000006,464340.75,61
395000.00000000035,499346.5,38
50999.999999999985,65974.91,62
315000.0000000002,278172.22,12
398999.99999999977,354044.16,73
364999.99999999977,292166.34,13
418999.9999999998,369840.34,80
200999.99999999997,170542.27,41
498999.9999999996,517272.62,88
1290000.0000000007,1084061.2,5
104500.00000000003,55436.145,84
474999.99999999977,505741.22,90
199499.99999999994,221079.47,66
121000.00000000003,245694.45,58
590000.0000000003,520629.6,55
210000.0,263167.25,41
158550.0000000001,138726.67,82
294999.9999999998,380980.75,88
158999.99999999997,152860.9,72
40000.0,62287.594,72
218999.99999999988,153039.0,19
220500.00000000012,244981.31,15
297000.0000000002,270143.94,70
549000.0000000005,437269.38,70
179500.00000000015,186790.75,91
461999.9999999998,364324.62,32
599000.0,458247.44,71
455000.0,437563.47,71
160500.00000000003,127812.38,22
1290000.0000000007,1052604.8,5
80000.0,101574.805,33
299999.99999999977,215240.36,87
365999.9999999997,340768.06,81
53850.00000000001,91680.85,82
259974.99999999983,327748.4,31
498999.9999999996,486822.25,74
231999.99999999997,177121.97,72
375000.00000000006,227763.66,65
567010.0000000002,638391.0,89
310999.9999999999,314737.44,62
188999.99999999988,165767.38,24
208000.00000000003,136409.16,50
108499.99999999999,92632.32,62
311500.0000000001,205980.44,37
155000.00000000012,184139.81,31
243800.0,170747.16,22
497999.9999999996,443699.84,29
233550.00000000017,257732.53,35
414000.00000000023,411871.34,88
237000.00000000003,296188.53,89
140799.99999999997,120275.195,76
449999.99999999994,440161.3,12
221500.0000000002,265707.78,15
240000.00000000003,314363.7,79
86400.00000000007,87845.195,55
289999.9999999999,245647.12,30
239558.00000000015,217122.03,42
76099.99999999996,104753.4,54
225000.00000000015,127812.75,10
433999.99999999965,364558.53,77
649999.9999999995,740666.75,88
96999.99999999999,87822.24,32
255999.99999999985,209743.4,18
997500.0000000007,1148757.2,60
294000.0000000001,248230.31,15
395000.00000000035,406875.3,32
294999.9999999998,287046.2,77
725000.0000000006,656904.94,89
139499.9999999999,157240.64,57
82699.99999999994,81256.77,39
535500.0000000001,323766.0,27
288999.9999999999,302500.53,40
425000.0000000002,518643.84,69
178999.99999999994,230244.39,72
548000.0,533760.3,0
390000.00000000035,396203.06,88
339999.99999999994,348484.38,12
118274.99999999996,96448.625,14
155000.00000000012,109181.67,77
279000.0000000001,217583.86,42
199000.0000000001,166731.83,40
286000.00000000023,399659.5,13
354999.9999999998,428440.62,28
395000.00000000035,349264.28,87
384000.00000000006,512452.38,74
369999.99999999977,295456.44,15
134999.99999999997,138093.88,26
165000.00000000015,203151.67,73
1229999.9999999995,1197777.8,71
255999.99999999985,293531.5,29
484999.99999999965,436222.7,71
395161.99999999965,442936.72,68
379999.9999999999,359401.84,65
336500.0000000001,309523.25,29
297999.9999999998,262732.66,36
139000.00000000003,139671.2,10
199000.0000000001,238663.12,41
105499.99999999993,124514.72,1
315000.0000000002,330754.94,72
170000.00000000012,157570.73,44
659999.9999999995,914629.5,79
270000.00000000006,301513.2,63
209799.99999999994,187900.81,32
171999.99999999988,190561.75,31
275000.0000000002,245328.73,87
312000.0000000001,272951.66,88
480000.00000000006,585273.75,71
152999.9999999999,129417.95,10
170000.00000000012,212895.69,60
129599.99999999994,95946.336,9
372999.9999999999,474313.03,5
435000.0,368249.2,88
112350.00000000004,184190.56,17
463000.0000000004,404876.1,73
430000.00000000023,325021.4,32
1140000.0000000002,1008846.25,79
192399.9999999999,133503.48,58
86000.00000000001,134736.38,56
75000.00000000004,88749.914,37
229950.00000000003,167273.17,20
169900.00000000003,125531.89,1
272900.00000000006,717733.0,81
560000.0000000003,326584.9,36
700000.0000000006,656579.9,19
194500.0,213114.27,18
449999.99999999994,424546.16,24
719999.9999999995,769871.25,71
420000.0,321665.2,38
267500.00000000006,320958.88,12
175000.00000000012,192743.14,15
385000.00000000023,384738.22,5
249000.00000000006,173143.88,52
199000.0000000001,190739.38,65
93999.99999999997,190148.75,18
138000.00000000006,100615.79,32
262500.00000000023,208516.03,45
99000.00000000004,102603.51,11
228000.00000000003,240625.39,15
240000.00000000003,327997.0,32
498200.0000000002,364174.9,58
91840.00000000004,101672.01,82
58000.00000000003,50546.438,1
187000.00000000012,107622.195,20
229000.00000000006,216772.38,12
289999.9999999999,389569.78,36
884999.9999999998,1259167.8,71
940000.0000000006,876080.3,88
239000.00000000003,199909.4,91
1155000.0000000005,1113754.6,74
229000.00000000006,329160.47,74
820000.0000000005,560913.5,55
44999.999999999985,80730.29,48
168500.0,523995.84,28
134999.99999999997,147385.7,36
178999.99999999994,180766.19,10
240000.00000000003,223998.23,60
124999.9999999999,130025.63,32
258000.00000000015,276490.62,56
530400.0000000005,517117.75,41
269000.0,327305.16,12
280000.0,292346.97,87
296500.0000000002,294732.34,5
48000.00000000004,60201.223,72
128790.00000000006,122883.11,61
116399.9999999999,107658.016,58
339999.99999999994,303450.28,70
273999.99999999994,212371.5,67
270000.00000000006,342750.34,89
99000.00000000004,114316.09,21
157999.99999999997,181123.73,32
1260000.0,493324.7,13
250999.99999999988,158114.31,59
265000.00000000006,381406.47,73
395999.9999999999,423003.94,73
604999.9999999998,473872.22,33
109999.99999999991,139770.08,72
472500.00000000035,340433.5,53
329000.0000000003,295360.38,65
273999.99999999994,238500.44,58
397999.99999999977,1002644.4,35
319000.0,507229.9,15
261000.00000000012,207452.48,87
749999.9999999998,754402.6,71
334000.0000000002,315547.12,35
239177.0000000002,241457.77,45
170000.00000000012,209128.81,56
236249.9999999999,208212.8,33
259000.0,294078.72,70
149000.0,154905.9,76
244900.00000000015,234114.81,5
237000.00000000003,245984.94,87
162000.00000000012,112138.26,6
183500.00000000006,187215.2,83
236199.99999999985,182173.7,73
146999.99999999988,117636.44,42
148000.00000000015,285387.4,29
142249.99999999988,96919.336,76
365750.0000000001,326856.62,32
349649.9999999997,389312.03,91
210000.0,253731.17,56
349999.9999999997,125555.36,20
379600.0000000001,386959.3,88
28999.999999999996,32776.49,30
306999.99999999994,382426.66,33
69499.99999999996,217676.44,43
230000.0000000001,397418.6,60
108000.00000000001,327907.53,57
210000.0,278885.97,70
259999.9999999998,183885.88,45
173999.99999999997,123538.9,14
729999.9999999998,728728.44,18
230000.0000000001,139274.16,40
424998.99999999965,402966.6,89
84000.00000000003,103096.3,36
149000.0,292016.5,47
112999.99999999993,103521.52,44
297999.9999999998,158422.06,77
169499.99999999985,172297.88,24
299999.99999999977,316119.4,32
189500.0000000001,222160.77,31
486999.9999999998,461909.34,87
725000.0000000006,896732.0,88
139999.9999999999,167001.89,19
327359.9999999998,334404.94,91
199999.99999999997,217162.62,5
531500.0000000005,391046.4,31
163899.9999999999,172923.08,38
230000.0000000001,240734.88,12
123000.00000000009,181841.83,77
129900.00000000012,98393.42,1
395399.99999999994,310371.0,52
249000.00000000006,249660.25,79
223000.00000000003,250588.39,46
1448999.9999999993,1477676.6,71
244999.99999999997,198467.98,42
355999.99999999994,310609.38,89
332000.0,285300.62,61
320000.00000000006,318556.22,79
219429.00000000003,252013.4,63
130999.99999999997,137387.81,82
566500.0000000002,463371.53,32
279000.0000000001,223085.16,79
171999.99999999988,175505.92,77
265999.9999999998,202279.78,74
115590.00000000003,101813.09,39
256799.99999999988,301101.12,32
112000.00000000004,108961.56,52
339999.99999999994,344053.44,88
409000.0000000001,458305.56,12
915000.0000000002,925719.8,32
940000.0000000006,945673.8,90
181000.00000000006,191713.95,91
615000.0,536836.6,72
220500.00000000012,226801.48,25
156999.99999999994,107356.484,62
415000.00000000006,410226.47,5
398999.99999999977,337876.34,90
224000.0,235217.45,32
198000.00000000006,205337.72,25
297500.0000000002,326324.3,73
605999.9999999994,278717.9,42
829000.0000000002,590404.4,79
229000.00000000006,195804.38,58
305999.9999999998,304728.6,80
233199.99999999994,225046.58,22
163524.99999999985,213622.78,32
790000.0000000003,715140.06,90
169000.00000000012,124177.58,51
362499.9999999997,336735.03,31
995000.0,900991.5,74
199999.99999999997,165945.95,69
846000.0000000001,937829.6,71
397999.99999999977,434044.06,44
162000.00000000012,198891.84,33
398999.99999999977,420845.6,41
156000.0,167978.97,6
398240.00000000006,138094.67,20
328000.0000000002,268169.75,5
241039.99999999994,252413.66,33
1080000.0000000002,1080191.4,5
1158000.0000000007,947221.8,5
448000.0000000002,391015.44,89
269000.0,260700.98,55
173999.99999999997,232375.77,29
149000.0,149421.28,75
133000.00000000012,121036.016,48
240000.00000000003,354239.34,32
223599.99999999997,232504.78,49
360000.0000000001,377713.25,65
269025.0000000002,305596.16,89
348149.99999999994,197665.19,83
358200.0000000001,358202.84,74
52000.000000000044,106328.89,35
1193999.9999999998,768954.75,71
407999.99999999965,184656.66,42
160400.00000000015,190777.03,60
309000.00000000006,271142.8,45
136999.9999999999,147175.3,79
349999.9999999997,506729.97,74
144450.0,139287.17,61
327000.0000000001,290743.25,90
225999.9999999998,268295.34,12
221999.99999999983,224942.08,70
339200.00000000023,282733.16,44
617999.9999999999,523018.3,90
337600.0000000003,258666.27,35
1630000.000000001,1444167.8,71
78850.00000000004,157365.3,51
592800.0000000003,438870.72,12
585000.0000000003,433902.1,65
395999.9999999999,265196.66,41
212799.9999999999,203017.06,79
188100.00000000003,155423.53,78
182000.00000000003,170490.72,25
735000.0000000005,598014.9,42
315000.0000000002,230445.17,45
390999.99999999977,589234.94,36
468999.9999999998,312982.53,55
498999.9999999996,353740.4,53
265000.00000000006,183290.6,73
270000.00000000006,246038.2,80
268927.9999999999,162065.33,29
398999.99999999977,276889.1,22
76000.0,137453.47,14
499999.99999999977,408488.03,88
167000.0000000001,218466.92,63
348149.99999999994,391548.7,38
108499.99999999999,164936.03,44
203999.99999999985,185047.12,32
49500.0,215145.12,33
86000.00000000001,148451.6,65
1370000.0000000007,978687.94,88
167999.9999999999,227157.14,46
820000.0000000005,515633.47,15
460000.0000000002,486855.22,73
974999.9999999999,795647.0,74
210000.0,231592.6,31
202999.9999999999,211513.47,39
495000.0000000004,380140.22,24
162999.99999999988,218239.33,79
165850.0,105309.93,2
620000.0000000005,728114.3,88
265000.00000000006,254197.17,64
225999.9999999998,211122.52,91
221550.0,251411.36,89
134999.99999999997,169911.9,79
630000.0000000006,644582.7,88
495599.99999999994,305022.56,43
155149.99999999988,154931.62,46
149000.0,188593.97,1
349999.9999999997,374415.88,19
895000.0000000007,324929.38,25
501600.0000000002,518165.78,27
191000.00000000015,214005.92,65
929999.9999999993,707448.4,18
189999.9999999999,187357.56,57
89000.00000000004,141033.27,76
379000.0000000002,306446.88,17
481274.9999999998,588156.44,14
621600.0000000001,616136.5,80
435000.0,462570.16,89
152000.00000000006,162233.88,45
118000.00000000009,84702.59,72
849900.0000000002,631196.7,74
111599.99999999999,192278.1,66
294999.9999999998,301960.38,29
124899.99999999993,152307.06,1
249000.00000000006,381923.3,72
649900.0000000006,449271.4,33
263000.0000000002,266893.28,20
118000.00000000009,173297.34,82
339900.00000000006,330174.4,29
739999.9999999999,663247.7,88
337000.0,264422.38,87
1350000.0,1371705.4,88
53599.99999999999,89117.25,41
258000.00000000015,283600.53,90
96500.00000000003,114263.555,76
198000.00000000006,260350.42,29
540000.0000000001,573351.2,88
147629.99999999994,113857.055,57
210999.99999999994,219194.64,24
33999.99999999999,49863.816,66
1525000.0000000005,1010785.8,88
105499.99999999993,144842.0,75
264400.00000000006,247172.95,73
280000.0,172652.67,32
242000.00000000017,220312.1,72
265000.00000000006,403346.1,73
162999.99999999988,172550.44,19
359000.00000000023,482484.97,65
86000.00000000001,95471.25,81
210000.0,247124.16,25
689999.9999999995,692008.06,5
157560.00000000015,126961.86,76
205999.99999999988,140116.14,53
364999.99999999977,373127.66,74
244600.00000000006,259753.47,14
398999.99999999977,394406.7,87
840000.0000000005,750879.8,88
219999.99999999983,103506.914,6
145899.99999999994,216208.11,58
188999.99999999988,228388.12,72
109000.0,154131.53,6
180000.00000000003,177445.56,38
420000.0,404656.06,12
109000.0,73372.4,47
441000.00000000006,341375.66,79
1650000.0000000007,1402469.1,71
799799.9999999994,810475.94,88
1490000.0000000002,680777.4,5
995000.0,1136460.4,71
549999.9999999998,444201.97,72
600000.0000000003,319942.12,71
357999.99999999977,323193.75,70
240000.00000000003,196211.31,89
420000.0,428398.16,87
195300.00000000003,307339.84,31
669000.0000000006,719090.94,12
191599.99999999994,184890.31,27
349999.9999999997,395291.22,73
444999.9999999997,374928.62,79
81000.00000000007,98622.836,55
125500.00000000006,133309.22,32
158999.99999999997,169090.23,12
373999.99999999977,445250.0,90
157999.99999999997,209071.39,68
196000.0000000001,239253.81,22
100990.00000000003,226973.72,33
379999.9999999999,328678.34,12
288749.9999999999,302028.62,58
214499.99999999985,149161.17,19
227800.00000000006,187429.77,13
823999.9999999994,1071480.6,28
206999.99999999994,428269.47,20
95000.00000000001,133480.06,2
176699.9999999999,148351.11,1
230000.0000000001,213075.66,87
467955.00000000023,476579.7,41
339999.99999999994,293595.6,12
219999.99999999983,265515.78,56
114999.99999999991,214434.12,42
653000.0000000001,547397.6,88
157500.00000000006,172366.73,30
155499.9999999999,237084.67,87
129999.00000000006,116947.72,60
330000.0000000001,318077.5,74
1539999.9999999988,1295888.6,71
495000.0000000004,526782.7,79
379999.9999999999,266447.22,6
109999.99999999991,107772.35,6
484999.99999999965,567048.75,88
244999.99999999997,401452.25,70
185000.00000000006,189672.42,22
376000.0000000003,355684.5,74
188999.99999999988,188675.64,62
615000.0,966035.8,89
237000.00000000003,238972.88,79
448999.99999999994,366628.16,32
589000.0,758299.2,70
231999.99999999997,184421.53,56
169949.99999999988,272602.8,41
120000.00000000004,109308.36,9
269000.0,239963.11,90
258474.9999999999,376228.1,45
594999.9999999997,426967.75,24
439000.0000000001,549701.56,28
187000.00000000012,179623.4,79
139499.9999999999,123644.98,36
398999.99999999977,568162.25,28
839900.0,951540.56,79
334000.0000000002,386038.94,79
1031000.0000000002,1119771.0,79
255000.0000000001,273136.53,88
890000.0000000002,777680.7,71
474999.99999999977,579793.3,65
787499.9999999994,981945.2,88
291999.9999999998,290906.88,13
369000.0000000001,241584.22,91
415000.00000000006,429732.5,73
99000.00000000004,230272.94,30
288999.9999999999,399430.12,32
199899.99999999997,280816.62,29
768999.9999999997,576595.1,74
178499.99999999985,201612.64,67
283000.0000000001,298877.06,15
177065.00000000015,184615.27,89
334999.9999999998,321218.56,74
1249999.999999999,1004124.7,5
729999.9999999998,667034.6,32
501999.9999999998,544218.8,12
416999.9999999998,350233.9,32
225000.00000000015,183514.64,32
148000.00000000015,172624.67,58
195000.00000000006,257356.0,87
114999.99999999991,112810.16,11
142000.0,162743.08,81
739999.9999999999,658889.44,88
271000.0000000002,307436.56,29
188999.99999999988,171272.97,73
719999.9999999995,676778.8,60
225000.00000000015,245642.67,8
326000.0,305840.75,19
173800.00000000003,160455.61,81
324999.9999999999,528484.5,74
430499.99999999994,279694.34,24
148000.00000000015,205563.83,5
363964.9999999998,324178.16,14
515000.00000000006,620580.56,88
162999.99999999988,157852.3,79
360000.0000000001,338946.88,79
319000.0,375631.2,88
214000.00000000017,194908.8,56
570000.0000000001,366897.12,25
186375.00000000015,183374.34,83
530000.0000000003,523428.97,90
178499.99999999985,191014.25,29
337999.99999999977,291803.8,70
575000.0000000001,1006532.1,12
249366.0,280989.16,63
275000.0000000002,326695.8,12
1141400.0000000002,1047753.4,65
284999.99999999994,153427.44,40
249999.9999999998,185627.4,29
214000.00000000017,245032.94,36
205000.0,215479.62,63
183000.00000000012,204291.16,82
540300.0000000003,512497.34,90
218999.99999999988,202257.78,1
1495000.000000001,954121.25,79
55000.00000000004,65081.207,10
1380000.0000000005,786291.94,5
1350000.0,1225341.8,88
834000.0,279205.3,70
318000.0,430579.62,90
289999.9999999999,221611.0,32
316999.9999999999,337844.78,71
397999.99999999977,344232.97,65
64800.000000000044,164459.95,58
308000.0000000001,156500.55,31
179500.00000000015,112107.88,67
180000.00000000003,168587.86,15
387999.9999999999,353502.97,73
614595.9999999998,665698.2,88
748800.0000000003,636912.7,32
149800.00000000003,79644.234,27
415000.00000000006,359695.34,60
729999.9999999998,771934.94,71
339400.00000000023,353471.28,0
314000.0,311210.1,80
364000.00000000006,398171.62,76
109499.99999999991,101232.266,85
589000.0,548791.2,5
73999.99999999997,94475.21,67
192600.00000000017,275893.5,89
155000.00000000012,156306.34,55
241500.0,219617.73,28
422000.00000000006,315825.3,53
121000.00000000003,148595.8,79
1179999.9999999993,1502347.2,71
29999.99999999999,136072.89,28
127899.99999999993,189632.44,58
120000.00000000004,142056.06,19
560000.0000000003,591528.2,90
131249.99999999997,158479.34,29
495000.0000000004,517550.9,87
376000.0000000003,278351.62,32
241860.00000000003,308700.5,77
716000.0000000003,728703.4,90
199000.0000000001,162674.81,35
320000.00000000006,278778.78,65
315000.0000000002,344588.7,63
490000.0,251026.83,14
969000.0000000008,665531.25,85
235000.0,233281.05,68
468000.0000000003,370753.56,65
315000.0000000002,313543.28,89
330000.0000000001,406516.16,73
213000.00000000015,284580.78,31
509499.9999999998,532547.7,88
191000.00000000015,198734.47,10
1080000.0000000002,1035266.25,88
64999.999999999956,107569.45,17
227000.0,203174.53,74
682499.9999999995,748349.06,5
363120.00000000006,345704.53,89
698999.9999999995,503711.4,74
244950.00000000015,221534.1,3
102000.00000000001,241554.5,29
324999.9999999999,367872.9,71
255000.0000000001,285890.0,88
93000.00000000007,96649.54,36
490000.0,437133.88,87
450999.99999999965,456818.0,65
252000.0000000001,214654.9,45
56000.000000000044,113170.17,85
208999.99999999988,233924.44,10
461999.9999999998,511638.34,74
1260000.0,651027.5,13
398999.99999999977,369227.5,70
150000.00000000006,195364.17,6
549000.0000000005,534193.7,71
310000.0000000002,357532.88,0
219999.99999999983,148361.86,32
379000.0000000002,469033.06,73
79000.00000000006,88801.305,55
599899.9999999997,683264.6,91
530000.0000000003,551223.94,70
131999.9999999999,109514.02,57
122499.99999999996,86811.82,47
64999.999999999956,158316.8,21
299000.00000000006,208168.33,32
318556.0,307193.62,63
208999.99999999988,211149.89,30
320000.00000000006,267938.66,29
348000.0000000002,345039.53,90
384800.00000000023,390516.8,31
240000.00000000003,341610.16,89
230000.0000000001,196325.12,73
161000.00000000006,183118.67,14
291000.00000000006,313556.44,55
218999.99999999988,237013.9,61
218999.99999999988,202010.08,12
320000.00000000006,323611.03,74
1525000.0000000005,1318383.9,88
344999.9999999997,380907.38,89
444999.9999999997,299239.84,88
570000.0000000001,485767.62,65
375000.00000000006,389603.6,52
507000.0000000003,340316.94,26
80000.0,87453.66,16
235000.0,249126.06,12
465000.00000000023,405071.12,71
217999.99999999988,150153.81,79
328000.0000000002,415889.44,18
854999.9999999993,416563.44,36
139999.9999999999,191650.16,30
39500.00000000001,55458.83,40
430000.00000000023,441169.06,60
844999.9999999993,502242.16,3
478000.0000000002,549339.94,90
130000.00000000009,110089.54,79
103000.00000000001,105876.375,68
104999.99999999997,100261.86,2
241020.0000000001,294734.6,52
664999.9999999995,697158.25,88
56000.000000000044,148336.69,6
620000.0000000005,584429.3,12
590000.0000000003,558349.06,31
171199.99999999985,137427.12,82
146999.99999999988,101079.94,72
87999.99999999996,89892.22,77
598500.0,600250.06,32
599000.0,911420.0,5
225000.00000000015,184123.83,12
291999.9999999998,291627.4,74
339999.99999999994,441756.38,52
146999.99999999988,172716.06,73
579999.9999999997,473545.6,79
840000.0000000005,513659.94,60
244999.99999999997,242256.3,41
328599.99999999977,145425.81,87
334999.9999999998,319182.97,79
463000.0000000004,459400.0,88
371500.0000000003,293506.84,90
64999.999999999956,156165.69,16
455000.0,491801.3,87
212000.00000000017,188334.97,28
448999.99999999994,436384.53,71
219900.00000000015,236418.83,41
109999.99999999991,134608.84,27
294999.9999999998,252940.9,24
218999.99999999988,181291.53,13
969999.9999999999,845007.8,88
244999.99999999997,263048.3,32
208999.99999999988,153759.8,50
183749.99999999994,137402.1,68
167999.9999999999,135220.14,75
174900.00000000006,147250.27,16
221999.99999999983,438814.22,73
108000.00000000001,98595.56,82
214000.00000000017,225180.55,89
330000.0000000001,380209.1,5
199000.0000000001,192962.92,46
230000.0000000001,251188.23,29
341087.00000000023,382551.78,41
180000.00000000003,129556.38,19
76199.99999999994,96949.29,81
315000.0000000002,249967.34,28
409999.9999999997,382132.8,67
158999.99999999997,195236.97,58
356999.99999999994,399908.1,71
215000.0,214210.11,56
173750.0,190060.81,76
269000.0,218570.92,87
785000.0000000006,1105617.5,88
291436.0000000001,396693.44,70
314900.0000000001,303121.12,32
820000.0000000005,719978.2,88
240000.00000000003,298968.84,73
291999.9999999998,145091.69,85
159999.99999999997,158675.03,32
133000.00000000012,112311.96,75
299000.00000000006,340562.4,29
75500.00000000006,127216.14,13
630000.0000000006,616530.3,74
579999.9999999997,781694.5,31
100000.00000000004,134627.84,40
64999.999999999956,124208.02,77
275000.0000000002,236298.47,43
139499.9999999999,111409.984,33
239000.00000000003,235416.06,65
339999.99999999994,294144.06,89
162500.00000000012,152882.77,72
269359.9999999999,203416.11,52
267999.99999999977,238211.75,42
270000.00000000006,303711.12,50
64999.999999999956,127710.28,10
254000.0000000002,246138.88,91
112000.00000000004,188552.61,15
477000.00000000006,374274.88,79
418999.9999999998,334349.44,90
229000.00000000006,205244.72,73
379999.9999999999,135476.23,32
780000.0000000001,943297.7,88
225000.00000000015,183312.1,87
95000.00000000001,91320.63,50
239000.00000000003,297507.78,40
275000.0000000002,263111.53,60
362000.0,335862.03,13
230000.0000000001,205222.8,60
620999.9999999997,576296.06,15
349999.9999999997,176717.53,62
270000.00000000006,372077.25,89
249999.9999999998,165262.42,37
380999.99999999977,289583.78,74
93999.99999999997,113211.625,85
850000.0000000005,605445.0,74
342000.0000000002,299062.7,74
129000.0000000001,110222.43,14
299599.99999999977,308949.38,22
794999.9999999998,680059.7,88
398999.99999999977,517395.97,88
352000.0000000003,353831.16,88
63999.99999999997,150725.4,52
446999.9999999999,641576.94,32
1049000.0000000007,1109634.8,65
649999.9999999995,614283.6,71
244999.99999999997,245203.6,29
142000.0,146396.97,36
310000.0000000002,325627.34,31
161000.00000000006,176224.92,48
186699.99999999983,255798.55,55
249000.00000000006,286945.47,12
474999.99999999977,625224.2,12
359000.00000000023,300600.2,79
178383.00000000003,154506.97,91
230000.0000000001,218173.56,33
73200.00000000001,91252.73,14
325500.0000000002,422903.5,22
377999.99999999994,261866.16,74
229000.00000000006,306574.03,76
29799.999999999975,102121.65,79
259999.9999999998,243140.92,4
95000.00000000001,118296.26,36
479000.00000000035,482375.94,12
826999.9999999995,1144596.2,74
284999.99999999994,536956.94,36
228000.00000000003,261763.03,31
155000.00000000012,161839.05,55
371999.9999999998,272042.34,88
32999.99999999999,72187.125,77
798999.9999999997,507594.28,73
794999.9999999998,871414.8,79
449999.99999999994,459409.2,71
293000.0000000001,297943.9,1
143000.0000000001,94048.2,24
297999.9999999998,325095.2,41
397999.99999999977,473467.0,79
452999.99999999977,496811.88,5
379999.9999999999,452069.78,65
180000.00000000003,200026.12,10
960000.0000000006,610055.1,12
235000.0,251126.69,72
435000.0,295161.88,10
479000.00000000035,386669.72,88
55000.00000000004,293025.53,39
143000.0000000001,272934.22,28
36699.99999999997,68366.07,8
544999.9999999997,386521.16,74
1237113.000000001,624554.4,81
469999.9999999998,795047.0,71
320000.00000000006,366373.34,89
255000.0000000001,257746.3,90
156999.99999999994,121280.98,72
617000.0,569352.25,65
568999.9999999995,526689.25,90
204899.99999999985,197639.56,32
339999.99999999994,288367.03,89
146299.99999999994,156966.3,12
219999.99999999983,231894.48,89
134500.00000000006,133266.62,78
649999.9999999995,943216.75,88
281999.99999999994,244554.83,91
231000.0000000001,317464.72,25
188999.99999999988,150435.17,73
395999.9999999999,457437.47,71
258474.9999999999,294149.7,89
330000.0000000001,332638.7,62
178999.99999999994,229677.7,56
201600.00000000012,206834.95,65
244999.99999999997,251756.38,5
349029.9999999997,428153.1,60
189500.0000000001,198713.44,79
369999.99999999977,412465.66,71
180000.00000000003,183471.6,12
158499.99999999997,124799.805,32
354999.9999999998,475514.62,5
360000.0000000001,305963.88,32
145000.00000000012,117165.63,85
390350.00000000023,307473.53,43
218999.99999999988,162814.95,85
129000.0000000001,170930.45,32
455000.0,473223.25,32
435999.99999999965,497468.03,79
126999.99999999991,122763.4,62
79899.99999999997,96864.266,72
138000.00000000006,184736.8,45
195000.00000000006,150414.52,40
90500.00000000001,74763.99,75
420000.0,479152.72,88
448999.99999999994,413622.2,4
323999.9999999999,265301.12,65
249000.00000000006,192562.72,60
345840.0000000002,218382.98,33
276999.9999999998,166968.28,53
169000.00000000012,229317.88,41
344999.9999999997,406588.66,32
474999.99999999977,408169.12,29
50000.000000000015,80852.73,40
468999.9999999998,892368.3,5
499199.99999999994,650649.5,74
398999.99999999977,272619.44,79
218999.99999999988,208240.8,79
465000.00000000023,267469.16,82
659999.9999999995,626626.4,88
465000.00000000023,385307.0,91
235000.0,226265.48,10
189999.9999999999,166391.42,12
139999.9999999999,130142.62,73
147289.99999999988,144458.9,48
418999.9999999998,326962.0,56
169000.00000000012,187317.72,59
579999.9999999997,577642.5,36
116000.0000000001,135289.66,36
289999.9999999999,293773.72,69
594595.9999999998,615665.44,88
249999.9999999998,204982.02,80
99000.00000000004,152684.03,61
339000.00000000023,283688.47,89
178999.99999999994,205935.45,56
304999.99999999977,289814.2,77
139999.9999999999,68114.6,60
330000.0000000001,401534.94,65
129000.0000000001,112375.71,20
444999.9999999997,556804.3,70
108099.99999999997,161313.6,13
1050000.0000000007,1152737.8,88
134999.99999999997,113968.734,12
120000.00000000004,123053.27,62
295999.99999999977,149982.36,85
265069.00000000006,194146.31,12
196699.99999999994,206189.36,64
138000.00000000006,107230.42,16
418999.9999999998,373893.12,12
210000.0,129062.0,66
140999.99999999994,120938.87,38
304999.99999999977,192857.5,12
80000.0,64529.05,62
62999.99999999995,151271.03,57
225000.00000000015,307113.94,31
345500.00000000023,209525.89,85
93999.99999999997,81145.88,61
170660.00000000003,282728.8,31
899999.9999999995,717406.56,79
379000.0000000002,439858.75,74
334000.0000000002,359819.9,70
82000.0,115642.89,47
249000.00000000006,290465.25,74
124999.9999999999,132330.95,55
240000.00000000003,215172.02,19
76999.99999999997,81894.164,40
597939.9999999999,607651.25,25
845359.9999999997,785788.2,70
1279999.9999999988,1395164.1,88
689900.0,943017.94,79
418999.9999999998,345921.53,29
171999.99999999988,180848.1,91
130000.00000000009,263054.1,53
188000.00000000012,256325.78,72
539000.0000000001,652748.3,79
632000.0,516420.38,5
199000.0000000001,253010.14,65
326000.0,360483.8,31
177500.00000000015,83531.7,53
367500.0000000003,339526.94,13
174900.00000000006,252280.81,76
310000.0000000002,272438.53,79
448999.99999999994,338915.84,32
435999.99999999965,482185.06,71
199499.99999999994,254731.3,66
129000.0000000001,125849.54,24
1445000.0000000012,1446774.5,71
202999.9999999999,180206.78,65
95999.99999999996,111401.695,62
520000.0,307028.44,5
180000.00000000003,164206.06,6
304000.00000000023,325120.94,29
64200.00000000003,111813.4,35
299999.99999999977,322074.06,69
125699.99999999991,175757.5,55
466400.00000000035,305015.56,20
284000.00000000023,281455.53,28
187440.00000000017,90582.055,14
382999.9999999997,446206.44,88
122000.00000000003,201839.84,70
225000.00000000015,234763.86,79
148000.00000000015,176163.6,32
312000.0000000001,329926.06,73
329000.0000000003,340964.72,32
280000.0,380058.66,12
147279.00000000012,211235.1,91
344510.0000000003,296316.53,35
695000.0,603566.8,5
238000.0,257423.52,27
1099999.9999999998,1102012.1,12
219989.99999999988,296547.5,5
276000.0000000002,317718.53,31
172999.9999999999,200660.83,50
698999.9999999995,603941.06,12
416000.0,404708.53,88
155000.00000000012,156979.48,90
339999.99999999994,387115.8,5
227499.99999999997,291341.66,70
159499.9999999999,158843.1,30
344999.9999999997,415563.12,12
644000.0000000003,678086.44,28
299000.00000000006,276422.34,83
170000.00000000012,139407.84,85
1680000.0000000005,1237252.1,71
224000.0,257221.3,40
336000.00000000006,406092.66,13
299000.00000000006,270377.7,44
87999.99999999996,90209.29,15
32999.99999999999,57083.65,82
450999.99999999965,464952.7,65
249000.00000000006,226356.78,12
237000.00000000003,264420.1,5
159574.0000000001,151219.69,45
435000.0,363750.4,33
133999.9999999999,151508.25,72
195000.00000000006,283102.78,38
292320.0000000002,372464.94,15
989999.9999999992,1413417.6,71
100000.00000000004,88193.555,63
175000.00000000012,211034.14,25
176400.0,157469.03,36
182000.00000000003,168165.7,25
265000.00000000006,222703.17,12
999999.9999999997,693540.2,91
185000.00000000006,270716.22,19
168500.0,191052.69,12
689999.9999999995,794338.44,5
281999.99999999994,274192.75,32
189999.9999999999,297604.53,32
175000.00000000012,206276.1,33
447200.00000000035,264127.75,46
173999.99999999997,92162.66,45
153500.0,150683.88,24
499800.0000000004,497001.4,88
162000.00000000012,165567.83,62
267999.99999999977,237926.12,25
163799.99999999997,109672.47,55
465000.00000000023,364256.88,71
311500.0000000001,220647.05,79
789000.0000000007,880982.44,79
219999.99999999983,201132.53,12
184000.00000000015,109032.98,19
146999.99999999988,142137.1,73
332999.99999999977,412876.12,52
709199.9999999995,482360.75,70
1050000.0000000007,899761.0,29
129099.99999999994,178332.83,87
133999.9999999999,235995.56,20
187000.00000000012,114696.23,55
1150000.0000000005,776001.94,32
267999.99999999977,183475.1,58
718999.9999999999,898533.1,32
185000.00000000006,182947.08,20
544999.9999999997,837464.2,65
167200.00000000003,199043.45,24
240000.00000000003,204354.48,76
435000.0,483758.0,74
334999.9999999998,304792.53,80
519950.00000000023,571204.1,41
615000.0,525283.2,35
299000.00000000006,249622.16,44
933999.9999999997,865201.75,5
96299.99999999997,216027.36,12
244999.99999999997,252817.19,74
210000.0,317510.44,81
430000.00000000023,148087.2,70
398999.99999999977,377552.25,79
549000.0000000005,436859.66,64
271000.0000000002,217583.66,85
139950.0000000001,186296.19,20
570000.0000000001,563348.94,32
253000.0000000001,208213.8,44
167999.9999999999,199712.75,56
169000.00000000012,157038.03,28
176000.00000000006,181429.22,20
125199.99999999994,150013.55,1
549000.0000000005,505364.7,36
72500.0,105847.7,64
334000.0000000002,325010.88,29
243000.00000000003,249982.36,47
1150000.0000000005,1033224.5,71
714999.9999999995,713301.0,60
180000.00000000003,219000.33,43
344999.9999999997,278072.5,24
98399.99999999996,133689.25,83
560000.0000000003,350187.8,18
195749.99999999994,160054.88,10
177199.99999999985,544772.4,24
620000.0000000005,859322.2,32
239000.00000000003,266672.2,5
129000.0000000001,323447.22,22
310000.0000000002,291346.1,55
98000.00000000003,191852.05,79
94300.00000000003,98458.75,75
578000.0000000005,1076596.9,79
54899.99999999996,85826.52,35
159499.9999999999,136067.31,85
92000.00000000007,205815.5,25
578000.0000000005,508698.72,79
320000.00000000006,295247.44,87
369999.99999999977,352564.3,73
369999.99999999977,307106.9,32
67999.99999999999,75748.75,2
138499.9999999999,151630.39,20
324999.9999999999,334711.56,23
281999.99999999994,362856.84,15
231999.99999999997,286396.5,35
249999.9999999998,260365.06,56
460000.0000000002,307703.5,70
158999.99999999997,119501.945,62
29899.999999999996,70984.3,34
689000.0000000006,770153.25,58
196000.0000000001,163620.64,87
418999.9999999998,484559.1,70
1160000.0000000002,741320.44,60
95999.99999999996,169320.19,41
125999.99999999993,76425.69,49
230000.0000000001,248766.14,65
320000.00000000006,340979.7,60
205999.99999999988,177430.0,41
234998.99999999994,229553.1,37
341000.0000000002,265630.25,35
416999.9999999998,458200.25,89
249000.00000000006,363084.94,79
166384.00000000006,143920.83,26
134999.99999999997,130942.13,79
348999.99999999994,329218.25,89
263000.0000000002,284696.4,89
112000.00000000004,105938.086,52
1098999.9999999993,1101914.4,88
123000.00000000009,143694.95,32
460000.0000000002,470410.53,90
260899.99999999997,193592.39,80
692000.0000000001,546322.75,38
365999.9999999997,371486.9,35
259999.9999999998,402599.0,52
89650.00000000006,90698.234,83
749999.9999999998,642079.5,71
224000.0,249483.64,0
139999.9999999999,121750.664,34
129000.0000000001,197862.66,67
112999.99999999993,170776.8,41
199999.99999999997,200680.55,58
79800.00000000004,105253.195,72
134489.9999999999,97947.96,32
249990.00000000006,243178.95,70
794999.9999999998,1074811.9,5
480000.00000000006,389519.25,65
189999.9999999999,112277.37,53
422000.00000000006,501630.88,89
169000.00000000012,209693.61,19
628999.9999999997,519640.97,32
98000.00000000003,109508.9,2
568999.9999999995,785923.8,88
429900.0000000001,482296.34,35
288999.9999999999,305393.38,49
649999.9999999995,692202.75,12
188899.99999999988,189211.72,55
278000.0000000002,346642.12,62
395000.00000000035,403233.78,70
346500.0000000003,553370.8,41
296500.0000000002,176358.92,29
575000.0000000001,570221.7,74
344999.9999999997,280056.8,12
138000.00000000006,107293.44,6
133999.9999999999,186834.94,63
449634.00000000035,450130.44,41
950000.0000000008,699240.4,56
820999.9999999998,717635.1,88
218999.99999999988,164771.58,80
414000.00000000023,442271.5,79
430000.00000000023,534404.1,31
463000.0000000004,460616.06,73
479000.00000000035,518874.9,87
365999.9999999997,367277.3,73
158999.99999999997,275353.06,91
649999.9999999995,590570.5,18
217999.99999999988,130889.695,40
188000.00000000012,229397.06,76
369000.0000000001,271385.2,6
296700.0000000001,212957.42,64
395069.99999999994,208037.73,73
262500.00000000023,260014.2,59
299900.0,366969.9,41
1290000.0000000007,1113562.4,79
255999.99999999985,157853.66,54
913999.9999999998,657817.06,90
1282000.0000000005,759836.0,12
369999.99999999977,320670.38,88
228000.00000000003,249817.2,79
320000.00000000006,297504.66,88
344999.9999999997,417134.3,12
619000.0000000003,579826.5,65
65900.00000000003,131623.86,44
247000.00000000006,242960.58,69
139499.9999999999,137332.0,77
376000.0000000003,375106.03,74
258474.9999999999,289429.72,89
513999.9999999996,330182.6,12
387999.9999999999,310898.9,5
100099.99999999994,126397.55,75
109724.9999999999,102040.66,35
729999.9999999998,743934.5,22
490000.0,433895.06,29
468000.0000000003,501219.62,41
265000.00000000006,269993.0,33
159999.99999999997,187933.08,41
999500.0000000003,360010.75,79
385000.00000000023,408139.16,79
142000.0,157639.42,73
84999.99999999996,153824.03,59
233999.9999999999,260530.23,89
171999.99999999988,114865.46,32
466000.0,524667.44,87
549000.0000000005,608300.06,29
91500.00000000007,110248.92,55
330000.0000000001,165720.9,12
249000.00000000006,197036.02,70
537999.9999999998,756625.44,5
379600.0000000001,201025.33,14
110500.00000000001,139887.69,77
76999.99999999997,91023.875,10
291999.9999999998,177230.95,75
228000.00000000003,193537.38,29
80660.00000000006,110839.51,13
339000.00000000023,271472.44,82
515000.00000000006,623719.25,87
254000.0000000002,195998.67,63
49000.00000000002,80093.86,37
219999.99999999983,300998.34,29
139000.00000000003,158796.14,32
215999.99999999985,184127.16,7
101000.00000000003,195487.55,52
285500.0,285333.53,89
259000.0,177806.05,82
210999.99999999994,241900.53,22
257600.00000000012,265235.34,89
1284999.999999999,862807.25,70
180000.00000000003,214054.7,35
628999.9999999997,367031.5,13
357500.0000000001,303188.2,72
209048.00000000012,235959.1,3
58999.99999999997,93861.92,85
221999.99999999983,217517.69,89
315000.0000000002,293947.22,31
497999.9999999996,442214.56,91
697000.0,669943.0,31
244999.99999999997,270335.7,87
68999.99999999997,95238.54,76
279000.0000000001,310312.72,32
155000.00000000012,130451.414,22
129599.99999999994,106902.15,14
169000.00000000012,158828.25,72
578000.0000000005,435726.66,88
267000.0,208926.1,80
315000.0000000002,388185.72,33
271999.9999999999,266490.66,32
142000.0,153407.1,65
299499.99999999977,331127.34,5
379800.0,322591.12,31
284999.99999999994,250163.84,68
741599.9999999995,834930.6,87
420000.0,598871.5,5
112000.00000000004,137407.33,80
348999.99999999994,365834.28,88
520000.0,439394.22,33
425000.0000000002,449950.16,74
67999.99999999999,78862.11,85
40000.0,47930.207,20
77999.99999999994,81189.84,11
796899.9999999998,879477.3,90
242000.00000000017,220170.31,20
233999.9999999999,293940.47,87
70999.99999999994,103301.89,67
360000.0000000001,320984.0,87
195000.00000000006,190455.1,87
291000.00000000006,281229.88,56
158999.99999999997,145877.67,80
414000.00000000023,327788.72,12
73999.99999999997,79767.23,32
54000.00000000001,173665.95,68
188500.00000000003,190274.64,13
190799.99999999994,192141.72,79
299000.00000000006,327052.75,11
324999.9999999999,278780.12,83
390000.00000000035,307924.84,19
181000.00000000006,190672.81,91
299000.00000000006,311467.22,28
145000.00000000012,82484.86,75
430000.00000000023,465450.03,60
334999.9999999998,378491.38,31
202999.9999999999,257589.28,26
261999.99999999994,174367.61,28
698999.9999999995,741340.2,88
258000.00000000015,248662.48,10
1400000.0000000007,452455.38,24
780000.0000000001,703631.3,71
382000.0000000002,434780.66,41
349999.9999999997,337850.56,19
172999.9999999999,182961.39,27
96999.99999999999,72708.15,72
415000.00000000006,469881.9,12
356999.99999999994,355816.12,5
224000.0,304919.88,90
409999.9999999997,448221.2,71
159975.00000000006,145578.45,72
283500.0000000002,150047.6,47
302999.9999999998,233177.17,73
332800.00000000023,351640.88,68
299900.0,356835.94,35
128399.9999999999,116077.68,72
397999.99999999977,388193.84,88
630000.0000000006,393740.38,5
64999.999999999956,201075.38,62
148000.00000000015,115319.65,57
205000.0,209231.95,69
889000.0000000006,889187.75,71
239000.00000000003,232730.84,65
170000.00000000012,258188.64,29
84989.99999999993,84043.51,42
327000.0000000001,322175.16,31
219999.99999999983,233464.66,68
356999.99999999994,383783.6,5
478399.99999999965,431891.56,15
146999.99999999988,155919.69,60
299999.99999999977,281600.78,79
627500.0000000001,636606.6,41
265000.00000000006,280810.2,42
28900.0,63018.83,7
395000.00000000035,294109.84,32
146999.99999999988,162453.27,76
180000.00000000003,198063.53,80
371999.9999999998,334635.9,79
169000.00000000012,226654.02,73
389000.00000000035,442482.0,31
310999.9999999999,399807.8,31
199499.99999999994,132572.1,14
172499.99999999985,160321.45,56
217999.99999999988,170793.58,87
280000.0,302262.03,80
208999.99999999988,180468.36,53
214000.00000000017,179600.28,12
261999.99999999994,195636.02,33
106499.99999999996,112171.734,35
229499.99999999997,277299.22,73
794999.9999999998,740697.1,71
174499.99999999994,198067.69,89
348499.9999999998,382408.4,17
123000.00000000009,90125.79,55
371999.9999999998,361499.06,90
337579.99999999994,330052.25,32
288999.9999999999,182549.72,10
258474.9999999999,274907.8,13
343999.99999999977,477068.06,83
253199.9999999999,283835.94,89
238000.0,306474.34,3
180200.0,147469.92,28
359000.00000000023,316254.5,87
349999.9999999997,373355.47,5
219999.99999999983,135050.28,48
299000.00000000006,225979.75,22
254000.0000000002,209194.25,90
270000.00000000006,193816.11,79
498999.9999999996,457797.53,29
1095000.0000000005,762731.4,69
621051.9999999998,413482.16,91
759999.9999999999,760088.94,71
178999.99999999994,127316.516,28
161120.00000000012,236287.64,63
625000.0000000002,554061.5,31
145999.99999999997,144475.72,45
716999.9999999997,317682.2,25
182000.00000000003,159750.95,32
880000.0,893228.25,18
210000.0,247350.52,29
394900.0000000002,343784.16,32
385602.99999999994,261041.83,83
133999.9999999999,107821.7,36
349999.9999999997,361370.16,31
347000.00000000023,397994.34,32
381442.99999999994,320559.7,89
529900.0,443009.8,62
389000.00000000035,241807.81,91
561059.9999999997,468867.16,52
188999.99999999988,213150.66,79
379999.9999999999,352832.72,18
89000.00000000004,115726.96,66
95000.00000000001,99046.805,10
299000.00000000006,305082.78,73
237000.00000000003,205065.11,87
249999.9999999998,97024.85,60
198000.00000000006,258584.39,30
149000.0,308189.84,58
430000.00000000023,286298.72,24
146999.99999999988,125678.75,54
364999.99999999977,186802.69,8
96999.99999999999,228620.86,72
129900.00000000012,120796.27,8
438000.00000000035,392674.28,3
291999.9999999998,330469.28,15
205000.0,273000.6,73
291999.9999999998,282438.6,53
281000.0000000001,180332.28,28
274499.99999999994,317225.03,68
257000.00000000015,250550.88,72
267999.99999999977,271968.7,58
1295000.0000000007,1160084.8,18
180000.00000000003,246119.88,67
171199.99999999985,92418.78,14
1350000.0,1172148.8,5
157999.99999999997,120838.91,62
294999.9999999998,173733.2,10
144499.99999999994,251039.77,41
259999.9999999998,225051.52,65
336000.00000000006,303691.72,16
64989.99999999999,72192.56,35
213000.00000000015,548190.1,6
1314999.9999999998,962056.7,5
1179199.999999999,926025.3,5
152000.00000000006,227626.2,29
188999.99999999988,138168.17,77
249000.00000000006,373833.6,28
449900.00000000035,255929.83,36
71999.99999999996,89515.375,10
698999.9999999995,495185.62,90
1099999.9999999998,1071613.5,71
486900.0000000002,464908.38,29
189999.9999999999,286537.75,65
287000.0000000001,301180.97,29
93000.00000000007,73987.09,83
394000.0000000002,336787.7,79
1247999.9999999995,877410.6,35
379000.0000000002,400109.53,89
254400.00000000006,219529.36,44
87999.99999999996,84348.234,60
357999.99999999977,420143.8,5
473000.00000000006,817023.44,89
475999.9999999996,566219.8,38
398999.99999999977,417304.22,90
224000.0,238129.75,61
585000.0000000003,637727.75,71
619000.0000000003,440744.3,89
840000.0000000005,985094.8,10
149800.00000000003,144092.36,10
448000.0000000002,350622.9,73
103305.00000000006,122443.02,75
170000.00000000012,118075.8,75
89000.00000000004,91331.17,40
150000.00000000006,192152.16,58
214000.00000000017,183769.3,26
714900.0,552885.0,73
263000.0000000002,205492.47,73
218999.99999999988,269711.2,73
87799.99999999994,148966.27,67
398999.99999999977,275643.94,22
570000.0000000001,573038.5,12
284999.99999999994,347631.3,24
798999.9999999997,656413.94,88
449999.99999999994,377908.16,90
333760.00000000023,252143.23,31
239000.00000000003,303427.97,12
233999.9999999999,219672.83,62
142000.0,114299.086,66
208999.99999999988,188872.23,77
368000.00000000023,335361.44,73
224000.0,281718.44,25
299000.00000000006,240338.48,5
568000.0000000001,464378.38,10
193499.99999999985,229868.78,89
129300.00000000006,98278.26,45
253000.0000000001,174087.31,69
71999.99999999996,73933.34,28
1590000.000000001,1310217.9,5
249000.00000000006,217295.83,56
520000.0,460525.56,74
329000.0000000003,291698.9,24
221999.99999999983,224413.69,29
109999.99999999991,119969.33,85
272999.9999999998,370098.62,32
95999.99999999996,142672.45,11
375000.00000000006,358756.66,88
549000.0000000005,704097.1,5
244999.99999999997,250893.05,73
139099.99999999997,235153.08,35
360000.0000000001,267226.16,77
249999.9999999998,189188.62,0
319000.0,329067.6,12
267000.0,317395.1,12
267999.99999999977,312471.34,42
992000.0000000005,703031.6,31
299000.00000000006,301029.34,65
188999.99999999988,241223.23,22
356999.99999999994,301793.1,41
134999.99999999997,164985.11,11
420000.0,340923.1,74
195000.00000000006,204113.94,73
278000.0000000002,293590.0,88
420000.0,307480.84,77
144450.0,139772.73,74
711000.0000000001,557245.75,30
225999.9999999998,233169.16,19
284849.9999999999,210004.4,57
364999.99999999977,326789.6,5
570000.0000000001,544523.0,88
265000.00000000006,229839.19,29
239000.00000000003,184449.5,32
383433.00000000006,349312.9,29
517999.9999999999,537338.06,32
210000.0,163893.94,65
85100.0,105730.67,68
925000.0000000007,798027.8,89
90500.00000000001,143263.66,35
698999.9999999995,710351.4,88
145000.00000000012,188683.02,32
319000.0,390927.44,79
198000.00000000006,156321.98,48
155000.00000000012,86466.11,31
274799.99999999977,234446.81,12
384000.00000000006,481303.88,32
84999.99999999996,75688.45,85
935000.0000000006,967168.75,71
180000.00000000003,201975.02,56
349999.9999999997,240672.67,5
249000.00000000006,327708.1,5
50000.000000000015,99117.766,81
84999.99999999996,133567.67,67
315000.0000000002,296282.06,74
250999.99999999988,268405.38,13
199000.0000000001,187295.39,72
259000.0,286997.75,38
188000.00000000012,180986.12,55
398999.99999999977,446408.6,65
1194999.999999999,1052977.2,88
398999.99999999977,269807.7,5
452999.99999999977,785004.7,88
884000.0000000002,579324.6,32
330000.0000000001,410337.97,79
418000.00000000023,288366.78,65
508799.9999999996,292602.75,52
369999.99999999977,337715.28,33
215000.0,154291.25,56
525000.0000000003,558333.06,65
343999.99999999977,247548.03,27
354999.9999999998,384653.47,60
100000.00000000004,142631.92,73
177000.00000000006,186977.89,75
240000.00000000003,186762.25,52
291000.00000000006,263904.16,73
86000.00000000001,89359.375,1
328599.99999999977,337980.44,62
50000.000000000015,109075.516,85
449999.99999999994,500084.7,28
281000.0000000001,252005.97,65
249000.00000000006,254654.55,58
127500.00000000001,157717.47,80
67000.0,87492.28,25
125390.0000000001,168572.27,55
355300.00000000023,300675.03,52
164800.00000000006,203977.72,41
369899.9999999998,324060.72,32
150000.00000000006,176429.75,12
235999.9999999999,238679.97,5
51289.99999999998,64282.562,66
149000.0,124281.01,51
231000.0000000001,198963.73,56
280000.0,481231.34,32
416999.9999999998,264696.88,31
320000.00000000006,597416.9,79
145000.00000000012,145106.62,79
40000.0,99713.66,43
265000.00000000006,421171.62,31
229900.00000000006,273170.12,91
244699.99999999983,233594.5,5
167000.0000000001,166515.08,12
279166.0,474095.06,31
113999.99999999996,86399.51,16
926999.9999999994,1025727.6,88
283500.0000000002,312469.88,80
1290000.0000000007,1371114.2,79
352000.0000000003,362538.97,70
310000.0000000002,240324.5,41
337999.99999999977,328130.9,32
198000.00000000006,170849.78,12
137500.00000000012,106274.555,39
28750.000000000007,79695.29,34
369000.0000000001,293879.38,25
819000.0000000002,881947.5,3
219999.99999999983,204118.02,42
299000.00000000006,293031.4,79
420000.0,345434.28,56
418000.00000000023,374585.2,41
275000.0000000002,431507.84,41
371000.00000000006,745275.9,56
1112999.9999999995,1073786.4,5
114999.99999999991,138797.88,17
224000.0,198035.77,79
171999.99999999988,63113.797,75
1519999.9999999998,1354450.2,88
109000.0,123001.18,53
780000.0000000001,728907.75,28
222599.99999999997,133195.1,15
299000.00000000006,374920.75,73
178999.99999999994,209212.61,22
87999.99999999996,140999.5,28
209669.99999999983,307057.4,22
299900.0,226085.6,64
855750.0000000005,535766.6,31
344999.9999999997,334220.0,73
166000.00000000003,187554.2,49
149000.0,163247.81,35
108000.00000000001,134499.0,32
130000.00000000009,114601.76,51
218999.99999999988,169919.84,41
339000.00000000023,364777.62,38
228579.99999999988,299642.78,35
452999.99999999977,496811.88,5
483000.00000000023,626134.1,74
60000.000000000015,73756.016,77
267989.99999999994,496901.4,31
1229999.9999999995,1348843.0,71
120000.00000000004,132782.02,58
375000.00000000006,131347.61,44
136999.9999999999,151120.06,79
394000.0000000002,399579.47,70
630999.9999999999,688211.9,88
281249.99999999994,224628.03,10
339999.99999999994,339424.3,33
1200000.0000000005,546445.25,5
68999.99999999997,118033.35,24
1099999.9999999998,866424.6,71
224720.0,282380.4,68
749000.0,796921.25,88
173224.99999999988,205496.0,83
476800.0,306156.53,41
60000.000000000015,112365.31,73
480000.00000000006,353086.53,71
435000.0,333669.06,74
558999.9999999998,535639.94,77
416000.0,330480.94,41
405000.0000000001,493491.28,88
215000.0,281207.9,12
995000.0,1122547.8,71
257000.00000000015,293494.25,72
239199.99999999985,198696.38,70
165850.0,229509.97,12
249000.00000000006,281428.97,15
332999.99999999977,157919.45,57
239900.0000000001,213139.67,31
306652.0,394873.0,33
364000.00000000006,397530.03,15
119839.99999999994,103915.9,68
162500.00000000012,212362.78,56
281333.00000000023,284561.5,91
397999.99999999977,481902.78,78
154100.0,175852.89,12
29999.99999999999,39116.1,66
180000.00000000003,200140.22,63
520000.0,375477.88,24
269670.0000000002,260394.86,71
106000.00000000001,178036.64,0
184399.9999999999,158186.7,91
265000.00000000006,256040.66,22
457000.0000000003,345598.38,91
299900.0,347829.97,15
299000.00000000006,312449.9,5
271999.9999999999,300919.44,36
1039499.9999999995,909820.3,71
169000.00000000012,169726.3,74
206999.99999999994,199787.62,31
566500.0000000002,464062.28,52
288999.9999999999,228639.19,69
472500.00000000035,485338.38,46
1400000.0000000007,1255946.4,74
199000.0000000001,254047.89,31
207899.99999999997,232042.7,18
169000.00000000012,135421.33,73
169372.99999999997,241340.36,63
49989.99999999997,77621.086,2
148000.00000000015,158861.42,45
413000.00000000006,565819.25,87
344850.0,424808.6,5
468599.99999999965,603577.1,60
255999.99999999985,253265.8,79
238739.9999999999,191981.81,68
172950.00000000012,216796.16,43
299000.00000000006,486593.4,60
435000.0,329136.62,5
235999.9999999999,190860.39,6
257000.00000000015,253418.25,31
557499.9999999999,486744.25,52
444999.9999999997,467974.6,89
282510.00000000023,267234.06,71
369200.0000000003,640612.8,75
588000.0,580010.06,71
1519999.9999999998,1314863.1,88
416999.9999999998,264696.88,31
235000.0,209834.23,32
468000.0000000003,426410.25,73
940000.0000000006,1064955.6,90
200450.00000000006,193461.53,72
394000.0000000002,529077.5,33
369000.0000000001,462939.1,28
35999.99999999998,71542.336,28
455800.00000000035,389949.66,20
444999.9999999997,386311.84,89
435999.99999999965,394811.25,5
55000.00000000004,109599.07,12
69130.00000000004,91254.12,43
288999.9999999999,298322.62,79
241500.0,173024.86,69
80000.0,77381.76,10
649999.9999999995,359536.56,52
124999.9999999999,178110.17,37
330199.9999999999,383663.2,90
155000.00000000012,176372.72,91
318000.0,223225.4,6
347000.00000000023,401578.6,32
426000.0000000002,405868.1,31
409000.0000000001,405144.16,31
264000.00000000006,120549.305,47
227703.9999999998,225421.4,32
367500.0000000003,413628.88,73
360000.0000000001,454001.03,8
339000.00000000023,332913.5,6
167999.9999999999,226850.16,73
124999.9999999999,139273.36,47
209400.00000000003,247384.48,45
387999.9999999999,350259.94,73
324999.9999999999,257893.83,36
520000.0,530676.4,45
649999.9999999995,1177400.9,31
191999.99999999997,210039.45,29
95000.00000000001,120233.11,36
392000.0,294243.94,60
139999.9999999999,293115.53,79
212500.00000000017,177011.53,45
394000.0000000002,371791.72,79
44999.999999999985,92114.766,29
673000.0000000005,695061.1,88
283500.0000000002,202627.89,38
49000.00000000002,117267.36,1
197000.00000000015,190067.7,29
465000.00000000023,608070.4,23
369499.9999999999,409998.44,87
219999.99999999983,184965.97,12
289999.9999999999,288061.94,12
255000.0000000001,297935.1,88
188999.99999999988,211519.53,82
270400.0000000002,355528.5,20
398999.99999999977,276495.38,15
178999.99999999994,188270.14,41
259974.99999999983,249734.3,31
289999.9999999999,252547.05,73
341000.0000000002,324632.66,56
106000.00000000001,168849.17,76
80000.0,148532.6,72
28000.00000000002,70895.33,55
375000.00000000006,382187.12,74
29999.99999999999,56542.32,10
729999.9999999998,676532.3,65
241500.0,220787.66,12
537600.0000000001,355361.72,52
266800.0000000001,197655.2,35
392000.0,314802.0,69
515500.0000000003,538562.1,73
272999.9999999998,213296.25,77
124000.00000000007,144585.3,75
61049.99999999998,94378.67,68
149000.0,162209.12,25
222599.99999999997,113093.57,66
719999.9999999995,471114.97,58
884000.0000000002,633517.9,91
346500.0000000003,304421.0,81
447899.99999999977,418602.03,32
649999.9999999995,390095.1,79
299000.00000000006,228138.88,56
222599.99999999997,286212.2,12
739999.9999999999,752367.9,88
77200.00000000004,83525.17,55
118999.99999999993,153018.72,55
201499.99999999988,218253.47,32
299999.99999999977,241469.28,60
349999.9999999997,231300.56,29
188000.00000000012,213393.9,48
420000.0,436085.84,88
198500.00000000006,162929.75,16
249999.9999999998,204982.6,41
99500.00000000001,113936.24,56
165000.00000000015,186550.61,60
1050000.0000000007,795998.4,60
354165.0000000002,320558.78,4
165000.00000000015,214146.6,53
203999.99999999985,150346.97,40
189999.9999999999,197817.75,14
823999.9999999994,677294.06,88
674999.9999999998,408914.44,88
99000.00000000004,103369.5,80
134999.99999999997,146942.9,12
95000.00000000001,119091.69,54
212000.00000000017,203862.6,29
390999.99999999977,347735.44,74
73000.00000000003,77097.79,24
320000.00000000006,280929.4,58
193499.99999999985,239563.88,46
120000.00000000004,184273.67,58
95000.00000000001,193341.66,21
545800.0000000005,450433.2,83
275069.9999999999,365310.28,41
349899.99999999994,410323.5,13
415000.00000000006,382031.88,80
281999.99999999994,253438.8,14
718999.9999999999,662512.5,88
749999.9999999998,674418.1,88
318000.0,245046.5,22
745199.9999999998,827549.56,31
161850.00000000003,168264.69,27
269000.0,259729.69,38
1229999.9999999995,608209.0,37
101989.99999999997,170651.44,80
549999.9999999998,314134.12,29
237000.00000000003,252934.62,70
249999.9999999998,298706.38,12
219999.99999999983,261080.92,12
490000.0,709275.06,5
686399.9999999998,426069.22,24
420390.00000000006,559180.9,52
281999.99999999994,266879.78,29
549000.0000000005,434188.12,5
178999.99999999994,198143.27,1
302000.00000000006,371043.62,15
76999.99999999997,129633.016,55
216899.99999999983,207488.3,90
624000.0000000006,312153.25,4
1150000.0000000005,816363.0,65
299000.00000000006,272655.06,79
794999.9999999998,585618.25,65
288500.0,275181.12,42
313899.9999999998,328289.6,55
540000.0000000001,469646.72,32
763000.0000000001,964531.6,13
610000.0000000005,452689.75,29
664999.9999999995,815279.2,5
785000.0000000006,642152.4,36
399900.0,352225.56,63
159749.99999999994,178083.69,72
367500.0000000003,405721.4,32
127999.99999999997,232133.45,60
452000.0000000001,647383.3,15
719999.9999999995,806818.94,71
590000.0000000003,418990.62,74
275000.0000000002,264504.34,41
290125.0,347411.9,90
449900.00000000035,495031.22,45
649999.9999999995,607919.0,31
1020000.0000000005,1051477.0,88
79000.00000000006,262042.28,52
360000.0000000001,406629.0,5
974999.9999999999,839182.25,74
315000.0000000002,206790.17,62
349999.9999999997,451982.72,19
123000.00000000009,140003.67,56
158999.99999999997,271204.1,80
899999.9999999995,867847.8,71
597999.9999999998,750671.44,12
309000.00000000006,203558.36,24
330000.0000000001,336141.12,90
175000.00000000012,118437.93,68
630000.0000000006,689404.8,79
1040000.0000000009,753241.6,70
265999.9999999998,218415.67,70
149000.0,238864.88,65
270000.00000000006,311835.2,79
269880.0000000001,312084.5,41
249000.00000000006,209669.81,5
426350.00000000006,424896.94,41
1200000.0000000005,886728.56,5
325500.0000000002,234216.64,15
798999.9999999997,926401.6,71
208999.99999999988,203827.4,52
319499.99999999994,418721.4,31
199999.99999999997,275447.9,45
148000.00000000015,191162.6,45
1469999.999999999,1084156.4,79
255999.99999999985,247330.7,5
210000.0,199167.44,89
259974.99999999983,244360.86,31
700000.0000000006,474112.25,73
320000.00000000006,598421.06,31
448999.99999999994,566343.5,28
255000.0000000001,255840.52,29
299999.99999999977,218101.17,56
989999.9999999992,1153642.8,71
124000.00000000007,114576.516,64
156999.99999999994,129294.22,9
109000.0,190224.38,54
33999.99999999999,50904.273,77
226899.9999999999,209060.83,65
494000.0000000004,258186.17,15
360000.0000000001,422293.34,29
228000.00000000003,164246.94,91
276500.00000000006,248089.02,33
48000.00000000004,72569.805,68
60999.999999999956,123257.76,11
113399.99999999996,130701.086,12
244999.99999999997,304886.44,79
520000.0,358569.9,22
79899.99999999997,101627.23,22
125999.99999999993,108787.44,78
213000.00000000015,251559.1,24
195799.99999999994,118006.67,68
430000.00000000023,447220.34,74
162999.99999999988,216034.58,12
244000.00000000003,244545.03,73
428000.00000000023,337566.84,73
29999.99999999999,70534.39,54
392000.0,415412.16,15
120000.00000000004,177479.6,12
287999.9999999999,295900.0,89
375000.00000000006,390974.06,38
157500.00000000006,115047.445,42
279000.0000000001,409116.9,5
535600.0000000002,353651.34,20
915000.0000000002,994096.25,88
261999.99999999994,184729.05,83
645000.0,738562.0,88
182500.00000000012,219393.33,46
169000.00000000012,194161.5,29
415360.0000000003,472480.97,90
249000.00000000006,234145.84,20
1495000.000000001,1438187.6,88
63999.99999999997,93960.52,75
509499.9999999998,238015.33,50
619000.0000000003,506764.78,73
272999.9999999998,179188.47,82
590000.0000000003,672793.5,71
979999.9999999997,741482.3,12
80000.0,101792.414,37
494400.0000000003,632768.5,52
279000.0000000001,280965.84,80
232100.0000000001,163421.19,25
116499.99999999991,141195.56,56
62999.99999999995,70321.81,77
402000.0000000001,394829.7,33
243800.0,230762.73,31
320000.00000000006,393327.53,89
414000.00000000023,338479.78,74
1150000.0000000005,956650.5,71
659999.9999999995,389306.8,67
938999.9999999999,946632.06,31
319000.0,159287.56,6
415000.00000000006,445539.7,79
936000.0000000008,946566.2,88
444999.9999999997,446812.38,71
87499.0,96269.24,84
344999.9999999997,204448.25,77
188000.00000000012,157310.38,1
1099999.9999999998,1042857.7,71
267999.99999999977,219920.38,33
727999.9999999999,481493.03,15
232100.0000000001,148528.06,20
167000.0000000001,162286.03,2
101199.99999999997,92842.91,28
369000.0000000001,404153.9,12
371999.9999999998,532674.6,73
288999.9999999999,306108.06,5
700000.0000000006,735689.6,15
222599.99999999997,243128.86,14
995000.0,918401.06,65
48824.99999999997,86304.305,68
460000.0000000002,653133.1,71
127500.00000000001,112821.13,9
342000.0000000002,397709.38,5
107000.00000000003,115821.03,48
649000.0000000006,560497.5,88
118799.9999999999,151983.94,32
324999.9999999999,314668.72,15
184974.99999999997,244870.36,41
226499.99999999985,229829.11,73
202000.0000000001,186753.0,55
76000.0,74716.664,56
315000.0000000002,254379.78,12
181049.99999999985,141472.95,29
152999.9999999999,178320.25,91
162999.99999999988,197165.89,13
60000.000000000015,78897.31,59
272999.9999999998,298389.78,13
299000.00000000006,384783.0,84
398999.99999999977,365369.16,90
249999.9999999998,138481.22,50
291000.00000000006,245841.19,25
254000.0000000002,311655.3,65
460000.0000000002,530418.3,74
935000.0000000006,881812.1,88
634399.9999999999,696938.9,2
312000.0000000001,564552.6,4
520000.0,367919.9,76
275000.0000000002,336953.16,77
299999.99999999977,171412.67,11
520000.0,508093.12,88
180000.00000000003,169399.17,29
134999.99999999997,171116.39,41
249899.9999999999,301930.72,90
710580.0000000002,657693.5,31
315000.0000000002,170389.94,20
284999.99999999994,236391.55,10
156999.99999999994,167669.11,55
452999.99999999977,367159.66,18
698999.9999999995,700995.06,90
33999.99999999999,73669.55,85
272999.9999999998,247815.42,56
388500.0,284660.84,31
549000.0000000005,529784.4,79
225000.00000000015,310165.06,55
235999.9999999999,297419.84,73
196000.0000000001,187952.08,87
481199.99999999994,425622.47,89
112000.00000000004,125883.99,72
84000.00000000003,122357.11,32
413799.99999999965,270260.4,87
209499.9999999999,195753.4,28
844999.9999999993,960153.9,71
377999.99999999994,501249.25,90
297000.0000000002,225979.75,73
379999.9999999999,445977.12,12
134999.99999999997,274029.62,7
926999.9999999994,839982.2,71
255999.99999999985,173917.72,10
369899.9999999998,463608.88,29
153500.0,131542.66,0
110249.99999999994,127712.836,29
269000.0,291775.7,91
635999.9999999995,965048.7,5
416499.99999999977,371860.88,44
210000.0,178140.42,74
704999.9999999995,667343.9,71
259000.0,234439.89,15
339999.99999999994,425250.03,73
199999.99999999997,195740.52,87
309750.0000000001,322196.03,33
109999.99999999991,137298.75,5
208000.00000000003,224559.48,72
299000.00000000006,347291.34,12
613000.0000000001,396613.62,63
259999.9999999998,183179.1,60
611325.0000000006,395592.2,31
86000.00000000001,94232.97,2
252280.00000000017,187383.66,31
590000.0000000003,529975.94,37
444999.9999999997,398710.44,31
362999.9999999999,388852.28,71
148000.00000000015,151749.31,89
1260000.0,1104673.2,13
151499.99999999997,178909.8,55
210000.0,247761.31,12
291999.9999999998,312243.47,14
415000.00000000006,328486.25,10
202000.0000000001,183671.17,60
259000.0,201480.97,87
662000.0,651745.0,88
435999.99999999965,306518.2,73
698999.9999999995,718580.2,80
278000.0000000002,323808.3,36
259999.9999999998,208489.8,5
255000.0000000001,301105.16,74
149800.00000000003,104430.32,14
68900.00000000004,61001.207,64
995000.0,866765.1,74
189840.0000000001,134518.5,47
178295.0000000001,172310.19,13
449900.00000000035,497432.94,74
302999.9999999998,333759.75,32
449999.99999999994,413834.06,18
552000.0000000003,564535.4,65
294999.9999999998,306560.6,31
429900.0000000001,600895.0,5
145000.00000000012,313539.1,89
208999.99999999988,269911.12,26
749000.0,551866.7,65
299900.0,311597.97,91
281000.0000000001,309099.97,91
265000.00000000006,263364.1,61
749999.9999999998,681171.6,31
339200.00000000023,396051.56,16
96999.99999999999,127835.664,85
674999.9999999998,955058.0,88
749999.9999999998,863084.6,88
275599.9999999998,186494.92,32
339709.99999999994,275185.06,73
1590000.000000001,850129.25,5
661349.9999999995,472656.28,55
142000.0,168260.52,73
275599.9999999998,227116.19,14
255000.0000000001,275357.53,24
171999.99999999988,184983.44,12
124000.00000000007,181527.34,0
279000.0000000001,215889.17,40
859999.9999999997,790619.25,71
118799.9999999999,160481.62,52
332700.0000000001,225098.73,85
998000.0000000008,524055.3,82
76000.0,92229.04,75
439000.0000000001,378306.97,91
194000.00000000006,113723.47,39
1099999.9999999998,1129749.8,79
426000.0000000002,437028.4,69
253399.9999999999,282954.88,45
271999.9999999999,178858.62,17
118999.99999999993,113157.55,2
649999.9999999995,463451.5,70
322700.0,364287.44,33
413000.00000000006,445719.03,73
969000.0000000008,808569.06,74
276000.0000000002,343448.28,52
114999.99999999991,117751.15,28
89500.00000000003,151960.45,85
366999.9999999997,187010.89,42
205000.0,186671.44,50
230000.0000000001,200553.69,50
978999.9999999997,602886.25,12
203414.99999999994,164160.5,15
269000.0,285508.56,5
175725.00000000006,153324.89,57
324999.9999999999,283818.34,18
173999.99999999997,171631.55,51
237000.00000000003,157775.23,56
116499.99999999991,121783.766,76
286199.9999999998,314557.72,27
307400.0000000002,264555.28,20
163999.99999999988,153472.8,53
297999.9999999998,276388.6,70
426000.0000000002,481147.84,56
89900.00000000007,157442.16,58
198500.00000000006,209662.4,56
272480.00000000006,257962.45,33
1030000.0,1217368.9,71
727999.9999999999,552657.75,65
1150000.0000000005,1042422.2,71
490000.0,390822.7,91
312000.0000000001,350070.6,52
336000.00000000006,254091.25,78
890000.0000000002,796953.94,90
318000.0,292408.3,29
181125.0,148874.66,81
203500.0,176132.52,76
587000.0000000005,566781.7,91
197024.99999999985,102323.74,22
549999.9999999998,572596.0,88
546499.9999999998,458327.84,33
118749.9999999999,117701.97,35
389000.00000000035,392319.4,88
89000.00000000004,111703.41,72
96600.00000000004,149545.03,62
449999.99999999994,413036.8,31
95000.00000000001,72828.27,77
785000.0000000006,889266.6,29
287000.0000000001,399355.84,42
599000.0,437038.4,90
480000.00000000006,401479.03,88
399500.00000000035,166500.95,44
884000.0000000002,695169.8,28
495999.99999999994,421560.6,5
180000.00000000003,183189.94,73
371999.9999999998,349521.84,87
355300.00000000023,505035.12,45
213000.00000000015,327525.94,32
462799.99999999994,511693.97,29
273999.99999999994,306089.97,73
549999.9999999998,705015.7,32
468999.9999999998,294742.2,65
218325.0,154675.62,35
625000.0000000002,690601.8,74
1040000.0000000009,952678.25,71
264000.00000000006,281556.75,56
96500.00000000003,68377.16,85
425000.0000000002,235460.52,15
75000.00000000004,143969.16,24
166000.00000000003,219805.47,5
656909.9999999999,278144.62,80
203999.99999999985,225102.17,91
759400.0000000006,572231.3,32
113399.99999999996,119045.13,53
579999.9999999997,670859.2,79
149000.0,120920.875,22
315000.0000000002,288371.72,45
130000.00000000009,211980.36,28
187000.00000000012,198888.61,14
504999.99999999977,502522.44,88
570000.0000000001,512717.34,88
148819.99999999997,146582.22,72
186560.00000000003,188849.19,32
213000.00000000015,105304.91,22
304999.99999999977,213696.95,31
276500.00000000006,312248.22,13
775000.0000000007,957941.44,89
213000.00000000015,212401.27,31
147499.99999999997,103253.234,55
794999.9999999998,829880.2,90
255000.0000000001,215637.92,88
349999.9999999997,297098.06,33
243000.00000000003,208117.7,72
830000.0000000005,634979.2,88
139499.9999999999,123482.24,79
217999.99999999988,205945.28,31
433999.99999999965,267573.75,55
570000.0000000001,425853.5,13
340259.99999999994,345149.12,32
230000.0000000001,213127.69,9
320999.9999999999,253309.77,12
148899.9999999999,180341.22,49
75000.00000000004,76328.81,76
385999.99999999977,324415.06,13
123699.99999999999,126276.82,57
157999.99999999997,136755.64,34
179900.00000000006,170460.48,65
390000.00000000035,390430.06,71
149500.00000000012,141722.78,65
254000.0000000002,272208.2,41
136500.00000000006,121809.32,42
1260000.0,749514.75,69
452999.99999999977,380311.72,43
1499999.9999999986,1174286.9,5
1214000.0000000002,1047206.94,71
146800.0000000001,146829.44,4
276999.9999999998,230135.28,90
87999.99999999996,253705.53,31
371999.9999999998,340995.62,87
689000.0000000006,989993.06,89
249999.9999999998,181559.03,35
195000.00000000006,181122.88,28
175000.00000000012,161917.94,59
235999.9999999999,473030.12,31
794999.9999999998,994322.9,79
455000.0,434934.94,71
729999.9999999998,667474.4,88
162999.99999999988,150132.62,72
243800.0,276539.94,76
177500.00000000015,197832.66,1
242000.00000000017,157847.17,45
339999.99999999994,370958.0,36
64999.999999999956,150854.11,6
430000.00000000023,389852.6,87
507000.0000000003,485128.28,88
80990.00000000004,73732.17,34
252000.0000000001,244166.12,45
149000.0,157216.19,32
139700.0000000001,181335.81,15
265999.9999999998,179502.33,55
549499.9999999995,508932.1,29
126999.99999999991,215850.47,46
616000.0000000005,507004.06,55
350900.00000000006,264055.2,89
249999.9999999998,323678.34,77
206699.99999999988,181799.0,73
369999.99999999977,313562.44,70
630000.0000000006,677198.5,72
225999.9999999998,219151.58,33
95000.00000000001,72390.77,86
178999.99999999994,170919.7,40
575000.0000000001,616429.2,71
549999.9999999998,254999.89,28
1320000.000000001,835554.3,79
455000.0,383866.3,90
798999.9999999997,622413.2,31
896100.0000000002,725514.3,79
498999.9999999996,520033.62,31
515000.00000000006,438957.78,15
549000.0000000005,661298.6,88
380999.99999999977,362121.2,89
217980.0000000001,187694.86,52
124500.00000000003,188064.14,30
233199.99999999994,192366.5,8
188999.99999999988,189179.6,75
222390.00000000012,187904.22,22
186599.99999999994,171268.06,42
364999.99999999977,465781.28,88
412000.0000000001,229382.19,73
428449.9999999999,263307.1,55
167000.0000000001,384931.28,27
195000.00000000006,213742.61,79
122000.00000000003,142416.89,47
60000.000000000015,115325.81,16
352000.0000000003,422787.78,32
339999.99999999994,340659.84,79
134999.99999999997,158752.08,89
173999.99999999997,213426.47,12
67999.99999999999,101317.45,67
109999.99999999991,109391.164,0
187000.00000000012,147950.0,24
230000.0000000001,291454.75,60
1424250.000000001,803038.3,15
106000.00000000001,171153.92,20
978499.9999999999,798423.7,52
371999.9999999998,314121.22,79
579975.0000000001,541849.5,80
192799.99999999994,183382.2,63
192150.00000000015,181939.48,26
163499.99999999988,193453.23,55
135999.99999999997,190310.94,7
343000.00000000006,314667.53,32
319000.0,297088.44,29
75000.00000000004,166826.94,25
161000.00000000006,162118.5,10
549999.9999999998,604550.1,88
610000.0000000005,530532.7,70
495000.0000000004,443584.34,71
398999.99999999977,341127.34,87
148000.00000000015,181851.55,72
281999.99999999994,248629.75,73
719999.9999999995,573037.94,90
376999.99999999977,340543.88,12
265000.00000000006,261867.66,59
32999.99999999999,55951.51,16
608999.9999999999,459339.97,73
425250.00000000035,417631.88,31
275000.0000000002,271527.06,22
286000.00000000023,287228.84,31
126100.00000000006,131942.58,20
149000.0,126688.625,80
1507000.0000000005,812176.6,70
152999.9999999999,140674.88,87
362128.9999999998,213667.2,14
62999.99999999995,87582.61,28
86500.00000000003,107438.625,19
199000.0000000001,281637.03,63
346000.0,351290.62,31
99990.00000000003,86588.234,41
702999.9999999999,538701.9,15
534437.9999999998,532406.5,79
238000.0,280437.94,62
42500.00000000003,84178.59,82
89799.99999999994,178313.95,68
1552499.9999999988,707369.44,81
1099999.9999999998,935833.7,40
284849.9999999999,178500.1,75
398999.99999999977,387573.88,71
600000.0000000003,413913.78,12
299000.00000000006,317297.03,87
467955.00000000023,458164.4,41
372999.9999999999,330486.9,56
177000.00000000006,163484.78,91
89000.00000000004,144528.78,24
188999.99999999988,272038.97,50
165989.9999999999,239561.81,74
114999.99999999991,136460.69,32
513000.00000000006,379236.06,89
798999.9999999997,607172.2,80
252000.0000000001,236172.08,79
312000.0000000001,160779.11,59
698999.9999999995,757550.3,90
221999.99999999983,333444.78,0
191999.99999999997,110517.37,60
725000.0000000006,552677.25,20
148399.99999999997,226753.03,30
649999.9999999995,933783.25,80
643749.9999999995,471704.78,33
429000.00000000006,371328.6,87
759800.0000000007,470708.53,33
139000.00000000003,105695.39,61
490000.0,386711.03,53
210000.0,246533.1,68
498720.00000000035,294930.0,59
439000.0000000001,345829.2,5
442000.00000000035,414532.4,88
299900.0,306308.38,29
349799.99999999994,326852.88,25
735000.0000000005,605248.75,74
55000.00000000004,56067.797,21
259000.0,392356.84,56
249569.99999999983,124559.734,41
297700.00000000023,306239.75,32
719999.9999999995,546321.2,31
87999.99999999996,108367.96,32
125999.99999999993,148025.08,10
116999.99999999991,312320.0,51
178999.99999999994,256730.9,72
519000.0,565949.9,41
409000.0000000001,367065.8,31
330000.0000000001,401618.8,71
425000.0000000002,294703.38,89
120000.00000000004,145765.73,65
599000.0,425006.75,67
1630000.000000001,1175476.8,5
130000.00000000009,130339.74,55
259999.9999999998,201189.12,29
343999.99999999977,453687.25,32
249999.9999999998,427735.2,14
89450.00000000001,126336.69,14
405000.0000000001,387111.03,29
310000.0000000002,277210.9,18
346000.0,391897.22,29
284000.00000000023,291615.2,15
141750.00000000006,135078.36,29
320000.99999999994,294576.1,91
226499.99999999985,250561.16,72
221500.0000000002,165163.16,25
309000.00000000006,349266.94,90
1495000.000000001,1255800.2,88
169000.00000000012,286103.03,5
202999.9999999999,195760.12,55
118899.99999999996,118092.234,1
280000.0,396099.56,28
420000.0,300623.97,56
160400.00000000015,152017.28,3
210000.0,181007.7,61
348999.99999999994,424264.06,15
280000.0,272815.28,65
435000.0,558958.0,70
552699.9999999997,304996.38,44
334400.0000000001,192746.62,11
157999.99999999997,168950.64,42
159999.99999999997,148108.53,31
270000.00000000006,193843.1,42
265000.00000000006,196438.61,19
622999.9999999998,497518.3,35
339999.99999999994,321160.06,31
178999.99999999994,118760.51,67
160500.00000000003,140668.97,22
48000.00000000004,74377.12,28
149000.0,97993.086,53
139999.9999999999,189000.53,57
188999.99999999988,176392.39,13
259700.00000000003,283743.66,22
153700.0,163016.78,5
159899.9999999999,175106.34,49
460000.0000000002,482918.16,0
172999.9999999999,199666.1,19
223399.9999999999,233568.88,38
70000.00000000001,129235.91,48
150000.00000000006,135932.81,53
249999.9999999998,257953.84,9
106000.00000000001,127575.52,49
275289.99999999994,169544.14,73
169900.00000000003,148733.6,91
120000.00000000004,86175.43,55
375000.00000000006,570226.06,32
229000.00000000006,246597.98,74
331450.0000000002,358857.28,88
115989.99999999994,173568.92,79
682499.9999999995,446605.34,31
249999.9999999998,293391.28,36
280000.0,298545.75,80
742000.0,679897.6,88
484999.99999999965,465363.94,60
468999.9999999998,476910.7,73
145999.99999999997,160137.02,73
379999.9999999999,251826.02,32
231999.99999999997,162825.05,17
321775.0000000002,405580.6,15
227000.0,284994.4,5
384000.00000000006,325954.8,73
278000.0000000002,276526.5,50
330000.0000000001,419499.62,41
133000.00000000012,291998.66,27
546999.9999999999,574183.44,65
116000.0000000001,90410.13,55
352000.0000000003,298380.94,65
146489.99999999994,169966.03,45
362000.0,292948.12,10
139099.99999999997,122512.52,75
382000.0000000002,379792.34,88
188999.99999999988,200640.36,39
158999.99999999997,166526.52,87
498999.9999999996,645231.56,79
495000.0000000004,380910.28,74
565000.0000000003,501670.56,5
173999.99999999997,137089.53,76
472900.00000000023,454975.4,90
224000.0,263637.25,67
212868.99999999997,263647.8,12
192999.99999999985,235366.67,33
219999.99999999983,213289.94,56
315000.0000000002,216823.03,19
590000.0000000003,502156.4,79
352000.0000000003,399699.53,12
1329999.9999999998,925255.56,91
194000.00000000006,143666.86,49
126999.99999999991,167932.36,42
107500.00000000003,93692.71,39
588000.0,599735.1,71
332000.0,352947.84,73
120000.00000000004,113268.0,81
239000.00000000003,266205.16,12
270500.0000000001,220910.44,28
359000.00000000023,395354.2,12
1389999.9999999988,1283348.9,71
1141400.0000000002,1093190.1,65
304999.99999999977,388021.75,38
99500.00000000001,198716.66,85
218499.99999999985,171605.19,32
890000.0000000002,748753.1,73
230000.0000000001,130530.31,78
645000.0,708898.44,79
150699.9999999999,293180.38,38
124999.9999999999,81910.336,45
461999.9999999998,422953.53,56
376999.99999999977,371882.16,88
249599.99999999988,192872.6,26
158999.99999999997,187379.19,9
235000.0,224247.67,6
138000.00000000006,167729.88,32
219999.99999999983,191932.02,5
265000.00000000006,254762.4,72
265000.00000000006,317171.2,53
1198999.9999999998,1209485.9,71
398999.99999999977,443856.88,60
96750.00000000004,134993.88,32
112590.00000000004,198019.53,22
136999.9999999999,189150.19,73
194000.00000000006,214342.53,90
281999.99999999994,236965.55,15
191999.99999999997,225172.6,90
495000.0000000004,300036.53,18
330000.0000000001,312020.8,36
599000.0,692583.75,79
377999.99999999994,390269.25,74
64999.999999999956,95661.45,32
238499.99999999985,279699.4,29
129989.9999999999,163636.1,1
197000.00000000015,174667.86,72
329175.00000000023,286903.06,81
75000.00000000004,108758.914,27
457999.99999999965,381357.72,5
199000.0000000001,196180.06,32
620000.0000000005,585530.0,88
240000.00000000003,279790.9,32
95000.00000000001,112777.56,83
440000.0000000002,548259.7,70
471999.9999999998,561748.6,5
255800.0000000002,298432.47,41
99918.99999999996,102791.06,75
270000.00000000006,342472.94,31
355300.00000000023,393638.25,88
178999.99999999994,207504.12,73
316999.9999999999,250964.36,63
240499.99999999983,322567.75,79
415000.00000000006,500316.06,71
588000.0,571861.44,12
425000.0000000002,295652.9,89
515000.00000000006,362384.1,72
267000.0,213712.44,25
749000.0,878949.06,31
206140.00000000006,245291.3,82
367500.0000000003,205882.05,85
169499.99999999985,177934.8,61
680000.0000000003,787651.1,5
281999.99999999994,296474.53,28
237299.9999999999,192666.5,87
279899.99999999994,237709.98,29
369999.99999999977,362613.3,71
152000.00000000006,152143.31,16
69499.99999999996,65504.008,25
242199.99999999994,225918.98,15
156999.99999999994,137999.75,89
1190000.0000000002,1004963.94,5
339000.00000000023,340396.47,31
197900.0000000001,229680.11,1
1190000.0000000002,899628.06,91
479000.00000000035,508872.4,88
55000.00000000004,43019.28,77
348999.99999999994,316615.4,5
102460.00000000003,94955.21,28
53000.00000000002,68053.63,3
170000.00000000012,195981.28,89
339999.99999999994,388403.8,80
229000.00000000006,188582.28,40
419689.0,423628.88,52
284999.99999999994,381699.03,65
334999.9999999998,254053.7,63
262351.99999999977,351938.47,13
280000.0,318510.06,91
565000.0000000003,486237.62,73
136200.00000000003,81967.84,82
749000.0,747354.9,74
398999.99999999977,419847.0,6
679799.9999999994,503216.38,79
244000.00000000003,278473.22,31
520000.0,484744.44,45
70999.99999999994,98745.19,60
437000.00000000023,511607.12,70
599000.0,425391.6,70
120000.00000000004,231073.25,62
645000.0,931600.44,74
131999.9999999999,121762.4,59
999999.9999999997,385555.12,28
145000.00000000012,142386.61,15
794000.0000000007,576470.3,62
178499.99999999985,226813.16,44
1235999.999999999,1124122.5,88
1139000.0000000002,1371059.2,88
65499.99999999995,82756.305,42
170000.00000000012,186200.27,32
360000.0000000001,313513.4,31
315000.0000000002,231693.11,65
314000.0,568231.06,29
185000.00000000006,188496.52,65
153999.99999999988,131994.17,7
682499.9999999995,249335.69,12
235000.0,274160.84,80
302999.9999999998,220400.36,79
315999.99999999994,314262.06,79
25000.000000000004,88170.84,52
249000.00000000006,155369.73,62
130000.00000000009,215239.95,47
291000.00000000006,475508.28,41
610000.0000000005,498543.75,71
229000.00000000006,245425.38,28
527999.9999999999,115847.766,69
223000.00000000003,200503.02,32
415000.00000000006,449114.62,91
743999.9999999993,762856.5,88
379999.9999999999,385457.3,28
139750.0000000001,152855.22,11
116999.99999999991,77482.266,15
188000.00000000012,305761.72,1
659999.9999999995,631771.2,88
217000.00000000012,275440.28,88
343399.9999999998,358268.1,0
349999.9999999997,322575.44,65
235000.0,169705.75,60
416000.0,259062.5,63
1525000.0000000005,1157128.0,5
210000.0,240419.4,79
497999.9999999996,372445.4,42
230000.0000000001,126995.16,42
289999.9999999999,613585.1,79
219999.99999999983,191172.25,56
689999.9999999995,669997.94,28
184974.99999999997,246927.22,41
769999.9999999997,791215.94,5
132499.9999999999,233131.81,62
84999.99999999996,154203.72,77
131999.9999999999,199725.7,85
449999.99999999994,384573.16,88
79000.00000000006,156735.34,39
139999.9999999999,214609.05,32
188999.99999999988,224746.31,22
698999.9999999995,565048.1,12
469999.9999999998,453362.84,32
362999.9999999999,243890.11,72
227900.00000000006,226230.31,29
365999.9999999997,400511.53,80
420000.0,454653.56,65
391229.00000000006,436432.0,88
390000.00000000035,335801.8,50
149800.00000000003,101256.89,44
219999.99999999983,173911.9,8
192799.99999999994,185268.92,63
273399.9999999999,326844.78,81
239000.00000000003,339862.88,25
249700.00000000017,345359.2,13
579999.9999999997,468188.4,5
484000.0000000002,387946.62,45
180000.00000000003,184126.81,29
74500.00000000001,168779.3,48
420000.0,339470.94,91
89900.00000000007,103894.49,55
156900.00000000012,148540.39,14
674999.9999999998,620456.25,0
275700.0,247784.47,54
1190000.0000000002,979325.6,90
249000.00000000006,255064.58,73
89000.00000000004,118898.54,36
215999.99999999985,214213.19,72
158999.99999999997,180051.48,64
129000.0000000001,181617.9,32
495000.0000000004,428000.0,0
275000.0000000002,248006.7,5
339999.99999999994,355460.7,71
315000.0000000002,324462.4,29
275000.0000000002,309741.78,70
229000.00000000006,257737.45,18
394000.0000000002,636794.9,74
819000.0000000002,633651.4,74
167200.00000000003,219090.56,87
379999.9999999999,290853.34,52
392200.00000000006,211754.67,25
1680000.0000000005,1612181.5,71
484999.99999999965,401204.6,29
170000.00000000012,176709.61,19
210000.0,234441.67,10
235000.0,71158.22,50
299000.00000000006,261320.3,37
109999.99999999991,226597.83,28
376500.0000000001,379124.3,88
67999.99999999999,103442.57,48
420000.0,435807.7,89
385000.00000000023,364246.8,18
449349.99999999977,458756.4,31
212000.00000000017,176507.16,22
600780.0000000001,446770.2,12
336500.0000000001,296599.25,90
232500.00000000017,179987.44,30
213000.00000000015,300550.6,72
186000.00000000012,184782.08,91
159499.00000000006,112491.94,33
116000.0000000001,116346.0,32
221999.99999999983,288030.62,45
269000.0,308796.47,28
184000.00000000015,167652.0,28
118999.99999999993,136908.84,36
252000.0000000001,228307.55,65
181899.99999999988,196381.86,1
188999.99999999988,162017.88,91
143500.0000000001,158930.67,22
398999.99999999977,403311.47,74
256279.99999999994,273013.34,87
231999.99999999997,238089.33,58
219999.99999999983,273102.94,10
99500.00000000001,118892.64,26
213199.99999999985,310697.97,80
56000.000000000044,111081.836,58
590000.0000000003,580971.7,31
156499.99999999985,100091.33,22
308000.0000000001,339531.16,73
109999.99999999991,180999.58,73
199999.99999999997,188711.28,36
162999.99999999988,168157.36,90
1050000.0000000007,840604.8,60
213199.99999999985,307424.84,30
294000.0000000001,146834.19,2
320819.00000000006,278765.25,41
316899.9999999998,378796.88,15
218499.99999999985,117064.77,28
444999.9999999997,530553.94,65
309899.99999999977,348498.34,33
372999.9999999999,328573.06,72
543999.9999999997,468699.94,74
265000.00000000006,256632.98,65
362000.0,413018.3,73
379000.0000000002,359589.03,32
385000.00000000023,318956.28,81
858999.9999999997,507497.0,39
214000.00000000017,241356.7,73
313899.9999999998,431026.62,29
645000.0,578251.0,71
177999.99999999994,190814.89,31
323000.0000000003,201815.97,42
998000.0000000008,774816.56,71
727999.9999999999,476623.3,70
251894.9999999998,272646.22,25
379999.9999999999,313008.22,5
1592000.0000000007,963094.94,79
191000.00000000015,162061.3,89
199571.0000000001,172620.72,12
430000.00000000023,480808.4,90
141500.0000000001,126395.375,40
126999.99999999991,170561.95,28
335873.99999999994,336176.06,18
430000.00000000023,474267.8,90
219999.99999999983,178838.33,81
173250.00000000012,144754.31,30
199000.0000000001,151777.39,72
182795.99999999985,209147.38,80
238000.0,202612.62,87
111799.9999999999,99386.97,62
530000.0000000003,419268.03,8
115206.00000000004,137119.86,61
320000.00000000006,96570.58,82
415000.00000000006,151523.12,77
141699.99999999988,186432.5,61
188999.99999999988,283495.1,28
315000.0000000002,310916.4,31
155000.00000000012,314648.03,36
284999.99999999994,268003.3,36
299999.99999999977,395839.0,74
162999.99999999988,161116.8,45
299000.00000000006,249043.86,72
174735.0,230663.73,52
215999.99999999985,225591.3,31
287000.0000000001,212103.31,49
599000.0,370317.5,83
664500.0000000006,464579.5,12
739999.9999999999,893280.25,5
277500.0000000001,515954.2,32
171000.00000000012,203725.95,56
364000.00000000006,439629.34,79
352000.0000000003,230264.16,60
152999.9999999999,186134.77,79
382999.9999999997,309878.28,88
146990.00000000006,127116.81,56
62999.99999999995,70265.3,77
440000.0000000002,297480.53,36
390000.00000000035,369715.5,29
158999.99999999997,127285.8,54
398999.99999999977,314539.72,29
483000.00000000023,534557.06,74
310000.0000000002,302322.0,88
166000.00000000003,305053.7,12
495000.0000000004,437576.0,5
159800.0,237003.73,42
233000.0000000001,284114.62,30
114999.99999999991,151528.62,61
678999.9999999995,748113.6,71
364999.99999999977,230884.47,18
844999.9999999993,443273.53,15
136500.00000000006,147981.33,85
171199.99999999985,243325.56,30
124999.9999999999,171760.56,73
173999.99999999997,276275.28,18
90000.00000000001,88744.33,80
513999.9999999996,648970.7,90
499999.99999999977,628201.25,88
336000.00000000006,301866.5,41
177799.00000000012,135580.28,13
790000.0000000003,1104363.5,12
275000.0000000002,235254.02,31
261000.00000000012,456339.88,70
255000.0000000001,272801.5,55
504000.00000000023,538823.1,79
449999.99999999994,460083.1,12
150000.00000000006,177648.75,87
167499.99999999997,183671.34,22
1600000.0000000012,892088.4,74
136999.9999999999,131913.27,10
425000.0000000002,388744.38,32
148000.00000000015,136110.67,1
213000.00000000015,230055.62,41
249000.00000000006,224408.12,60
139000.00000000003,176637.0,24
133749.9999999999,121667.21,57
248000.0000000002,368996.56,12
208100.00000000017,270814.84,58
890000.0000000002,585062.8,44
177999.99999999994,227257.89,30
159760.0000000001,165878.08,87
989999.9999999992,500885.12,29
313500.00000000006,582508.44,15
399999.9999999999,375560.97,74
999100.0000000009,1202133.1,71
259000.0,228739.72,72
168500.0,199326.11,42
334999.9999999998,464544.5,5
160500.00000000003,140770.69,76
1249999.999999999,946928.25,88
409499.9999999997,345027.03,56
149250.0,86485.734,67
133500.00000000003,181037.73,14
180000.00000000003,205876.16,22
198000.00000000006,159663.38,73
116499.99999999991,105286.93,1
448999.99999999994,341988.9,50
167000.0000000001,148572.55,42
162000.00000000012,141157.33,40
167999.9999999999,128600.27,74
136590.00000000006,126164.02,13
466000.0,392199.34,31
157999.99999999997,211486.05,55
622999.9999999998,579780.56,12
719999.9999999995,642617.4,88
304999.99999999977,288111.94,72
154424.99999999997,133810.05,91
233999.9999999999,295806.9,29
215000.0,171074.62,54
49900.000000000015,67419.72,77
628999.9999999997,550093.8,65
739999.9999999999,775395.3,79
574000.0000000001,395771.03,24
183000.00000000012,175405.69,14
202999.9999999999,160567.2,26
1210000.0000000012,671318.06,32
279899.99999999994,227345.47,45
320000.00000000006,234869.56,5
202999.9999999999,188250.39,89
355999.99999999994,241793.28,58
320000.00000000006,317991.66,53
82000.0,192689.28,28
320000.00000000006,293884.7,29
208999.99999999988,251987.22,3
396521.9999999997,376887.8,32
294999.9999999998,383198.44,76
289999.9999999999,284857.47,88
208000.00000000003,230550.47,31
225000.00000000015,271022.3,89
343999.99999999977,218817.44,91
69989.99999999997,87848.625,20
169000.00000000012,177590.14,24
279000.0000000001,422326.38,26
171999.99999999988,192941.03,79
157999.99999999997,247286.36,76
344999.9999999997,435670.16,74
199799.99999999983,197910.03,15
171999.99999999988,210844.03,12
199000.0000000001,270671.28,53
195000.00000000006,274513.25,87
698499.9999999995,684081.56,90
160500.00000000003,128073.375,31
749999.9999999998,558894.56,77
177000.00000000006,142636.95,54
1650000.0000000007,1364766.1,79
114999.99999999991,157118.17,12
237000.00000000003,207301.98,32
540559.9999999999,526539.06,73
349999.9999999997,249518.38,28
379800.0,149189.77,35
974999.9999999999,1182466.9,5
326000.0,350242.56,31
178499.99999999985,137657.72,76
385999.99999999977,327684.97,15
109999.99999999991,177011.7,37
488000.00000000035,585641.1,74
70000.00000000001,70362.46,76
152249.99999999997,151031.17,14
71500.00000000001,92786.875,28
160500.00000000003,199790.28,28
98000.00000000003,150499.61,77
218999.99999999988,178665.12,87
1036000.0000000001,1013153.1,79
414000.00000000023,457041.1,79
155000.00000000012,157883.77,76
315000.0000000002,257220.08,88
71500.00000000001,75822.47,14
247000.00000000006,204380.2,87
342000.0000000002,267722.3,0
244999.99999999997,114561.875,83
139000.00000000003,115423.19,35
248000.0000000002,140612.23,59
201400.00000000006,228390.73,72
284849.9999999999,298114.44,33
248499.99999999994,248614.11,76
196800.0000000001,195250.73,42
90000.00000000001,71552.02,26
330000.0000000001,249286.48,65
630000.0000000006,592942.44,71
840000.0000000005,803773.9,79
525000.0000000003,417376.66,74
86000.00000000001,188844.33,34
215000.0,341719.3,5
257000.00000000015,193821.47,20
143000.0000000001,201643.4,58
668000.0000000002,669001.25,65
289999.9999999999,341447.62,60
181000.00000000006,204683.72,74
185000.00000000006,220236.25,74
90000.00000000001,140244.34,37
1050000.0000000007,804953.7,60
940000.0000000006,554596.5,10
367500.0000000003,370815.8,31
231999.99999999997,217062.0,52
150000.00000000006,188429.3,54
698999.9999999995,219590.72,25
178999.99999999994,189011.34,4
729999.9999999998,689729.06,5
460000.0000000002,407647.44,71
520000.0,490495.88,88
103000.00000000001,115171.055,31
227499.99999999997,224719.1,70
86999.99999999994,163984.47,23
139000.00000000003,181457.6,36
305999.9999999998,274138.88,91
314000.0,305048.44,0
289999.9999999999,226519.83,70
169499.99999999985,158733.75,85
202000.0000000001,230089.86,8
136999.9999999999,145935.28,85
418999.9999999998,387584.97,90
424300.0000000001,408599.1,81
397999.99999999977,203370.92,64
466999.99999999994,385268.78,73
386900.0000000003,367769.06,31
268927.9999999999,145580.4,29
213499.99999999994,183254.94,73
130000.00000000009,152892.69,86
487100.0000000001,432334.16,87
31999.999999999993,53320.617,79
287000.0000000001,217887.66,22
393899.9999999997,465208.2,90
59950.000000000015,62116.867,83
630000.0000000006,538101.6,31
87999.99999999996,90933.12,63
261999.99999999994,364086.7,85
283000.0000000001,225686.84,20
110989.99999999993,111030.68,13
198251.99999999994,171952.66,12
457499.99999999994,392250.97,31
364000.00000000006,263926.8,35
240000.00000000003,235646.3,12
199000.0000000001,201565.53,85
191999.99999999997,226352.47,32
759999.9999999999,749880.06,71
790399.9999999998,538142.2,49
114999.99999999991,109446.57,33
186000.00000000012,118771.61,55
118999.99999999993,176181.4,89
820000.0000000005,399208.5,20
570000.0000000001,591984.2,71
159999.99999999997,164837.11,32
249754.99999999997,275029.22,25
1198000.0000000002,1423154.9,88
299000.00000000006,300499.0,70
377999.99999999994,466297.75,24
249000.00000000006,207429.14,32
235000.0,231519.5,89
410570.99999999965,449542.7,88
225319.9999999998,116977.055,33
890000.0000000002,765555.25,79
423999.9999999998,358644.12,28
95999.99999999996,124038.984,66
399999.9999999999,284344.47,81
255999.99999999985,221219.1,48
395999.9999999999,137754.25,59
70000.00000000001,180946.6,28
354999.9999999998,408312.0,29
208000.00000000003,153799.25,52
525000.0000000003,387712.5,70
240000.00000000003,216154.72,27
679799.9999999994,440190.25,41
159999.99999999997,144921.17,80
238970.00000000017,220460.47,35
529000.0,563545.06,71
144400.0000000001,114234.9,43
315000.0000000002,268684.03,74
103000.00000000001,133463.0,82
163999.99999999988,253846.14,10
448999.99999999994,360623.06,87
315000.0000000002,316790.28,72
199000.0000000001,196452.48,25
64500.000000000015,158086.11,52
159999.99999999997,164837.11,32
984999.9999999994,729142.06,70
215000.0,159626.83,55
229000.00000000006,320317.03,73
175000.00000000012,197891.9,87
330000.0000000001,330389.84,73
566799.9999999997,613526.6,88
167999.9999999999,179659.89,22
282499.99999999977,299611.06,60
145500.0000000001,165703.05,36
124500.00000000003,177477.72,41
109999.99999999991,152227.2,90
149000.0,147860.14,74
960000.0000000006,1000216.6,65
89000.00000000004,133166.39,28
639999.9999999998,704345.0,71
177999.99999999994,179340.28,14
549999.9999999998,643399.8,90
297999.9999999998,321211.22,89
138000.00000000006,120969.2,32
244999.99999999997,226733.58,91
320000.00000000006,307380.6,27
225750.00000000003,192618.0,39
850000.0000000005,1133073.1,71
1175000.0,1142478.4,88
146200.00000000006,133859.83,11
249000.00000000006,256712.06,73
294999.9999999998,427428.12,62
139499.9999999999,146583.05,73
127999.99999999997,148560.94,19
158999.99999999997,129503.266,85
72150.00000000003,150068.2,8
255000.0000000001,253525.58,79
299000.00000000006,420300.9,44
229000.00000000006,115580.7,28
221000.00000000006,99082.234,84
585000.0000000003,619082.6,71
188999.99999999988,205371.2,74
104860.0,103346.92,54
998999.9999999995,772205.2,71
172499.99999999985,159944.1,9
95999.99999999996,81720.03,61
1069999.9999999998,939588.75,71
334999.9999999998,306175.78,12
71999.99999999996,107807.2,75
185000.00000000006,271592.06,91
150000.00000000006,157597.48,29
364999.99999999977,335238.97,56
149000.0,225736.14,79
146999.99999999988,121886.59,26
633000.0000000003,608452.06,88
379999.9999999999,442861.12,71
263000.0000000002,124750.305,69
349999.9999999997,370935.72,89
199000.0000000001,210368.83,44
702000.0000000003,565295.56,90
463999.9999999998,477914.6,73
304999.99999999977,258554.55,36
149800.00000000003,124303.414,83
304999.99999999977,293121.4,53
86000.00000000001,124901.37,12
1048000.0,1127601.4,71
212000.00000000017,248792.47,5
343999.99999999977,332548.6,29
339830.0000000003,247628.08,73
49500.0,79756.805,16
698999.9999999995,787951.6,71
49500.0,60745.363,30
355999.99999999994,331130.8,41
203999.99999999985,248009.06,73
304000.00000000023,285822.94,10
240000.00000000003,246103.67,9
682000.0000000003,741706.5,88
491999.99999999965,519675.2,79
56000.000000000044,99921.37,61
741000.0000000006,612588.25,87
613999.9999999997,674486.94,88
928999.9999999995,415810.5,70
409999.9999999997,234266.45,61
215000.0,163124.4,31
549999.9999999998,720010.44,19
420000.0,479240.94,12
243000.00000000003,162162.27,70
199499.99999999994,87999.305,72
157999.99999999997,145982.2,13
279000.0000000001,210358.19,69
235000.0,259372.5,85
366999.9999999997,300523.94,81
261000.00000000012,198634.23,32
199000.0000000001,198130.8,56
409999.9999999997,455115.12,79
267999.99999999977,215909.75,44
379999.9999999999,349787.28,12
348149.99999999994,281202.8,78
108000.00000000001,130158.76,29
134999.99999999997,167143.69,91
555000.0000000002,520922.62,80
58999.99999999997,675380.3,71
128399.9999999999,140668.83,20
484999.99999999965,320661.8,45
553849.9999999998,857002.8,29
167999.9999999999,137695.28,12
208999.99999999988,226117.72,91
217000.00000000012,234055.64,83
92000.00000000007,130194.14,66
435000.0,288430.84,0
279000.0000000001,267678.9,32
389000.00000000035,289000.53,74
109999.99999999991,123156.47,3
230370.00000000003,226334.33,45
219999.99999999983,234906.97,5
99509.99999999991,102021.68,45
377999.99999999994,462575.88,71
707199.9999999997,704003.1,71
382999.9999999997,369027.53,73
314000.0,317011.53,1
267000.0,219718.92,56
168399.99999999988,380726.5,27
585000.0000000003,449244.4,72
218999.99999999988,244404.9,11
387999.9999999999,334677.06,41
1400000.0000000007,1322069.2,71
64999.999999999956,119047.516,46
187000.00000000012,240703.42,32
207500.0000000001,246777.72,81
73999.99999999997,138016.33,5
199000.0000000001,269617.84,10
395000.00000000035,330566.34,28
147900.0,136382.1,39
294000.0000000001,260300.27,58
187249.99999999997,196938.7,44
118999.99999999993,163346.23,38
575000.0000000001,738704.25,56
158999.99999999997,146783.8,67
406174.9999999998,430454.4,52
105839.99999999997,389644.8,22
139000.00000000003,142574.94,80
235000.0,201429.3,79
239000.00000000003,191529.56,25
217999.99999999988,222278.38,87
235000.0,139872.61,53
509999.9999999998,437642.75,52
84000.00000000003,122760.47,32
185000.00000000006,169476.4,36
387999.9999999999,398783.47,22
368000.00000000023,402273.53,88
143989.9999999999,260392.62,32
798999.9999999997,741576.4,32
472500.00000000035,600394.4,52
687000.0,497108.06,56
218999.99999999988,337487.0,28
272500.00000000006,260273.45,35
334000.0000000002,342791.53,56
509999.9999999998,506314.06,88
230000.0000000001,182891.61,78
210000.0,239080.23,24
1169999.9999999998,669382.25,12
215000.0,155656.12,84
560000.0000000003,762077.7,70
319000.0,231332.78,52
249999.9999999998,254416.9,12
284999.99999999994,266833.22,36
409999.9999999997,540282.94,32
175000.00000000012,177789.27,73
394900.0000000002,599715.06,29
299999.99999999977,248048.56,31
127799.99999999994,85886.95,75
219999.99999999983,215339.11,63
449999.99999999994,556312.3,12
178999.99999999994,143674.53,56
834000.0,662091.8,71
1134000.0000000005,401821.88,29
254400.00000000006,247177.9,78
52000.000000000044,81086.39,49
606999.9999999995,557300.5,88
66000.0,118086.83,42
144000.0,131459.27,55
82500.00000000001,299253.53,31
367500.0000000003,258487.23,20
166719.99999999985,101579.94,68
113999.99999999996,135374.72,50
359000.00000000023,329476.75,12
1128999.9999999993,1100230.0,71
148600.00000000012,92792.36,68
130000.00000000009,114288.84,77
44999.999999999985,193388.86,73
469999.9999999998,547134.06,65
234800.00000000017,200897.11,83
265000.00000000006,381157.75,33
1626999.9999999995,1426248.6,71
123500.0,171727.16,13
173999.99999999997,75642.195,61
669999.9999999998,633119.8,88
354999.9999999998,375016.25,29
136500.00000000006,121441.625,9
230000.0000000001,237985.14,79
950000.0000000008,1028545.8,71
235000.0,187867.84,34
735000.0000000005,502336.5,12
398999.99999999977,467295.38,31
294999.9999999998,279454.66,65
324999.9999999999,534370.0,12
255000.0000000001,301219.75,29
224000.0,301992.62,22
183749.99999999994,230075.81,3
284999.99999999994,297800.44,29
400999.99999999994,379784.0,65
267266.9999999998,283994.62,32
330000.0000000001,235936.83,38
195899.99999999983,194465.42,52
44499.99999999997,140455.42,58
159999.99999999997,199067.56,79
189999.9999999999,198314.92,87
71999.99999999996,91886.38,67
515000.00000000006,361403.6,12
226800.00000000017,329062.88,47
218999.99999999988,340770.97,29
259999.9999999998,119018.8,16
697999.9999999995,375100.66,6
299000.00000000006,313021.03,89
375000.00000000006,301953.47,80
70999.99999999994,85988.5,42
330000.0000000001,331014.62,38
250999.99999999988,332672.62,80
639599.9999999995,601273.3,71
229000.00000000006,224428.89,42
995000.0,958623.2,88
727999.9999999999,418311.1,73
198955.0,228102.55,33
792000.0000000006,591585.2,90
375000.00000000006,370335.88,0
219999.99999999983,348850.5,74
64999.999999999956,63400.35,7
197500.0,183162.33,25
1314999.9999999998,1074024.0,5
240000.00000000003,226586.16,29
549000.0000000005,464438.2,38
108499.99999999999,137709.86,22
95000.00000000001,116798.805,1
223000.00000000003,242630.62,31
498882.9999999997,469446.56,71
442000.00000000035,345586.84,66
1095000.0000000005,1054175.0,71
194000.00000000006,162826.92,55
170500.00000000012,339098.2,80
399999.9999999999,280445.4,81
66000.0,59288.62,44
197000.00000000015,236858.0,31
348499.9999999998,318745.84,65
186000.00000000012,140114.12,61
138000.00000000006,113733.664,20
143500.0000000001,128994.69,49
235000.0,273904.47,32
156499.99999999985,169153.62,12
199000.0000000001,203348.61,25
458999.99999999977,425970.9,88
537999.9999999998,459538.9,88
136500.00000000006,137258.03,77
129989.9999999999,127407.0,55
400999.99999999994,369330.7,87
337999.99999999977,328296.47,77
676176.0000000005,459240.1,63
1198000.0000000002,1356455.2,88
57000.000000000044,106128.1,68
104999.99999999997,124018.28,24
494000.0000000004,488522.12,31
710000.0,674059.94,56
265000.00000000006,260134.98,86
347052.0000000002,374358.75,12
320999.9999999999,291035.34,87
433000.0000000001,329127.22,32
96359.99999999997,85943.81,38
242000.00000000017,222596.36,89
548500.0000000001,753157.56,31
509999.9999999998,399631.3,5
1150000.0000000005,1086475.9,71
160500.00000000003,177359.45,31
513999.9999999996,655856.44,90
259000.0,214089.62,87
255000.0000000001,272116.3,5
297999.9999999998,301788.5,12
348999.99999999994,383530.03,32
339999.99999999994,464844.53,88
348999.99999999994,390222.72,31
79000.00000000006,103793.48,21
662000.0,563251.2,88
458999.99999999977,582077.0,74
349999.9999999997,409529.9,7
830000.0000000005,627986.8,90
289999.9999999999,390637.12,36
145999.99999999997,98768.445,75
75989.99999999997,98831.95,10
96500.00000000003,101090.26,32
135999.99999999997,100333.79,1
167999.9999999999,173187.8,62
278000.0000000002,276862.4,82
169000.00000000012,277661.47,5
67999.99999999999,110260.38,51
349999.9999999997,346001.06,88
337999.99999999977,347989.22,73
156999.99999999994,151940.31,39
217999.99999999988,245224.4,89
912999.9999999992,695543.2,71
386250.0000000001,453824.84,41
78500.00000000004,104496.27,32
175000.00000000012,213909.0,25
95999.99999999996,123656.305,55
50000.000000000015,70783.79,32
997500.0000000007,536516.2,3
95000.00000000001,161062.42,63
458999.99999999977,514140.72,29
146999.99999999988,110722.02,32
430000.00000000023,405088.5,88
208000.00000000003,357437.4,32
215000.0,92986.81,62
159999.99999999997,183573.64,73
173999.99999999997,128330.375,74
309000.00000000006,383858.28,29
270000.00000000006,275416.1,73
336000.00000000006,252792.83,87
461999.9999999998,349103.44,74
199899.99999999997,209892.28,74
938000.0000000002,817374.94,15
682499.9999999995,384948.9,22
649000.0000000006,464556.47,32
649999.9999999995,845911.7,71
289999.9999999999,222521.02,31
152000.00000000006,142029.11,76
80000.0,79309.82,14
337999.99999999977,339714.78,70
146999.99999999988,141686.02,12
376000.0000000003,369928.88,62
369000.0000000001,367519.78,32
594999.9999999997,322378.3,15
199899.99999999997,191833.39,64
431500.0000000001,405851.44,41
599000.0,356619.22,25
1140000.0000000002,1155989.8,65
442999.99999999994,502209.1,73
279000.0000000001,402812.53,28
265000.00000000006,290540.06,32
245499.99999999988,265239.4,28
349899.99999999994,376956.1,13
449500.0000000002,393171.16,79
360000.0000000001,246668.08,85
430000.00000000023,439546.75,70
177999.99999999994,206644.69,73
228000.00000000003,309077.56,79
55000.00000000004,123342.42,38
208000.00000000003,205602.64,73
275000.0000000002,206966.95,80
757000.0000000006,941682.5,62
634399.9999999999,711019.7,79
599000.0,446748.88,65
137500.00000000012,218685.8,27
440000.0000000002,373499.7,5
625000.0000000002,463354.28,88
210000.0,211887.98,89
339000.00000000023,289533.5,91
134999.99999999997,140901.11,19
92000.00000000007,116637.96,10
171999.99999999988,206830.81,12
145999.99999999997,109664.0,53
1229999.9999999995,1393641.5,71
68999.99999999997,76004.695,10
1110000.0000000002,1285970.8,5
96399.99999999997,157857.27,14
291999.9999999998,224660.6,42
144000.0,225186.98,10
407999.99999999965,251528.88,80
989999.9999999992,877317.75,71
907999.9999999992,785885.6,88
523999.9999999997,580531.4,80
369999.99999999977,277596.62,39
215000.0,90730.766,50
398999.99999999977,377856.28,31
349999.9999999997,443517.94,18
359000.00000000023,576514.9,88
109000.0,174672.86,24
228000.00000000003,189578.38,56
472172.00000000035,313782.0,68
448999.99999999994,433182.7,72
175000.00000000012,122876.08,60
86000.00000000001,221609.95,43
276000.0000000002,229380.88,75
244999.99999999997,252214.17,58
199000.0000000001,151170.08,40
70999.99999999994,97212.97,16
469999.9999999998,487226.34,87
379000.0000000002,347507.03,74
159499.9999999999,162516.33,29
1082000.0000000005,902159.1,71
157500.00000000006,169755.92,81
384000.00000000006,401405.53,90
700000.0000000006,512403.03,88
418999.9999999998,405551.97,74
299000.00000000006,407173.44,65
318000.0,232950.02,31
165000.00000000015,138120.88,59
490000.0,584198.06,5
287999.9999999999,317795.5,12
169990.00000000006,233212.53,14
299000.00000000006,317561.94,73
600000.0000000003,463726.5,52
270000.00000000006,252407.16,90
207601.0,211171.84,12
162000.00000000012,181399.28,79
490000.0,436612.66,71
230000.0000000001,256345.58,91
379999.9999999999,340195.6,70
1635000.0000000005,907263.44,74
199990.00000000003,218922.02,15
246800.00000000015,115386.65,81
1080000.0000000002,930063.8,88
455000.0,432318.06,90
327000.0000000001,317303.7,15
231000.0000000001,215066.97,41
121000.00000000003,113036.74,24
184000.00000000015,204711.25,20
56000.000000000044,82926.24,11
1150000.0000000005,954658.25,65
698999.9999999995,753400.4,12
304499.9999999998,133922.27,41
339900.00000000006,485978.47,28
242000.00000000017,233052.45,87
409999.9999999997,313889.16,53
565110.0,473531.6,74
360000.0000000001,308901.94,72
144000.0,145887.42,3
139000.00000000003,113900.5,24
183000.00000000012,256106.6,29
270000.00000000006,245302.06,26
149000.0,135171.14,79
262500.00000000023,293350.72,10
181000.00000000006,226958.78,77
454000.0000000002,405531.47,39
291999.9999999998,270872.2,56
435999.99999999965,452397.12,5
152499.9999999999,165562.78,82
177500.00000000015,169874.8,87
188000.00000000012,114980.87,28
266499.99999999994,335897.9,13
465000.00000000023,638324.6,23
158999.99999999997,267847.94,67
280900.0000000002,249479.83,32
407000.0000000001,406248.75,88
590000.0000000003,465657.8,73
267799.9999999999,273957.5,41
261999.99999999994,172298.03,17
348999.99999999994,307938.94,70
1529999.9999999988,962543.1,12
448999.99999999994,395669.16,3
735000.0000000005,593061.75,71
149500.00000000012,155617.1,61
178999.99999999994,171635.47,25
139750.0000000001,126805.64,35
600000.0000000003,371558.47,31
273999.99999999994,248492.27,72
275599.9999999998,287808.22,20
416000.0,327129.78,41
719999.9999999995,612042.9,80
155000.00000000012,215620.44,34
795500.0000000005,527593.6,15
104999.99999999997,144982.0,20
235000.0,223271.81,35
149000.0,132322.0,73
364999.99999999977,273677.3,56
827999.9999999997,406806.25,27
297000.0000000002,188671.33,32
44999.999999999985,83976.05,57
989999.9999999992,741850.1,71
717599.9999999997,677111.3,41
220899.99999999994,215071.08,12
140999.99999999994,163156.61,29
93999.99999999997,104441.27,57
749000.0,699466.5,90
280000.0,301781.3,90
196230.00000000006,203413.6,39
645900.0000000003,691759.94,79
320000.00000000006,322493.0,53
138000.00000000006,219118.14,47
249999.9999999998,279888.3,31
268499.9999999998,220554.69,32
382000.0000000002,434462.34,88
249899.9999999999,207214.62,22
649000.0000000006,647925.56,88
418000.00000000023,465218.8,15
228000.00000000003,175271.08,32
562999.9999999997,577379.25,71
279899.99999999994,254828.98,56
118799.9999999999,119975.39,83
60000.000000000015,126921.664,66
322400.0000000002,254231.11,32
209200.00000000003,163140.73,4
180000.00000000003,131785.12,67
249000.00000000006,311566.16,31
289500.0000000002,313172.44,73
229000.00000000006,271858.22,30
600780.0000000001,397671.47,12
90000.00000000001,69350.11,53
184000.00000000015,171063.53,72
315000.0000000002,594403.2,74
525000.0000000003,470780.34,88
90000.00000000001,104812.26,12
166000.00000000003,212016.75,39
706000.0000000001,539130.5,41
109000.0,140160.23,6
138000.00000000006,158127.72,72
109900.00000000003,193354.56,12
1145799.9999999995,623456.4,39
490000.0,484890.1,88
244999.99999999997,223703.42,87
218400.00000000006,229626.67,33
354999.9999999998,397467.84,89
549999.9999999998,535604.2,70
213000.00000000015,186923.88,31
348999.99999999994,280293.0,79
276999.9999999998,352260.16,74
359000.00000000023,167341.31,40
385000.00000000023,515013.75,28
600000.0000000003,642437.8,88
242000.00000000017,324032.9,5
278249.9999999999,188017.69,39
180500.0,178771.48,11
790000.0000000003,769639.25,3
114999.99999999991,127634.3,67
150000.00000000006,163230.22,80
114499.99999999991,167589.5,50
996999.9999999999,462066.66,79
573000.0000000001,534885.5,87
309000.00000000006,261128.72,12
280000.0,231915.28,89
1194999.999999999,481011.12,79
348999.99999999994,363562.78,56
229000.00000000006,291049.5,22
315000.0000000002,311047.5,0
179500.00000000015,250888.25,80
279899.99999999994,278737.3,32
192999.99999999985,164053.45,32
254400.00000000006,245986.11,44
138000.00000000006,185695.05,45
320000.00000000006,285864.38,65
211499.99999999983,166272.61,58
129000.0000000001,181666.94,3
349999.9999999997,174300.94,77
875000.0,902749.5,71
169000.00000000012,127609.23,83
235000.0,222012.28,35
294999.9999999998,382312.88,6
225000.00000000015,163896.12,85
80500.00000000001,124878.266,42
133999.9999999999,202087.53,59
429900.0000000001,371074.4,42
244999.99999999997,239599.52,19
110249.99999999994,119013.914,70
315000.0000000002,411081.78,69
392200.00000000006,212005.62,25
360459.0000000003,381386.47,89
158999.99999999997,149543.45,52
620000.0000000005,539321.3,32
90500.00000000001,120146.8,29
565000.0000000003,492217.03,79
1600000.0000000012,1128522.2,88
127199.99999999999,142203.81,53
125999.99999999993,173736.52,45
38600.0,63718.527,49
54000.00000000001,124595.02,33
440000.0000000002,430883.62,88
172999.9999999999,191099.7,79
215999.99999999985,246791.61,81
49000.00000000002,67726.8,40
615000.0,496774.9,38
145999.99999999997,132057.52,8
309000.00000000006,331517.25,81
291999.9999999998,215513.75,61
420000.0,543955.75,12
405120.00000000006,404020.2,78
89799.99999999994,101839.22,68
90000.00000000001,125213.6,29
374899.9999999999,396097.66,29
244999.99999999997,139825.14,36
233500.00000000003,205538.92,25
570000.0000000001,490574.94,12
297999.9999999998,210480.6,56
268749.9999999998,241979.9,60
139999.9999999999,173826.34,79
739000.0000000005,693493.2,12
775000.0000000007,778076.9,91
191699.99999999994,261608.8,13
169000.00000000012,169780.2,80
387999.9999999999,472315.66,12
309000.00000000006,484154.0,32
127999.99999999997,152995.66,8
170000.00000000012,165047.6,31
239000.00000000003,182584.19,79
155000.00000000012,209165.92,89
385000.00000000023,505238.9,70
324999.9999999999,238689.98,10
330999.9999999998,459840.94,77
67999.99999999999,136299.27,35
64500.000000000015,69182.98,60
525000.0000000003,493891.94,60
649999.9999999995,707388.4,90
444999.9999999997,400079.0,90
491000.0000000004,411138.25,31
173999.99999999997,131809.39,56
651000.0000000001,682516.3,88
339000.00000000023,375634.4,69
75000.00000000004,108282.22,58
540000.0000000001,540973.8,32
166000.00000000003,186533.17,36
392000.0,280936.1,79
710000.0,716812.25,28
171999.99999999988,190830.72,91
238000.0,287331.84,47
194000.00000000006,225041.22,31
430000.00000000023,504656.72,87
115989.99999999994,102097.79,20
270000.00000000006,238394.47,90
79000.00000000006,68853.805,35
582000.0000000003,852290.2,3
235000.0,333974.7,32
404249.9999999997,458065.22,91
759999.9999999999,694707.25,5
217000.00000000012,324444.16,91
299000.00000000006,285923.28,89
76000.0,44471.285,2
354999.9999999998,358951.4,18
237000.00000000003,274752.9,73
255000.0000000001,268708.62,41
261999.99999999994,172347.5,32
359000.00000000023,356383.94,73
541750.0000000002,462804.47,39
259000.0,227011.39,5
215000.0,265179.72,12
424900.00000000006,416617.06,56
198000.00000000006,214533.34,8
136999.9999999999,166013.86,55
186000.00000000012,195814.08,61
116999.99999999991,118776.48,47
296800.00000000006,185882.86,17
322099.99999999994,330815.5,32
895000.0000000007,495484.62,29
375000.00000000006,465363.94,71
449999.99999999994,544915.75,71
409999.9999999997,317500.47,5
630000.0000000006,652269.8,74
109999.99999999991,117839.555,6
191999.99999999997,244978.03,63
697999.9999999995,788844.9,70
189999.9999999999,202444.39,42
229000.00000000006,237915.23,35
150000.00000000006,163396.56,40
242000.00000000017,168940.5,12
145000.00000000012,253708.19,22
132990.00000000003,147805.44,79
534999.9999999995,473549.66,74
1115000.0000000007,1089755.1,71
124999.9999999999,172699.92,25
1024999.9999999995,705493.9,91
459799.9999999999,421837.7,15
700000.0000000006,470143.25,80
379000.0000000002,286961.06,13
46999.99999999999,59904.098,53
349999.9999999997,239454.69,5
116999.99999999991,129476.59,32
229900.00000000006,300804.38,64
315000.0000000002,386200.97,89
139000.00000000003,170599.38,89
143000.0000000001,181064.67,8
204889.99999999983,122488.34,44
158250.00000000012,222998.8,68
474699.99999999994,345867.44,13
86999.99999999994,117911.5,77
159999.99999999997,206903.61,89
312999.9999999999,376608.62,33
75000.00000000004,87989.99,82
177999.99999999994,147820.67,57
261999.99999999994,555360.75,53
295999.99999999977,268795.53,31
979999.9999999997,734445.3,88
423000.0,374854.62,31
304999.99999999977,255009.12,89
187000.00000000012,234050.73,32
263223.00000000023,265789.38,73
421499.99999999965,418402.06,29
80000.0,87460.914,62
263000.0000000002,239656.64,32
1120000.0000000005,1119678.0,5
139900.0000000001,135157.1,15
509000.0000000002,499370.78,90
86000.00000000001,85546.97,85
93989.99999999999,109480.6,75
109499.99999999991,200230.34,2
562000.0000000003,479011.56,71
460000.0000000002,449769.56,70
630000.0000000006,707448.4,79
68999.99999999997,92265.55,46
718999.9999999999,641173.9,71
265000.00000000006,312771.6,55
181000.00000000006,172204.72,55
416999.9999999998,313209.16,31
199000.0000000001,265841.1,55
185000.00000000006,205512.47,59
84999.99999999996,152962.11,12
142000.0,152139.97,76
704999.9999999995,699243.06,88
228974.99999999983,216078.45,31
759999.9999999999,565368.3,56
188880.0000000001,166702.73,91
780000.0000000001,818206.3,71
141327.00000000006,120179.0,72
321999.99999999994,335020.7,60
800000.0000000005,902517.94,71
244500.00000000012,275114.47,14
699919.9999999997,519051.6,24
149800.00000000003,214011.84,13
246750.00000000006,175388.95,87
133000.00000000012,119217.26,28
211849.99999999997,232309.3,91
312999.9999999999,216566.36,39
244999.99999999997,183822.4,10
159899.9999999999,152462.28,62
167999.9999999999,203198.56,1
435000.0,557516.9,5
866000.0000000003,975699.25,71
199999.99999999997,141493.6,67
179900.00000000006,119878.055,77
674999.9999999998,869377.8,88
90800.00000000004,165456.08,32
304900.00000000023,309423.5,32
590000.0000000003,537056.3,29
294999.9999999998,209725.61,12
247500.0000000002,301249.34,32
199000.0000000001,289597.3,62
892499.9999999995,1156514.6,13
309549.99999999994,202809.23,1
399900.0,479302.62,13
360000.0000000001,191239.17,8
270000.00000000006,181000.1,72
70416.0,51328.54,34
249000.00000000006,300689.34,89
179920.0000000001,208766.55,68
229499.99999999997,230098.42,60
460000.0000000002,558122.25,35
231000.0000000001,234038.69,32
464200.0000000003,344217.53,28
139000.00000000003,154532.75,7
513999.9999999996,323981.28,79
240000.00000000003,233116.25,0
881999.9999999999,621764.1,88
99000.00000000004,57028.855,21
409999.9999999997,632288.4,65
540000.0000000001,487394.1,74
240000.00000000003,235575.52,35
280000.0,264550.0,74
126999.99999999991,154356.73,20
106000.00000000001,89216.99,48
156000.0,183389.38,77
199999.99999999997,209871.45,41
167000.0000000001,191968.45,33
171199.99999999985,188097.5,32
174399.99999999994,136990.33,22
360000.0000000001,169097.66,83
249899.9999999999,310634.56,69
1550000.0000000012,881485.9,90
210999.99999999994,129656.51,11
291224.9999999999,177822.16,75
1474999.999999999,665362.44,70
152499.9999999999,196143.78,90
179900.00000000006,240985.94,31
121900.00000000009,116937.34,32
398999.99999999977,212087.94,68
196000.0000000001,223936.94,22
158999.99999999997,177774.0,64
227000.0,222402.2,80
362999.9999999999,295667.0,15
509999.9999999998,458636.1,65
288999.9999999999,248798.64,74
164900.00000000006,149442.23,89
1110000.0000000002,936424.7,31
1140000.0000000002,1191538.8,28
344999.9999999997,423852.38,32
86000.00000000001,125509.625,72
800000.0000000005,598972.6,88
455000.0,483955.97,85
1279999.9999999988,972531.44,70
211879.99999999997,206805.56,91
148000.00000000015,185534.31,91
87999.99999999996,70808.3,48
134999.99999999997,134200.84,32
194249.99999999985,228926.75,39
995000.0,819426.8,71
599000.0,613482.2,90
399999.9999999999,289919.78,12
64999.999999999956,110470.26,40
599000.0,535391.25,79
395000.00000000035,372128.0,71
250999.99999999988,222528.02,55
131999.9999999999,141753.73,55
159999.99999999997,232300.44,30
118999.99999999993,119160.65,79
590000.0000000003,601757.5,31
95000.00000000001,109231.04,7
157989.99999999997,123007.164,57
416999.9999999998,387800.16,31
511899.9999999996,541093.5,91
525000.0000000003,461984.7,18
283000.0000000001,251576.14,12
269000.0,275875.88,87
496500.0000000001,316510.34,29
126500.00000000006,150134.92,77
1638999.9999999988,980811.75,31
489250.00000000006,341225.62,32
259000.0,271194.0,32
389000.00000000035,466695.03,89
420000.0,428841.25,71
789000.0000000007,719653.5,79
915000.0000000002,1002674.0,71
284999.99999999994,291549.0,87
43999.99999999997,64879.367,19
1139599.9999999995,1042644.9,5
284999.99999999994,404182.8,29
452000.0000000001,402585.16,89
161800.0000000001,193543.11,91
156000.0,194942.06,74
213000.00000000015,199966.61,31
649999.9999999995,581998.2,38
278000.0000000002,298952.3,89
974999.9999999999,531333.2,76
155149.99999999988,149106.55,55
214840.0,217972.25,33
276500.00000000006,371135.28,75
171582.9999999999,157129.7,26
135999.99999999997,123325.836,47
167999.9999999999,117872.83,44
219999.99999999983,226015.1,22
288999.9999999999,341058.38,59
213000.00000000015,273452.16,31
304499.9999999998,188726.94,1
288999.9999999999,201586.88,10
187000.00000000012,129144.61,55
741000.0000000006,858356.5,71
477000.00000000006,425668.34,32
420000.0,518647.8,47
244999.99999999997,247259.48,60
827999.9999999997,844203.1,79
293000.0000000001,353064.3,13
199999.99999999997,208582.06,65
81000.00000000007,305321.44,62
400999.99999999994,383892.7,88
259999.9999999998,243907.55,15
337999.99999999977,373711.34,70
261799.99999999994,356690.3,31
129000.0000000001,114712.305,44
342000.0000000002,385268.78,71
215999.99999999985,226852.97,31
200999.99999999997,168424.27,41
169000.00000000012,148852.23,15
264499.9999999999,249974.02,35
289999.9999999999,325559.97,55
876750.0000000007,496002.8,15
415000.00000000006,358380.16,71
129000.0000000001,150463.88,55
280000.0,300930.62,79
205000.0,209198.64,63
289999.9999999999,382541.56,6
89500.00000000003,57129.887,82
206999.99999999994,317426.28,63
645000.0,512245.7,27
495000.0000000004,464517.03,81
209900.00000000017,213079.31,76
287000.0000000001,225290.31,87
347800.0,336251.4,89
530000.0000000003,571408.44,71
177000.00000000006,139288.77,25
265000.00000000006,254895.58,31
70999.99999999994,66533.59,48
597999.9999999998,412633.28,22
425000.0000000002,490305.06,91
654999.9999999995,480172.38,41
651000.0000000001,411720.9,52
890000.0000000002,818672.3,29
127950.00000000007,166145.95,14
816999.9999999993,844017.2,79
139999.9999999999,172220.16,80
138000.00000000006,96091.2,85
217999.99999999988,187817.52,31
249999.9999999998,157870.06,24
289250.00000000006,238387.66,42
488000.00000000035,295259.0,19
474999.99999999977,417740.62,88
356999.99999999994,260758.42,32
320000.00000000006,404101.88,35
270000.00000000006,192569.52,58
129000.0000000001,117440.72,36
729999.9999999998,680291.3,90
1270000.0000000002,795243.44,28
700000.0000000006,506790.88,36
139999.9999999999,204957.19,10
310000.0000000002,313851.12,55
108000.00000000001,89195.05,68
276999.9999999998,250286.98,33
360000.0000000001,349811.28,29
349999.9999999997,293625.28,5
339000.00000000023,409293.28,89
399500.00000000035,383866.3,31
415000.00000000006,446614.28,71
455800.00000000035,557629.06,52
306799.99999999977,233596.5,20
339200.00000000023,189275.25,28
1009999.9999999992,1256532.2,71
175000.00000000012,265890.03,5
687000.0,672079.06,79
1340000.0000000002,1147571.4,28
188000.00000000012,206612.38,17
109000.0,113870.734,24
637999.9999999997,537257.1,79
188999.99999999988,165633.53,34
395000.00000000035,320817.2,69
465000.00000000023,414614.25,31
244950.00000000015,198556.2,79
588000.0,262811.38,25
172999.9999999999,209384.06,57
90100.00000000001,145648.6,58
218999.99999999988,151292.67,62
90500.00000000001,129885.336,29
179500.00000000015,255047.31,22
1298999.999999999,1406145.4,71
269000.0,305351.44,83
225000.00000000015,260430.38,12
725000.0000000006,805625.7,62
388500.0,278872.12,13
239499.99999999983,262803.84,24
210000.0,155049.42,53
420999.9999999998,364933.16,70
310000.0000000002,337114.5,71
599000.0,652720.94,70
390000.00000000035,354485.03,12
371500.0000000003,365179.3,71
360000.0000000001,527639.94,30
255999.99999999985,272404.78,90
286000.00000000023,250489.23,56
199999.99999999997,160057.62,67
229999.0000000002,331728.84,83
549999.9999999998,702769.56,65
315000.0000000002,385135.8,88
134999.99999999997,152714.75,12
208999.99999999988,316761.9,87
199499.99999999994,215144.92,60
239000.00000000003,254290.03,79
194000.00000000006,202442.47,36
241000.00000000003,184169.48,85
299000.00000000006,364199.9,19
318000.0,246925.8,55
248000.0000000002,286988.16,29
209499.9999999999,165773.55,78
137800.0000000001,191134.89,59
177799.99999999994,150862.31,72
84999.99999999996,134362.34,6
353600.0000000002,324354.75,4
49000.00000000002,143032.39,34
387999.9999999999,207049.08,26
354999.9999999998,511072.66,88
291999.9999999998,241960.98,87
195000.00000000006,182013.6,12
368420.9999999997,464029.1,25
109999.99999999991,129753.36,62
228000.00000000003,191367.8,56
117600.00000000003,154686.25,29
199000.0000000001,227332.03,5
719999.9999999995,704106.56,88
249999.9999999998,173275.53,78
242000.00000000017,172422.3,56
169000.00000000012,168949.84,0
359000.00000000023,316498.88,5
775000.0000000007,855346.1,90
604999.9999999998,549578.9,90
116999.99999999991,130268.78,28
239000.00000000003,390919.62,24
478399.99999999965,514424.22,33
977000.0000000008,880733.0,79
166384.00000000006,275415.6,22
158999.99999999997,173033.61,65
1185000.0000000005,743961.44,74
319000.0,480023.56,89
210000.0,194183.36,31
114999.99999999991,159645.56,29
697999.9999999995,685373.9,65
161000.00000000006,192025.2,38
299000.00000000006,210302.22,32
90000.00000000001,156388.05,38
186000.00000000012,152517.97,78
221999.99999999983,214554.62,69
263899.9999999999,223757.83,29
364000.00000000006,402612.44,71
149500.00000000012,195584.89,32
257000.00000000015,194969.4,38
124899.99999999993,241142.27,31
64400.000000000015,78656.16,57
109999.99999999991,134820.44,81
787499.9999999994,978357.6,88
649000.0000000006,778973.0,80
364999.99999999977,491132.94,31
162180.0000000001,154542.33,27
880000.0,716728.2,32
37000.00000000001,51687.676,42
126990.00000000003,174236.12,39
212000.00000000017,204951.72,32
830000.0000000005,870518.6,90
269000.0,264376.97,80
146999.99999999988,141994.03,14
299000.00000000006,331843.06,29
235000.0,222718.47,87
376999.99999999977,315545.3,74
287999.9999999999,518652.28,19
229000.00000000006,289586.53,56
149500.00000000012,251268.73,56
229000.00000000006,180107.47,29
127400.00000000004,163844.25,12
409999.9999999997,386113.3,71
219999.99999999983,199475.2,68
254499.9999999998,195663.62,80
135999.99999999997,192456.42,48
304999.99999999977,210821.11,79
189999.9999999999,173788.72,73
229000.00000000006,226301.95,91
229900.00000000006,299994.75,15
227900.00000000006,218931.2,70
334999.9999999998,324833.3,73
116000.0000000001,104175.27,82
435000.0,425568.9,5
769999.9999999997,946821.7,60
211499.99999999983,159712.72,24
319000.0,322331.88,77
169000.00000000012,131447.98,51
509999.9999999998,521943.03,71
158999.99999999997,186663.25,34
229000.00000000006,234056.77,70
498999.9999999996,374267.72,62
399999.9999999999,304556.03,91
566000.0000000005,432240.16,32
729000.0000000003,593176.06,32
1210000.0000000012,760388.4,5
118000.00000000009,202240.62,77
299999.99999999977,311696.34,32
1329999.9999999998,1183313.0,88
1575000.0000000002,747190.25,12
120499.99999999996,201549.97,55
249999.9999999998,237497.67,25
433999.99999999965,460721.5,71
1048499.9999999993,867057.8,90
275000.0000000002,238629.44,72
759999.9999999999,811553.3,79
119214.99999999996,89814.92,39
339000.00000000023,361704.25,62
455000.0,350215.2,86
645000.0,623833.44,12
377749.9999999998,355028.4,82
170000.00000000012,161471.67,74
342000.0000000002,302712.62,73
454000.0000000002,369342.3,89
127999.99999999997,173083.45,12
385000.00000000023,405924.6,24
248354.0,244095.81,47
139000.00000000003,184697.86,5
1179999.9999999993,898516.8,32
255000.0000000001,280670.97,70
169900.00000000003,252581.5,33
156000.0,107711.22,53
348600.0000000001,442154.7,89
100389.99999999997,117184.41,55
448999.99999999994,450784.7,80
134899.99999999988,157517.4,83
498999.9999999996,231390.8,32
487600.0000000004,200940.8,5
49500.0,66092.3,21
109999.99999999991,100630.86,72
186618.00000000012,193452.5,35
455000.0,437505.47,71
395000.00000000035,376687.28,41
229000.00000000006,196557.8,91
166000.00000000003,179697.25,72
116599.99999999991,137146.81,64
210000.0,199766.66,89
337999.99999999977,196931.19,15
99000.00000000004,129351.81,28
341699.9999999998,351889.12,88
530000.0000000003,637244.44,28
188500.00000000003,171218.1,58
344999.9999999997,273358.28,58
594999.9999999997,576338.94,31
217999.99999999988,211460.83,73
77500.00000000006,169981.11,1
194000.00000000006,186540.28,27
275000.0000000002,274359.1,5
28000.00000000002,70877.34,49
304999.99999999977,316175.2,0
401079.9999999998,388286.06,70
129989.9999999999,94938.82,85
124999.9999999999,179970.28,48
400900.0000000001,443231.66,78
484999.99999999965,465729.78,88
98000.00000000003,95264.336,67
364999.99999999977,449494.25,49
323999.9999999999,350345.47,15
509999.9999999998,445893.75,52
495000.0000000004,575876.3,31
243000.00000000003,157603.34,70
134500.00000000006,123722.945,77
208650.0000000001,280611.28,87
104999.99999999997,126482.07,32
449999.99999999994,357800.3,8
155149.99999999988,160890.17,20
264499.9999999999,194478.39,42
267500.00000000006,165429.25,71
106930.00000000007,182163.45,42
225000.00000000015,252503.94,5
320999.9999999999,432161.0,89
235000.0,200025.36,70
607999.9999999998,503076.25,73
272999.9999999998,328426.44,70
269899.99999999977,259839.44,70
435000.0,844729.9,5
1018499.9999999994,582686.25,52
235399.99999999985,216780.64,22
749999.9999999998,809901.8,18
440000.0000000002,537426.75,5
463000.0000000004,452424.75,73
57000.000000000044,130893.81,22
156499.99999999985,199727.8,82
898560.0000000007,444834.47,43
131950.0000000001,126073.94,39
148730.00000000012,162679.45,29
299900.0,321559.38,32
364000.00000000006,356929.2,5
249899.9999999999,359503.66,12
84999.99999999996,93933.65,24
509999.9999999998,460395.16,52
324999.9999999999,272977.16,26
208000.00000000003,177030.27,8
237000.00000000003,282960.53,72
321999.99999999994,528500.1,88
184000.00000000015,178177.97,25
213000.00000000015,301920.06,12
178999.99999999994,150274.44,53
162000.00000000012,192694.62,55
940000.0000000006,1017241.75,71
590000.0000000003,568158.44,31
199999.99999999997,440169.7,79
85500.00000000006,97649.59,46
205999.99999999988,267276.88,12
67999.99999999999,93292.73,67
333199.9999999999,480530.6,89
297999.9999999998,300563.5,12
138000.00000000006,180670.7,35
228000.00000000003,244982.0,10
352999.9999999998,368293.78,73
568999.9999999995,653589.9,65
669999.9999999998,737234.06,90
249000.00000000006,243532.64,67
269899.99999999977,216107.52,28
144000.0,245234.47,44
428000.00000000023,586452.6,89
529000.0,753076.4,0
440000.0000000002,391153.8,71
171000.00000000012,213936.75,77
110500.00000000001,86418.79,55
413000.00000000006,235566.75,55
213000.00000000015,274816.3,17
332000.0,310330.47,5
134999.99999999997,124699.75,79
414000.00000000023,287343.34,79
283000.0000000001,431960.34,80
364999.99999999977,338156.16,88
178999.99999999994,141780.9,9
407000.0000000001,614213.4,70
1640000.0000000002,1431272.5,71
1454999.9999999988,952767.3,80
273699.99999999977,316168.56,88
468000.0000000003,358687.9,32
189999.9999999999,161533.12,40
205000.0,270039.1,0
145000.00000000012,142646.2,18
809999.9999999995,812356.3,12
998999.9999999995,968490.44,74
275000.0000000002,241443.48,87
219999.99999999983,198291.84,0
739579.9999999997,609108.7,45
289999.9999999999,283746.62,12
377999.99999999994,408354.06,74
275000.0000000002,285834.94,56
271999.9999999999,331562.16,33
66800.00000000004,124364.95,20
441000.00000000006,296066.53,29
395000.00000000035,530804.44,18
233955.00000000017,159527.16,57
104999.99999999997,215988.84,12
667000.0000000002,748701.75,12
80000.0,84971.62,86
379600.0000000001,315919.0,82
432989.9999999997,441190.1,62
288999.9999999999,240684.83,70
162999.99999999988,256576.47,33
490000.0,531794.5,71
463600.00000000023,470902.94,70
127500.00000000001,90601.93,55
362899.99999999994,334409.4,89
313500.00000000006,198526.67,4
1495000.000000001,1314189.9,88
281999.99999999994,245855.25,72
217049.9999999999,208718.97,20
575000.0000000001,396462.34,70
134999.99999999997,191636.64,29
257000.00000000015,256671.66,24
433999.99999999965,623136.56,12
233000.0000000001,223982.86,73
243000.00000000003,350254.6,56
1090000.0000000002,979448.0,90
498999.9999999996,644719.2,79
188999.99999999988,219211.16,80
273999.99999999994,201306.0,24
125600.00000000009,122229.41,15
343999.99999999977,536203.2,22
449999.99999999994,371356.9,60
171438.0,235088.27,91
369999.99999999977,289731.56,28
100000.00000000004,124862.42,72
129000.0000000001,126322.95,32
710000.0,722257.25,90
118999.99999999993,167816.61,61
655199.9999999995,825815.1,88
225000.00000000015,121365.21,42
95999.99999999996,173645.9,10
151000.00000000006,121676.96,35
438959.99999999994,426716.6,81
789000.0000000007,800602.06,71
272999.9999999998,347013.56,28
217980.0000000001,334619.0,27
214000.00000000017,127167.13,55
335499.9999999999,190771.94,20
230000.0000000001,331254.62,89
759999.9999999999,706067.3,88
246399.9999999998,251747.97,47
250560.0000000001,281157.75,91
385000.00000000023,354058.0,56
238000.0,149623.34,76
171199.99999999985,101203.89,22
396999.9999999998,434844.94,12
435000.0,411738.97,87
913999.9999999998,596921.44,90
131999.9999999999,145389.48,26
362999.9999999999,352937.72,82
388500.0,257988.53,38
475999.9999999996,509809.9,65
1490000.0000000002,1341352.9,71
330000.0000000001,425968.47,56
739999.9999999999,594070.5,90
339000.00000000023,421521.6,87
223599.99999999997,236304.1,49
122000.00000000003,136799.33,79
929999.9999999993,610631.4,89
524500.0,433728.34,71
198000.00000000006,223665.23,24
575000.0000000001,480251.12,80
86000.00000000001,90417.555,72
244999.99999999997,271731.72,89
148000.00000000015,141748.19,21
346000.0,462767.8,13
210000.0,186922.98,89
339000.00000000023,372731.8,5
315000.0000000002,285034.62,11
363699.99999999994,469513.28,13
780000.0000000001,861305.25,31
332000.0,422701.9,32
133000.00000000012,232133.45,60
73999.99999999997,106839.16,68
925000.0000000007,819210.4,71
608999.9999999999,536625.2,29
449999.99999999994,447503.22,73
488999.9999999996,451066.8,65
1249999.999999999,959076.75,71
369999.99999999977,352452.72,62
376899.9999999999,266518.88,35
167499.99999999997,176347.83,85
95000.00000000001,50128.16,85
109999.99999999991,147094.33,62
485999.9999999996,364231.88,71
925000.0000000007,990265.06,79
741000.0000000006,811304.94,88
238499.99999999985,232156.7,15
199131.0,208762.97,89
265000.00000000006,381854.12,61
116000.0000000001,174006.8,39
585000.0000000003,483681.88,74
219999.99999999983,222758.4,56
283000.0000000001,203376.16,73
228360.00000000006,263125.34,45
279000.0000000001,182817.67,71
240000.00000000003,311229.1,91
425899.99999999977,367148.78,90
181899.99999999988,126175.336,14
899999.9999999995,1165408.5,18
197900.0000000001,262629.97,25
590000.0000000003,426531.88,36
219999.99999999983,250173.39,28
294999.9999999998,345996.1,10
284999.99999999994,230463.42,43
37975.000000000015,41064.312,68
334999.9999999998,408969.44,73
225999.9999999998,191355.03,40
134999.99999999997,179329.52,48
178999.99999999994,181660.17,35
217999.99999999988,224065.11,32
1495000.000000001,1322355.4,71
704999.9999999995,661928.94,88
76499.99999999996,94220.03,85
340499.99999999994,403454.97,73
139000.00000000003,190044.14,29
695000.0,781232.44,90
235000.0,213216.53,73
480500.0000000003,408956.2,31
85500.00000000006,124029.05,21
695000.0,632776.4,90
372750.0000000003,320153.97,55
210000.0,195282.95,72
169000.00000000012,235127.52,32
37000.00000000001,74234.82,77
155149.99999999988,219037.5,14
210000.0,225293.1,61
654000.0000000002,700230.7,88
580999.9999999998,463174.47,90
238374.99999999985,239851.9,42
175900.0000000001,180983.88,26
610000.0000000005,688441.7,74
189999.9999999999,191429.69,73
530000.0000000003,422117.38,65
240350.00000000012,246036.56,41
926999.9999999994,524465.8,20
198000.00000000006,276818.6,28
689999.9999999995,697395.0,91
161000.00000000006,183755.45,60
532000.0000000002,320738.56,70
567000.0000000005,423548.1,78
264000.00000000006,199908.83,12
150000.00000000006,163132.64,4
278000.0000000002,264745.84,74
153999.99999999988,197096.72,32
369640.00000000023,376367.72,79
329000.0000000003,272740.62,64
294000.0000000001,351778.4,15
261999.99999999994,329028.03,88
1499999.9999999986,481492.56,12
540000.0000000001,587770.7,88
348000.0000000002,292884.72,28
177650.00000000015,177105.4,32
326000.0,341288.75,88
210999.99999999994,164024.97,13
84999.99999999996,81949.79,21
185000.00000000006,139381.25,79
125999.99999999993,188953.12,58
190799.99999999994,173299.48,88
461999.9999999998,463755.7,13
259000.0,215132.61,32
495000.0000000004,670337.3,28
229000.00000000006,199529.05,13
270000.00000000006,229467.3,33
113999.99999999996,174024.56,55
95400.00000000003,74290.77,14
75000.00000000004,57308.277,19
49000.00000000002,108303.29,56
310000.0000000002,149960.9,69
289999.9999999999,298594.72,15
342000.0000000002,324575.06,25
590000.0000000003,719842.25,79
1050000.0000000007,514397.72,12
206999.99999999994,261700.62,37
153992.0,254716.48,32
259999.9999999998,291429.47,70
155000.00000000012,130678.66,24
150000.00000000006,175406.02,29
399999.9999999999,238279.0,32
210999.99999999994,148412.95,79
183000.00000000012,198612.45,82
339999.99999999994,261647.48,52
365999.9999999997,342241.12,70
490000.0,465335.53,71
1400000.0000000007,1027859.4,79
288999.9999999999,268676.1,53
343000.00000000006,253246.48,22
228974.99999999983,222525.05,44
84999.99999999996,145671.78,76
84000.00000000003,91837.41,37
495000.0000000004,602262.1,88
54200.0,60261.363,35
228000.00000000003,342854.97,28
126999.99999999991,168664.73,66
160500.00000000003,236474.3,14
217300.00000000003,242662.8,29
749999.9999999998,461997.9,22
329000.0000000003,330363.06,71
134999.99999999997,210233.64,91
1299999.9999999993,1076459.4,12
262500.00000000023,225036.28,22
499990.00000000023,547914.7,71
173999.99999999997,236238.3,80
124999.9999999999,147744.14,29
186000.00000000012,163464.05,87
397999.99999999977,396614.38,79
426000.0000000002,193520.77,28
133000.00000000012,105031.09,10
398999.99999999977,340113.84,46
324899.99999999977,432512.3,5
549999.9999999998,383779.56,12
297000.0000000002,285440.78,91
359000.00000000023,370793.53,33
369999.99999999977,305675.72,38
96999.99999999999,248871.25,5
125999.99999999993,107624.04,69
364000.00000000006,218392.34,74
189900.00000000015,180940.73,89
249000.00000000006,245778.36,73
371000.00000000006,434610.7,88
131999.9999999999,135707.95,72
228000.00000000003,184886.25,53
199499.99999999994,204122.11,38
116499.99999999991,121012.47,69
243800.0,253001.7,22
338599.9999999998,453441.12,18
435000.0,414630.06,87
1090000.0000000002,1046821.5,79
84999.99999999996,128955.57,8
1290000.0000000007,1097082.6,88
611400.0,528811.2,90
319899.99999999994,269910.88,9
200999.99999999997,232361.14,32
630000.0000000006,372607.06,5
249120.00000000003,323291.16,68
249000.00000000006,261624.77,56
297999.9999999998,230234.3,60
199999.99999999997,187926.8,91
122925.00000000009,128750.48,75
214000.00000000017,187087.4,60
261000.00000000012,253196.73,70
497120.00000000035,444434.2,74
409999.9999999997,502735.75,28
95000.00000000001,87274.02,85
242122.0,357739.9,73
1190000.0000000002,1000689.9,77
360000.0000000001,389359.2,74
86000.00000000001,109372.28,68
55499.99999999996,145197.44,68
850000.0000000005,394989.0,42
658999.9999999997,383156.4,15
128199.99999999996,140612.5,55
254000.0000000002,143515.95,79
232399.99999999988,168797.97,68
468999.9999999998,289692.06,32
189999.9999999999,179041.23,12
422000.00000000006,422743.84,28
229499.99999999997,262456.44,59
320000.00000000006,367406.94,41
279575.00000000023,364644.06,26
112999.99999999993,137705.12,1
159999.99999999997,256462.95,17
214000.00000000017,186409.92,1
195000.00000000006,299391.7,32
395000.00000000035,286876.5,79
321775.0000000002,302960.12,29
585000.0000000003,500539.4,31
235000.0,158733.16,41
75000.00000000004,99305.87,32
188999.99999999988,218650.56,56
124999.9999999999,81926.04,86
231999.99999999997,150007.39,20
441000.00000000006,382488.66,29
336000.00000000006,367364.2,29
297999.9999999998,258027.16,5
637000.0000000003,598841.8,15
491000.0000000004,384359.03,88
241000.00000000003,165043.66,79
698999.9999999995,558398.56,73
116499.99999999991,141139.69,76
312000.0000000001,331921.56,58
162999.99999999988,173024.86,55
175000.00000000012,198552.22,10
1450000.0000000002,1299409.4,71
187500.0,201953.44,63
107000.00000000003,150032.86,44
780000.0000000001,625310.6,88
269000.0,244859.84,87
832000.0000000006,823004.4,90
674999.9999999998,649638.2,0
494000.0000000004,439657.88,5
254000.0000000002,231234.62,13
304999.99999999977,237501.06,89
316999.9999999999,319374.8,65
159999.99999999997,122243.86,11
530000.0000000003,442237.75,74
221000.00000000006,183286.22,79
397999.99999999977,300842.8,70
390000.00000000035,397266.25,12
146999.99999999988,177256.64,74
310000.0000000002,376814.84,5
98000.00000000003,109630.43,14
188999.99999999988,165541.0,13
210000.0,367402.03,69
348000.0000000002,249568.36,5
154600.0,168992.38,81
275000.0000000002,232406.12,91
418999.9999999998,357383.56,71
148000.00000000015,149981.08,73
271000.0000000002,409279.25,61
739999.9999999999,606482.4,87
1200000.0000000005,1069179.9,79
405000.0000000001,476955.72,70
199499.99999999994,243611.39,2
235000.0,279990.3,81
426000.0000000002,313784.1,79
432000.0000000001,382935.4,73
255000.0000000001,238318.31,43
267000.0,275309.5,15
686399.9999999998,601271.06,71
330000.0000000001,242673.89,65
270000.00000000006,372997.78,56
709000.0000000002,733364.6,91
208999.99999999988,238740.06,21
155000.00000000012,210894.52,58
55000.00000000004,105167.81,19
219999.99999999983,227130.27,89
245575.00000000015,200695.1,30
211529.99999999994,274118.5,29
399999.9999999999,483744.62,80
785000.0000000006,756378.7,88
446999.9999999999,654103.7,88
337999.99999999977,337104.84,70
364000.00000000006,396240.47,73
315000.0000000002,277569.62,36
174499.99999999994,180908.3,25
475999.9999999996,409348.72,79
231000.0000000001,171623.19,22
294999.9999999998,280698.0,12
1600000.0000000012,819054.2,18
233199.99999999994,131988.77,11
261000.00000000012,185785.92,32
385000.00000000023,431456.4,5
125999.99999999993,237697.52,55
229490.00000000012,271571.1,12
139000.00000000003,182548.14,79
92000.00000000007,74057.76,44
448999.99999999994,291385.56,0
76999.99999999997,83513.305,20
189999.9999999999,192861.0,59
79500.00000000004,100535.32,76
492999.99999999965,435212.53,65
1150000.0000000005,918687.5,79
90000.00000000001,140922.88,72
247336.99999999988,232964.67,15
149200.0000000001,222561.12,81
950000.0000000008,1029937.7,71
433999.99999999965,455830.12,44
136500.00000000006,186335.64,89
1099999.9999999998,546879.0,85
540000.0000000001,520784.03,90
165000.00000000015,401288.4,20
181049.99999999985,133786.81,39
95999.99999999996,119471.52,89
1080000.0000000002,946092.4,80
124999.9999999999,143765.14,87
162999.99999999988,162606.72,81
244999.99999999997,205051.61,36
334999.9999999998,652374.3,13
261999.99999999994,348353.12,5
124999.9999999999,122571.08,79
544700.0,344243.8,81
416000.0,310785.97,74
398999.99999999977,600928.25,80
194900.00000000006,193527.42,29
1429999.9999999995,1280655.5,71
196000.0000000001,200091.94,28
956999.9999999998,563866.56,74
121000.00000000003,148458.25,75
49000.00000000002,80818.96,16
229000.00000000006,363409.9,79
287000.0000000001,230312.69,22
244999.99999999997,251432.22,31
167999.9999999999,163905.66,79
178499.99999999985,216344.86,63
594999.9999999997,531868.56,65
329900.0000000001,348241.2,90
135999.99999999997,154744.08,36
474999.99999999977,453635.75,71
85500.00000000006,97885.484,75
175000.00000000012,207823.78,53
191999.99999999997,188627.25,65
502391.9999999998,760376.75,60
185000.00000000006,199781.52,29
109999.99999999991,119148.03,17
60000.000000000015,61007.023,9
294580.0,397853.9,52
360000.0000000001,295191.12,5
582000.0000000003,562883.9,71
375000.00000000006,425457.3,29
474999.99999999977,623103.9,74
468999.9999999998,461116.66,71
90000.00000000001,72298.945,53
320000.00000000006,244034.83,27
682499.9999999995,499575.12,81
320000.00000000006,284841.97,24
597999.9999999998,431749.47,13
79500.00000000004,119890.18,28
156000.0,236347.14,60
671000.0,694289.94,88
239000.00000000003,200139.66,0
188999.99999999988,174165.19,12
495000.0000000004,387903.72,12
357899.9999999998,356949.62,90
834999.9999999998,722007.94,79
227540.00000000003,229398.81,87
460000.0000000002,325706.53,65
392500.0,527636.94,79
284999.99999999994,207137.36,60
208491.99999999994,187501.28,73
239729.9999999998,200015.06,45
328000.0000000002,283658.97,35
188000.00000000012,232227.56,55
249100.00000000017,227164.5,29
383500.0000000002,322010.5,88
676000.0000000001,419929.1,29
271999.9999999999,277101.72,91
109061.0000000001,64997.53,11
639999.9999999998,461738.47,28
139999.9999999999,118690.76,82
129000.0000000001,118383.05,40
375000.00000000006,310334.6,73
794999.9999999998,723116.7,31
354999.9999999998,347176.44,63
749000.0,601172.44,88
189900.00000000015,164854.72,69
458999.99999999977,503707.56,88
101199.99999999997,149168.0,39
203999.99999999985,259370.28,73
1065000.0000000005,1075457.9,88
255000.0000000001,184429.44,32
279000.0000000001,314873.75,29
106899.99999999994,45891.082,84
39989.99999999999,98945.78,57
95000.00000000001,121367.76,62
225000.00000000015,336265.84,24
171999.99999999988,147909.5,3
259000.0,330164.97,73
235000.0,246540.84,31
82000.0,162935.66,19
138000.00000000006,99056.73,59
297999.9999999998,237776.64,32
189999.9999999999,205764.08,89
157179.99999999994,125589.84,10
235999.9999999999,268145.97,41
625000.0000000002,672438.75,88
357999.99999999977,409591.22,5
148000.00000000015,123775.35,44
78850.00000000004,103967.05,1
239000.00000000003,271217.28,25
127999.99999999997,202148.06,22
349999.9999999997,333802.72,72
322899.99999999977,292352.25,32
75000.00000000004,92076.3,82
364000.00000000006,282303.94,32
188999.99999999988,170328.69,73
167999.9999999999,130810.58,55
199280.00000000003,164022.94,27
416000.0,308520.06,20
145999.99999999997,135940.2,28
279000.0000000001,188231.19,9
82899.99999999997,183223.12,22
156999.99999999994,224133.08,41
385000.00000000023,355165.22,31
214000.00000000017,210073.11,89
92000.00000000007,175186.52,28
252000.0000000001,177026.22,35
265000.00000000006,261084.16,90
468999.9999999998,565844.06,79
188000.00000000012,353391.75,26
299000.00000000006,429022.88,56
155000.00000000012,115963.055,61
436425.0000000003,308601.28,27
150499.99999999988,123751.98,31
249000.00000000006,287482.06,31
126999.99999999991,128361.95,28
250999.99999999988,486432.88,80
249999.9999999998,379431.03,28
492999.99999999965,354046.2,55
95000.00000000001,126781.57,5
1194999.999999999,1118776.1,88
243500.00000000015,325425.56,61
90000.00000000001,95341.95,15
1420000.0000000012,1461375.1,71
594999.9999999997,686425.75,88
573000.0000000001,491496.06,70
364999.99999999977,328722.25,41
649999.9999999995,869969.2,88
739999.9999999999,531196.94,12
212500.00000000017,191826.98,19
1080000.0000000002,988542.06,71
214799.99999999983,119110.77,55
79899.99999999997,102491.82,61
120000.00000000004,104378.34,32
240499.99999999983,212871.53,71
347000.00000000023,270765.53,63
167000.0000000001,229417.84,25
89500.00000000003,172072.58,13
269499.9999999999,250545.14,29
155000.00000000012,187371.86,31
369999.99999999977,447854.16,70
86000.00000000001,133922.0,8
654999.9999999995,525725.75,65
415799.99999999977,170454.14,20
270400.0000000002,242976.34,41
114999.99999999991,124690.59,54
398999.99999999977,399406.9,29
59900.00000000002,75260.11,82
297999.9999999998,247591.48,72
373999.99999999977,253640.7,65
177000.00000000006,183907.45,64
194000.00000000006,375151.8,63
46999.99999999999,155820.69,51
267000.0,348011.78,24
219999.99999999983,235463.88,56
178999.99999999994,139607.28,79
148000.00000000015,324444.78,29
580900.0000000001,456340.3,90
299999.99999999977,215252.27,10
573000.0000000001,427116.8,14
124999.9999999999,177428.48,67
173999.99999999997,214439.05,29
299999.99999999977,333794.78,91
263500.0,228066.66,75
281999.99999999994,203057.92,84
289999.9999999999,243811.73,10
758999.9999999998,1690000.0,71
526315.0000000001,357085.47,20
628800.0000000003,446453.3,33
388500.0,323912.72,73
498999.9999999996,612772.9,87
169000.00000000012,239972.27,91
463999.9999999998,463610.22,45
287999.9999999999,368558.72,52
1095000.0000000005,1221837.5,71
407000.0000000001,506651.22,88
249999.9999999998,251887.03,79
184000.00000000015,209043.88,39
315000.0000000002,230144.06,36
156999.99999999994,157515.14,31
182500.00000000012,204284.53,91
70000.00000000001,130229.78,14
599000.0,534863.56,41
233999.9999999999,253080.38,52
257000.00000000015,198341.02,79
1579000.0000000007,903420.44,45
169000.00000000012,157217.1,9
170000.00000000012,138277.31,12
152000.00000000006,98499.89,28
134999.99999999997,142467.16,12
171199.99999999985,229459.42,31
144000.0,177305.0,20
233999.9999999999,222846.8,73
249000.00000000006,236885.33,73
554000.0,614656.4,32
414000.00000000023,393224.03,88
594000.0000000005,585769.06,31
264000.00000000006,245914.81,12
185000.00000000006,150790.11,5
106499.99999999996,123180.195,75
92000.00000000007,82668.74,12
261000.00000000012,309340.3,12
525000.0000000003,490431.34,79
156000.0,149328.97,80
574000.0000000001,533423.44,90
509999.9999999998,608569.25,74
387999.9999999999,363404.7,73
193200.00000000012,251616.92,59
199999.99999999997,131106.7,80
169000.00000000012,187125.6,27
313500.00000000006,223732.44,59
299000.00000000006,362813.25,90
116000.0000000001,101322.19,83
86999.99999999994,180381.47,8
541999.9999999995,466254.62,74
199000.0000000001,172870.31,9
275000.0000000002,499356.97,79
195000.00000000006,199445.9,19
794999.9999999998,822126.56,12
163499.99999999988,272762.72,79
145000.00000000012,113651.48,44
821999.9999999998,315768.38,25
318000.0,351683.47,5
363974.9999999997,206820.55,43
167999.9999999999,232501.9,74
202000.0000000001,223847.47,89
659999.9999999995,750176.2,56
269000.0,295137.66,32
700000.0000000006,689178.7,88
680000.0000000003,605053.7,5
178499.99999999985,158475.7,53
165000.00000000015,158297.31,68
324999.9999999999,256439.22,73
649999.9999999995,707370.8,71
130000.00000000009,148318.44,85
144000.0,136980.02,47
229499.99999999997,200784.88,60
360000.0000000001,284646.72,12
182000.00000000003,201503.27,63
215000.0,280222.2,27
215000.0,187476.06,64
229000.00000000006,142749.77,29
467955.00000000023,375752.28,61
195000.00000000006,220575.52,72
479000.00000000035,429946.1,5
369999.99999999977,383091.0,90
221000.00000000006,197735.7,32
645000.0,637079.1,91
244999.99999999997,169013.81,33
120000.00000000004,186672.16,58
178999.99999999994,164920.3,72
280000.0,294104.78,73
158999.99999999997,104045.11,56
77999.99999999994,133257.48,43
890000.0000000002,1009509.4,71
420000.0,412280.44,12
297999.9999999998,166749.0,32
208999.99999999988,153713.02,32
180000.00000000003,195766.84,55
178100.00000000006,166150.08,42
267000.0,237565.62,22
299000.00000000006,328212.6,41
91000.00000000009,78390.91,75
291000.00000000006,438374.2,56
244999.99999999997,276757.1,79
398999.99999999977,466062.56,38
46099.99999999998,94734.42,82
215999.99999999985,251604.92,36
299000.00000000006,242551.97,5
186375.00000000015,157876.84,27
249999.9999999998,260038.25,5
178499.99999999985,160827.42,12
884000.0000000002,615020.5,28
1169999.9999999998,782133.7,79
478399.99999999965,455629.3,15
498999.9999999996,582729.6,12
192999.99999999985,171248.8,36
420000.0,418128.8,88
534999.9999999995,487958.72,15
77350.00000000003,150993.3,44
794999.9999999998,345000.38,60
415000.00000000006,277936.47,80
468999.9999999998,465973.66,80
64999.999999999956,76937.305,46
895000.0000000007,1206629.9,32
238101.99999999994,268605.38,12
725999.9999999998,1690000.0,71
195000.00000000006,201641.1,89
1247999.9999999995,893352.6,41
130000.00000000009,158766.9,10
1020000.0000000005,1051731.8,88
131999.9999999999,136842.27,79
729166.0000000002,324105.22,27
174075.9999999999,240360.94,28
520000.0,569533.7,29
346000.0,354854.06,29
147200.00000000012,154183.58,76
89500.00000000003,132150.23,76
189999.9999999999,139958.95,12
150000.00000000006,140637.7,60
294999.9999999998,298604.7,19
362249.99999999977,231141.58,26
177999.99999999994,151932.92,42
749999.9999999998,622076.1,18
196099.99999999983,252074.22,90
269000.0,324089.75,28
215999.99999999985,287031.94,91
160500.00000000003,200383.16,79
293000.0000000001,411709.94,15
498999.9999999996,439046.97,28
371999.9999999998,321900.56,87
617999.9999999999,498489.56,88
148000.00000000015,149024.67,28
698999.9999999995,604763.5,65
224128.0,206035.25,35
136999.9999999999,214287.77,70
289899.9999999999,278135.1,91
399900.0,554606.56,5
126999.99999999991,104500.76,10
364000.00000000006,356173.62,89
383433.00000000006,322825.94,29
225999.9999999998,228852.53,42
399500.00000000035,362160.22,72
312000.0000000001,320401.06,73
149800.00000000003,170803.03,34
375000.00000000006,310399.12,5
364999.99999999977,403453.8,15
77350.00000000003,53782.3,2
188999.99999999988,184264.19,90
1110000.0000000002,846443.5,88
452999.99999999977,383891.6,28
145000.00000000012,138383.12,40
620000.0000000005,480860.22,32
273999.99999999994,199740.19,87
237000.00000000003,259338.12,73
1380000.0000000005,1086040.9,88
1262000.0000000007,1389828.2,71
170000.00000000012,140839.72,31
158999.99999999997,266121.16,56
215000.0,221421.08,56
742999.9999999998,650132.2,88
369000.0000000001,415277.5,32
186300.00000000012,179963.42,81
297900.0,199964.33,22
364999.99999999977,598798.94,88
1690000.0000000007,1285194.6,71
480000.00000000006,305198.0,89
995000.0,997989.94,88
390000.00000000035,335293.66,71
267000.0,217573.7,91
97900.00000000003,92559.12,29
1271999.9999999998,941601.7,89
299990.0,298215.1,31
540000.0000000001,421200.94,74
249000.00000000006,246761.95,56
210000.0,264028.0,42
315000.0000000002,311333.0,87
685000.0000000005,590367.25,88
128900.00000000003,101385.21,6
239625.0,245611.77,31
261500.00000000012,245453.0,72
739999.9999999999,619142.9,71
146999.99999999988,147660.05,62
65700.00000000004,100006.125,55
328000.0000000002,329067.9,71
480000.00000000006,399628.62,90
53500.00000000004,127309.836,35
639999.9999999998,647162.3,74
474999.99999999977,306624.9,53
178999.99999999994,176411.23,33
255999.99999999985,141275.44,62
358700.0000000003,343199.75,31
685000.0000000005,512116.75,89
228000.00000000003,324483.47,5
249999.9999999998,222837.86,58
375000.00000000006,336987.22,31
530000.0000000003,444070.25,91
235000.0,187868.03,25
221490.00000000012,265740.72,35
149099.99999999994,167924.5,76
925000.0000000007,671723.44,36
342000.0000000002,360758.6,53
164299.99999999988,140817.28,56
448999.99999999994,562053.0,56
364999.99999999977,332889.06,31
292875.0000000001,215468.33,28
149000.0,172512.27,73
490000.0,569510.9,79
180000.00000000003,208874.89,6
542420.0000000005,718037.6,90
177000.00000000006,256036.5,42
299000.00000000006,329126.28,88
420000.0,520280.16,80
145000.00000000012,163026.89,15
435999.99999999965,424730.44,91
134999.99999999997,96766.76,20
343199.9999999997,384355.72,56
362000.0,310208.84,74
259999.9999999998,240765.88,42
120000.00000000004,173726.58,7
394500.00000000006,264013.4,25
104500.00000000003,120815.98,49
175000.00000000012,208002.03,60
309600.0,307457.4,73
103000.00000000001,122438.24,59
190799.99999999994,228260.75,33
385999.99999999977,391055.72,71
590000.0000000003,567868.06,31
375000.00000000006,283752.3,79
166000.00000000003,132090.64,53
165000.00000000015,210293.8,62
1249999.999999999,899528.5,3
230000.0000000001,302385.16,77
634999.9999999997,870011.5,91
870000.0000000006,744275.1,65
85749.99999999994,157305.12,45
170000.00000000012,149091.48,24
158999.99999999997,132689.1,36
714999.9999999995,650020.56,89
339999.99999999994,351728.75,88
390000.00000000035,368693.34,29
532000.0000000002,527958.56,74
178999.99999999994,139046.81,56
289999.9999999999,279229.28,5
300149.99999999977,429929.28,15
208999.99999999988,206225.55,89
162999.99999999988,221835.56,33
182239.99999999997,284955.28,58
227000.0,244781.62,79
224499.99999999985,233339.78,41
544999.9999999997,392156.3,82
177999.99999999994,212767.61,81
396999.9999999998,328551.44,87
149000.0,177501.94,77
113999.99999999996,97025.69,55
330000.0000000001,486650.03,22
114499.99999999991,206585.58,82
133000.00000000012,156468.16,32
188000.00000000012,142741.05,22
148399.99999999997,124648.266,84
364999.99999999977,368295.53,12
151000.00000000006,191632.98,58
392000.0,368104.53,87
126999.99999999991,108087.12,85
1350000.0,732294.7,28
77999.99999999994,140009.28,64
188999.99999999988,180374.94,8
546999.9999999999,418871.2,65
171999.99999999988,184098.72,91
208650.0000000001,207235.17,55
116999.99999999991,112521.234,48
302000.00000000006,379246.53,15
1090000.0000000002,619736.56,63
1090000.0000000002,1165210.8,88
362075.0000000001,384297.06,82
210000.0,301961.8,79
233199.99999999994,299933.84,38
297000.0000000002,409785.4,87
488999.9999999996,462333.3,29
779000.0000000001,696269.9,88
312000.0000000001,406641.03,89
114999.99999999991,140754.05,42
396999.9999999998,468480.97,25
194249.99999999985,194088.38,68
449999.99999999994,505639.47,29
283000.0000000001,352569.7,15
239000.00000000003,317452.0,18
138000.00000000006,133823.95,49
305950.0000000002,213849.03,31
374500.0000000001,370114.84,90
254000.0000000002,246223.64,33
240350.00000000012,129686.93,66
449999.99999999994,395296.88,90
310500.00000000006,271696.72,62
199000.0000000001,333043.4,5
57500.00000000001,85078.57,84
390000.00000000035,436396.6,78
149000.0,223542.83,82
81000.00000000007,78364.74,9
1150000.0000000005,859514.0,71
174699.9999999999,228495.31,15
604500.0000000005,357338.25,29
286329.99999999994,241084.33,26
318000.0,230856.3,32
478124.99999999977,326074.84,15
369999.99999999977,295262.66,29
625000.0000000002,464023.34,55
177498.99999999997,300969.38,55
99500.00000000001,188667.55,79
344499.9999999999,394635.84,60
265000.00000000006,271542.88,53
336000.00000000006,163048.34,14
460000.0000000002,444776.78,89
188999.99999999988,159400.17,44
483400.00000000035,447291.6,74
124999.9999999999,108566.88,84
588000.0,609902.7,79
280200.0,234532.25,70
890000.0000000002,863403.2,71
152000.00000000006,219449.4,72
1317699.9999999995,975066.75,71
334999.9999999998,243725.25,79
84800.00000000007,136899.7,20
54499.99999999998,215615.1,27
304999.99999999977,249991.89,73
249100.00000000017,388653.2,47
291499.9999999999,390236.84,44
206999.99999999994,360000.78,46
195500.00000000006,153265.11,32
129000.0000000001,342050.56,22
525000.0000000003,367438.12,32
530000.0000000003,361009.16,29
312500.00000000023,330304.16,31
302083.0,330245.28,31
339999.99999999994,329584.53,89
540000.0000000001,467056.56,57
240350.00000000012,294867.84,20
995000.0,1261165.1,71
189999.9999999999,262997.66,73
261000.00000000012,242405.81,62
998000.0000000008,911994.75,71
429500.00000000023,554617.1,41
177000.00000000006,194901.55,52
177999.99999999994,421108.56,79
864999.9999999994,901814.2,81
579999.9999999997,418637.16,63
209241.99999999985,229178.83,89
238000.0,257285.83,12
476682.9999999998,368398.8,45
122000.00000000003,102389.34,82
649999.9999999995,541169.4,59
254400.00000000006,328181.6,73
438000.00000000035,489990.94,22
642000.0000000006,848564.3,31
259000.0,231466.5,15
223000.00000000003,285932.8,10
130000.00000000009,137111.62,58
194000.00000000006,246764.78,32
297999.9999999998,224350.98,32
88500.0,82661.016,72
121820.99999999996,68262.68,84
369000.0000000001,310304.4,29
431599.9999999998,333529.06,29
620000.0000000005,649936.94,31
96299.99999999997,333002.1,80
192099.99999999985,184776.1,45
635999.9999999995,438212.44,38
1173999.999999999,1129827.4,5
167000.0000000001,153835.33,62
244999.99999999997,234119.72,74
261999.99999999994,310330.47,10
513999.9999999996,519788.7,88
139750.0000000001,176503.8,32
615000.0,967624.5,89
385000.00000000023,328472.47,72
1550000.0000000012,1255953.6,71
206999.99999999994,184941.98,72
202000.0000000001,178348.14,89
124999.9999999999,205202.64,71
394900.0000000002,599999.4,29
348999.99999999994,254046.92,5
1190000.0000000002,1066945.1,65
294000.0000000001,380504.72,75
199899.99999999997,213688.8,30
265000.00000000006,176902.0,73
142000.0,156537.56,33
148499.99999999988,95942.68,50
87999.99999999996,98723.81,16
274299.9999999999,306768.8,80
227000.0,232514.98,80
472500.00000000035,516948.12,76
484000.0000000002,515082.03,90
283500.0000000002,159977.2,47
614250.0,457954.28,73
238499.99999999985,280263.34,29
239000.00000000003,221500.5,60
178999.99999999994,130003.94,29
64999.999999999956,94017.984,19
299000.00000000006,270397.8,87
893999.9999999998,1049469.4,5
258000.00000000015,292897.0,73
60000.000000000015,113806.9,19
100700.00000000006,237138.27,5
120000.00000000004,145173.77,12
315000.0000000002,378532.9,87
261999.99999999994,243889.4,13
129000.0000000001,129514.51,42
171999.99999999988,131586.58,29
420000.0,461702.34,88
175000.00000000012,193399.56,6
149000.0,229870.31,31
70320.00000000001,118654.2,54
189999.9999999999,174153.39,30
38990.00000000001,31273.29,59
98000.00000000003,138397.9,67
348999.99999999994,359707.34,29
75959.99999999997,100009.37,27
369000.0000000001,466255.5,28
437000.00000000023,514151.53,79
999500.0000000003,1033113.2,71
170000.00000000012,258394.33,89
830000.0000000005,926073.0,74
294999.9999999998,280368.12,55
469999.9999999998,375310.7,24
314000.0,470732.75,80
269000.0,326745.97,73
979999.9999999997,1102498.8,88
162999.99999999988,127597.914,34
497999.9999999996,284918.6,20
294999.9999999998,275421.88,90
95999.99999999996,62520.77,75
305950.0000000002,313447.03,31
330000.0000000001,302362.66,15
294999.9999999998,220568.78,23
298200.0000000002,310794.56,15
241000.00000000003,308776.75,32
390999.99999999977,246502.77,71
1198999.9999999998,874583.56,74
199000.0000000001,291284.44,32
299999.99999999977,220831.67,65
656938.0000000002,499674.25,55
1140000.0000000002,977699.1,74
259999.9999999998,223006.23,89
555000.0000000002,455840.12,60
469999.9999999998,453506.0,88
265000.00000000006,277492.84,81
458500.00000000035,403754.4,73
197500.0,240236.5,52
227499.99999999997,252131.2,63
658999.9999999997,541495.7,71
91299.99999999996,98894.086,21
1229999.9999999995,1297490.0,71
398999.99999999977,580371.94,30
544199.9999999995,597756.56,88
719999.9999999995,685545.2,88
249000.00000000006,214248.73,73
329000.0000000003,248197.88,32
68999.99999999997,120083.445,33
205999.99999999988,170930.78,32
457999.99999999965,471136.53,88
229000.00000000006,303469.66,22
255000.0000000001,314061.03,79
507000.0000000003,478885.5,71
398999.99999999977,432245.1,73
1249999.999999999,468039.3,69
360000.0000000001,318193.4,73
348400.0,415493.78,42
396500.00000000035,316754.94,73
1190000.0000000002,1030852.5,31
291999.9999999998,291846.66,73
125990.00000000004,85954.88,34
283000.0000000001,354592.9,55
328000.0000000002,401463.34,29
84000.00000000003,97297.28,32
788880.0000000002,528955.44,10
377360.0000000002,452842.6,60
138000.00000000006,145912.61,25
155989.99999999988,148309.95,66
315000.0000000002,273993.8,88
649999.9999999995,431803.84,32
379999.9999999999,517050.7,29
297999.9999999998,186129.44,18
124500.00000000003,176648.28,41
749000.0,752271.0,74
205000.0,255136.6,18
40000.0,60324.902,72
351449.99999999994,372756.7,29
649999.9999999995,698826.4,89
60999.999999999956,97875.78,28
534999.9999999995,475574.94,79
794000.0000000007,609800.4,90
382999.9999999997,431304.2,39
134160.0,125191.99,91
607999.9999999998,567830.7,90
540000.0000000001,486859.4,74
440000.0000000002,392895.66,90
120000.00000000004,113098.64,60
215999.99999999985,200236.83,74
64800.000000000044,67726.92,57
1194999.999999999,884783.2,74
579999.9999999997,565016.9,80
1099999.9999999998,1068021.1,5
455999.99999999977,463883.97,90
134999.99999999997,152970.28,67
242000.00000000017,197529.14,24
218400.00000000006,307779.5,67
343000.00000000006,326244.34,42
1485000.0000000012,1340854.0,74
416999.9999999998,376115.1,27
149800.00000000003,121564.336,85
214000.00000000017,252593.78,29
415000.00000000006,376957.2,71
187500.0,198407.05,63
312999.9999999999,315710.25,90
330150.00000000023,403231.47,89
1175000.0,786527.44,65
576800.0000000005,537121.9,41
625000.0000000002,652780.06,79
794999.9999999998,817240.9,12
198000.00000000006,145901.61,32
