y_real,y_pred,dept
99000.00000000004,248552.94485487085,5
509999.9999999998,378882.53059101757,52
315000.0000000002,326542.32723155,66
270000.00000000006,315132.30194335605,87
280000.0,264824.94478630816,90
328400.0,294638.61915309,42
58999.99999999997,107709.44606794322,28
159999.99999999997,148365.9621043815,82
344999.9999999997,390803.1945092691,70
299250.00000000023,195719.9751725708,82
229000.00000000006,245161.90932483115,89
284999.99999999994,426437.12205425516,62
440000.0000000002,503041.932012682,79
495999.99999999994,555474.1747372317,28
157999.99999999997,203587.214134586,5
216274.99999999983,254413.15798476673,55
259499.99999999985,259972.9739097621,72
444999.9999999997,351725.89460011706,32
74899.99999999999,103255.49776866517,21
145000.00000000012,134813.4396845569,35
166719.99999999985,119035.10139125044,68
139000.00000000003,283277.6026900294,71
230000.0000000001,438766.7347674663,79
205000.0,212395.8838194689,73
212000.00000000017,209302.52165481844,29
175000.00000000012,200602.6483306166,78
226300.0,253858.54570352327,29
271999.9999999999,200820.16186686,19
189280.00000000006,502100.7200275853,79
259999.9999999998,333609.40039577027,71
254000.0000000002,411646.596304027,25
210000.0,304174.1027725385,78
356999.99999999994,403165.44372464455,79
159999.99999999997,203967.87485316372,32
618595.9999999997,663635.1856648518,88
375000.00000000006,356594.1151970233,79
332324.9999999999,306387.5817634012,91
115500.00000000009,140513.94987142552,82
294999.9999999998,305102.1547277683,38
155000.00000000012,261003.40403513095,79
135999.99999999997,163265.7185793072,82
460000.0000000002,476324.52001427277,91
208740.00000000015,150585.04544401803,43
416999.9999999998,306544.45454723376,10
129000.0000000001,124178.62426336804,35
330000.0000000001,345337.63635312277,13
369000.0000000001,355488.506322746,26
255000.0000000001,268414.05014446896,15
249984.00000000017,249445.05605210416,38
995000.0,714553.6638564332,71
291999.9999999998,286221.9389435472,91
145000.00000000012,214200.95744192548,12
465900.0000000004,369844.5627162534,89
191999.99999999997,244888.61039783212,90
287999.9999999999,288036.038686898,89
92000.00000000007,134987.69100362546,68
199999.99999999997,213020.3569984718,12
219500.00000000012,168974.3511041861,45
1179000.0,1248388.6720789466,71
339999.99999999994,431325.98368906096,56
223000.00000000003,237196.79272017494,33
409999.9999999997,453110.7821201437,89
367500.0000000003,467620.4534497959,28
115989.99999999994,145319.28771663833,32
185000.00000000006,211025.1664002187,12
509999.9999999998,472896.17825400113,6
379000.0000000002,435306.26000005455,88
218999.99999999988,281467.5126817317,10
65599.99999999994,112096.75583917079,17
235000.0,194952.80300567872,32
177999.99999999994,134554.42733652322,32
233000.0000000001,281362.9510952988,29
151959.9999999999,295478.99672416755,81
311899.99999999977,339602.2000027378,31
433999.99999999965,395231.0800172391,74
520000.0,523885.2214760038,88
349899.99999999994,486940.4832291941,88
188000.00000000012,157922.76890661666,32
199000.0000000001,193536.6119233282,73
405000.0000000001,412007.32180466707,88
132990.00000000003,158425.1168381691,79
204750.00000000006,171147.10497905622,14
99000.00000000004,247464.3413130044,5
639000.0000000006,508155.1117032708,79
177500.00000000015,152804.8848990037,72
241500.0,206615.83672375517,14
135999.99999999997,129647.00652895618,55
79500.00000000004,107532.08873040142,62
225000.00000000015,173834.49600453,43
127999.99999999997,139211.25856405686,73
379999.9999999999,366833.7250924769,24
395999.9999999999,326114.67964893754,29
598500.0,303940.5248236613,53
337999.99999999977,333148.6789379324,81
769599.9999999999,702131.3882754799,90
299900.0,285167.9244611029,81
76999.99999999997,99971.68045404753,27
210000.0,203317.28422018807,89
1579999.9999999998,740404.7458655195,12
349999.9999999997,281318.7583315163,38
461999.9999999998,415073.2275280962,38
230000.0000000001,442595.72781676124,79
212000.00000000017,169544.85318984883,1
50000.000000000015,168562.90389979165,53
38000.000000000015,60569.2164700346,34
208000.00000000003,241039.82159846427,5
988999.9999999998,775461.1202876023,71
415000.00000000006,467116.8213502411,87
144000.0,232828.4291990336,36
144499.99999999994,156603.67727612663,33
214000.00000000017,271458.63033882104,13
649000.0000000006,181184.88977000635,65
257000.00000000015,207525.34109260465,87
398999.99999999977,394626.809049098,87
680000.0000000003,769142.1889576738,71
152999.9999999999,101329.76978234774,76
271000.0000000002,255629.62572243583,85
249999.9999999998,166949.62187313684,36
244999.99999999997,196566.1172401129,1
229499.99999999997,286185.61743924714,55
932000.0000000002,1028987.3351655689,71
134500.00000000006,163561.97144594527,76
294999.9999999998,239095.1426506277,65
488999.9999999996,370794.3981115952,53
425000.0000000002,437103.3448546163,90
469999.9999999998,391874.8651863027,79
237000.00000000003,278509.7842221212,73
173999.99999999997,180994.69458011404,14
790000.0000000003,514414.8342990858,31
299999.99999999977,382858.32883099036,88
118999.99999999993,113172.379946418,42
440000.0000000002,471949.8642485542,79
270000.00000000006,358139.497506133,88
468999.9999999998,606898.1032141668,90
311225.00000000023,476452.98801875004,61
261249.99999999988,220896.49683494744,52
315000.0000000002,328188.6612329549,12
749999.9999999998,775760.0127692687,88
327000.0000000001,506319.949170164,88
170000.00000000012,254062.02791427996,74
64999.999999999956,194776.70848670646,76
265999.9999999998,270678.30438215093,73
279000.0000000001,268667.9707073797,32
369000.0000000001,213462.6912165665,56
442000.00000000035,416834.25387781917,44
280000.0,210855.1546758379,41
68999.99999999997,143055.7689148738,85
262500.00000000023,257818.3430438947,74
136200.00000000003,190649.15396246957,87
648800.0000000005,735637.0071798228,29
328299.9999999998,237194.03236138626,29
86000.00000000001,150983.08277417335,22
68999.99999999997,113804.29150973177,23
169000.00000000012,205656.63509749874,59
719999.9999999995,748821.0538235616,71
218999.99999999988,370905.2515973563,4
375000.00000000006,382968.58904707566,79
129599.99999999994,163523.97241007898,42
249999.9999999998,232707.43177442098,13
615000.0,385616.2041401317,12
191699.99999999994,218477.4425254753,13
225000.00000000015,227100.012974481,91
937199.9999999994,292737.5297012515,13
323000.0000000003,429471.7081356727,41
529000.0,490976.13375086663,70
281000.0000000001,269377.79395411717,73
255000.0000000001,224110.2832210197,48
92000.00000000007,156245.3596056443,77
134999.99999999997,156047.8358169729,58
1150000.0000000005,1045738.9322259813,71
310000.0000000002,292150.81191335025,79
615000.0,627954.5685294213,88
527999.9999999999,409283.7669942042,36
354999.9999999998,375428.81182155263,38
238739.9999999999,196431.7122006825,68
425000.0000000002,366085.2187799869,74
238970.00000000017,216863.45930626546,35
158999.99999999997,197634.28611918975,5
230000.0000000001,276089.85552652617,5
579999.9999999997,389869.8741782814,71
233199.99999999994,334560.08768541366,27
225000.00000000015,252055.32952294886,73
291999.9999999998,280097.21821970347,20
244999.99999999997,288997.7573631773,73
357999.99999999977,538352.370807868,90
60000.000000000015,86905.85882361684,8
471999.9999999998,337105.70750315126,45
369999.99999999977,534021.0402980708,58
312999.9999999999,356489.50618132023,71
120000.00000000004,86984.52086305618,85
673099.9999999998,664374.4146778401,71
495000.0000000004,493083.11458825076,70
165000.00000000015,212788.32377447461,87
420999.9999999998,424140.6273208197,55
73999.99999999997,146034.32872907122,33
161569.9999999999,160133.08442192042,15
219999.99999999983,292683.66862976446,5
185000.00000000006,278267.7202364031,89
571999.9999999999,388190.34371799434,4
574000.0000000001,456952.2466174108,41
205000.0,157062.12786338362,64
279499.9999999999,356601.99539950053,26
230000.0000000001,299955.4787981099,79
322400.0000000002,328189.3455367168,55
225000.00000000015,163613.25105455102,63
323000.0000000003,319169.20437560335,12
258000.00000000015,251503.43426115875,73
509999.9999999998,568578.8812379278,36
224000.0,230053.04997799016,31
199499.99999999994,140803.03783668156,82
935000.0000000006,413679.9758515496,56
93074.99999999999,163033.56913485716,29
386499.99999999994,334425.59623795666,29
83000.0,80428.99110279596,42
56000.000000000044,82039.13137102302,14
239000.00000000003,231415.7322975646,89
490000.0,494934.2038316839,31
330999.9999999998,480911.2496383087,70
519000.0,570593.1965115212,88
360000.0000000001,360531.10972857196,12
392200.00000000006,289048.07115701685,5
399845.00000000035,350045.57941469824,52
195000.00000000006,189204.81962873944,63
170500.00000000012,178779.87015308847,20
126250.00000000006,169334.57300838295,7
235958.00000000015,171712.43227842904,63
658999.9999999997,843445.9371488207,5
227900.00000000006,409007.66915309924,32
442000.00000000035,563031.5024565598,12
173499.99999999985,215283.54184116598,56
884000.0000000002,574726.6920491371,91
369899.9999999998,426661.7428369195,29
145998.99999999994,137791.65614834832,82
320000.00000000006,145794.48834564435,16
156000.0,189367.0470989177,22
145999.99999999997,205486.4094973036,73
104649.99999999999,105273.75369825342,1
48499.99999999998,64786.64674262618,39
157999.99999999997,137313.95620118,35
275599.9999999998,221885.4533483418,38
241000.00000000003,203083.0574001156,13
252000.0000000001,198249.1168542879,82
384060.0000000003,376874.4772366246,41
449999.99999999994,387269.84097179165,32
979999.9999999997,868460.6974038272,5
780000.0000000001,651335.0757133118,88
270400.0000000002,233689.42340339118,42
645000.0,308362.4188338504,29
322800.0000000002,266570.99112029007,72
432550.00000000006,428674.30338750314,61
395000.00000000035,474417.4628741001,38
50999.999999999985,92662.93962522302,62
315000.0000000002,258007.9062017373,12
398999.99999999977,351692.5119758543,73
364999.99999999977,301554.04162039084,13
418999.9999999998,395411.34604600235,80
200999.99999999997,216364.60806624166,41
498999.9999999996,564150.7322859373,88
1290000.0000000007,1069443.6532728772,5
104500.00000000003,72832.29447141178,84
474999.99999999977,504806.73038876534,90
199499.99999999994,255840.671975113,66
121000.00000000003,233090.39264170878,58
590000.0000000003,432660.4748396903,55
210000.0,235095.17089608288,41
158550.0000000001,141271.51384191398,82
294999.9999999998,401692.688704796,88
158999.99999999997,164371.21540938495,72
40000.0,75482.97566593901,72
218999.99999999988,139930.70349357143,19
220500.00000000012,233506.3954541579,15
297000.0000000002,288298.8609741626,70
549000.0000000005,401441.630080246,70
179500.00000000015,215678.1876116058,91
461999.9999999998,389706.468446999,32
599000.0,437390.2769135839,71
455000.0,470552.49347511603,71
160500.00000000003,139133.9159667166,22
1290000.0000000007,922973.291133241,5
80000.0,151643.3617555743,33
299999.99999999977,228351.4062103592,87
365999.9999999997,326480.7290686813,81
53850.00000000001,93507.7934764048,82
259974.99999999983,300341.29400656914,31
498999.9999999996,497733.8044146609,74
231999.99999999997,185240.37320830673,72
375000.00000000006,261270.01196864087,65
567010.0000000002,577811.4247753706,89
310999.9999999999,219836.57029213064,62
188999.99999999988,186599.98398559287,24
208000.00000000003,115584.10238767427,50
108499.99999999999,106944.16291695413,62
311500.0000000001,217330.77578593633,37
155000.00000000012,187448.8453877593,31
243800.0,156112.66762108987,22
497999.9999999996,511570.8123914765,29
233550.00000000017,230175.3075775422,35
414000.00000000023,427936.4335338273,88
237000.00000000003,294999.50072675315,89
140799.99999999997,113505.86255226491,76
449999.99999999994,393559.2624687725,12
221500.0000000002,256418.6972835568,15
240000.00000000003,260343.69691467224,79
86400.00000000007,110170.30144685117,55
289999.9999999999,272759.4274122301,30
239558.00000000015,190374.63920110068,42
76099.99999999996,103089.0452977699,54
225000.00000000015,149627.2411002117,10
433999.99999999965,416760.607562913,77
649999.9999999995,723077.3210042833,88
96999.99999999999,104881.09682491227,32
255999.99999999985,252928.91957884686,18
997500.0000000007,895776.1746960913,60
294000.0000000001,314277.81355206744,15
395000.00000000035,404918.3306184261,32
294999.9999999998,282418.3526706507,77
725000.0000000006,548720.8864545085,89
139499.9999999999,148985.42308769934,57
82699.99999999994,94889.07559340486,39
535500.0000000001,265282.8902863525,27
288999.9999999999,251890.77591381143,40
425000.0000000002,475930.2574138715,69
178999.99999999994,250633.1933234371,72
548000.0,557447.502561705,0
390000.00000000035,397691.67993586493,88
339999.99999999994,412049.65545029414,12
118274.99999999996,93168.81958044056,14
155000.00000000012,140359.91688032734,77
279000.0000000001,226225.73541129706,42
199000.0000000001,168051.22061380732,40
286000.00000000023,301832.83629567665,13
354999.9999999998,367968.0113919313,28
395000.00000000035,339490.11375097086,87
384000.00000000006,490386.5524536124,74
369999.99999999977,288715.2156409192,15
134999.99999999997,146012.16966402912,26
165000.00000000015,210519.9643260462,73
1229999.9999999995,1261120.1630693716,71
255999.99999999985,259222.9966781508,29
484999.99999999965,371711.33883427706,71
395161.99999999965,313551.0244646333,68
379999.9999999999,434482.686764324,65
336500.0000000001,356799.7404727388,29
297999.9999999998,210892.16429304905,36
139000.00000000003,172732.19101090025,10
199000.0000000001,261386.5235305842,41
105499.99999999993,135504.07402320488,1
315000.0000000002,336158.31058173813,72
170000.00000000012,152337.09338183867,44
659999.9999999995,767574.0115416928,79
270000.00000000006,285884.5866830832,63
209799.99999999994,184564.3623900096,32
171999.99999999988,212950.31386227327,31
275000.0000000002,251284.6949722515,87
312000.0000000001,278136.56757423666,88
480000.00000000006,568058.3459440661,71
152999.9999999999,169682.23021699264,10
170000.00000000012,248881.51892459515,60
129599.99999999994,94482.39389517088,9
372999.9999999999,408817.28838529927,5
435000.0,412789.4210867387,88
112350.00000000004,195206.54893359428,17
463000.0000000004,405395.2459325332,73
430000.00000000023,207219.2476723036,32
1140000.0000000002,823779.3424044554,79
192399.9999999999,138863.98233482946,58
86000.00000000001,153118.78810464946,56
75000.00000000004,102311.47612564349,37
229950.00000000003,205900.44963296124,20
169900.00000000003,137270.1879412954,1
272900.00000000006,531608.8943012331,81
560000.0000000003,283051.9167172195,36
700000.0000000006,488446.8321179794,19
194500.0,227441.81391141325,18
449999.99999999994,356784.42031505005,24
719999.9999999995,785327.2369971693,71
420000.0,286482.09586491704,38
267500.00000000006,281650.17282681074,12
175000.00000000012,221598.13209001633,15
385000.00000000023,422465.1939467824,5
249000.00000000006,198345.03834378874,52
199000.0000000001,203572.56899563337,65
93999.99999999997,181344.40007379826,18
138000.00000000006,112307.01972758035,32
262500.00000000023,218960.7853236068,45
99000.00000000004,99424.4336504344,11
228000.00000000003,224216.27617228337,15
240000.00000000003,299743.5319714998,32
498200.0000000002,319837.2873063048,58
91840.00000000004,106533.57284927744,82
58000.00000000003,79238.94004287288,1
187000.00000000012,146978.79629036752,20
229000.00000000006,212574.0990410853,12
289999.9999999999,347555.10390924895,36
884999.9999999998,1047848.0174380083,71
940000.0000000006,882544.1815228935,88
239000.00000000003,233730.05234088175,91
1155000.0000000005,917506.161060154,74
229000.00000000006,388885.94667758857,74
820000.0000000005,448772.43588843045,55
44999.999999999985,107062.58738110385,48
168500.0,486480.4159724447,28
134999.99999999997,148015.88551542966,36
178999.99999999994,196493.21652481507,10
240000.00000000003,276281.0248616824,60
124999.9999999999,128972.9120237707,32
258000.00000000015,268976.12783858454,56
530400.0000000005,517197.1391021585,41
269000.0,303688.0222887622,12
280000.0,336649.1445684156,87
296500.0000000002,270128.79085095885,5
48000.00000000004,72620.70838383163,72
128790.00000000006,115747.93297399332,61
116399.9999999999,141615.22884969998,58
339999.99999999994,283489.9994535443,70
273999.99999999994,224135.50010220634,67
270000.00000000006,448375.2599302513,89
99000.00000000004,121661.36440765238,21
157999.99999999997,172774.53006973345,32
1260000.0,439152.3692607316,13
250999.99999999988,195108.31186198565,59
265000.00000000006,379556.2806888611,73
395999.9999999999,408274.345107264,73
604999.9999999998,467019.4326337683,33
109999.99999999991,167044.84091590176,72
472500.00000000035,262395.097804925,53
329000.0000000003,304647.43952815334,65
273999.99999999994,230021.7678890082,58
397999.99999999977,644058.7353509881,35
319000.0,479566.0994403344,15
261000.00000000012,237128.2874327758,87
749999.9999999998,727146.3618771365,71
334000.0000000002,294612.47040253395,35
239177.0000000002,246338.00318254746,45
170000.00000000012,207425.02611808918,56
236249.9999999999,260212.51261169108,33
259000.0,267114.6709930097,70
149000.0,175034.00254261933,76
244900.00000000015,283835.2349636073,5
237000.00000000003,230490.52276660298,87
162000.00000000012,124457.71603430058,6
183500.00000000006,144098.72105637597,83
236199.99999999985,195850.4364785362,73
146999.99999999988,117829.3668606595,42
148000.00000000015,251525.79600714214,29
142249.99999999988,174865.92062857057,76
365750.0000000001,302265.3410208002,32
349649.9999999997,394957.34948837763,91
210000.0,264676.9318788813,56
349999.9999999997,149937.1541798689,20
379600.0000000001,404030.59842563845,88
28999.999999999996,47465.14535229375,30
306999.99999999994,365314.75940814696,33
69499.99999999996,172255.08464359326,43
230000.0000000001,341284.38361917343,60
108000.00000000001,328081.233885597,57
210000.0,278981.27061424864,70
259999.9999999998,156576.27593705285,45
173999.99999999997,143136.67377048003,14
729999.9999999998,612806.4824163108,18
230000.0000000001,153820.87846167636,40
424998.99999999965,423564.9607645198,89
84000.00000000003,116583.5284588208,36
149000.0,275494.8665554486,47
112999.99999999993,123848.33751849583,44
297999.9999999998,119764.68172001647,77
169499.99999999985,216391.70096790415,24
299999.99999999977,302728.04077572544,32
189500.0000000001,214953.83526217288,31
486999.9999999998,443994.8561128673,87
725000.0000000006,899758.3944157914,88
139999.9999999999,137229.4799800005,19
327359.9999999998,356606.04087306844,91
199999.99999999997,231276.56466883514,5
531500.0000000005,373486.0263003543,31
163899.9999999999,176706.2971719352,38
230000.0000000001,203260.47720655502,12
123000.00000000009,176637.80981312992,77
129900.00000000012,121746.64602400156,1
395399.99999999994,337366.0640427911,52
249000.00000000006,251005.24782893894,79
223000.00000000003,231317.9104376427,46
1448999.9999999993,1316451.8885622344,71
244999.99999999997,187204.35659098104,42
355999.99999999994,378551.8460494034,89
332000.0,307444.5649104932,61
320000.00000000006,330180.83062252525,79
219429.00000000003,223302.85043320703,63
130999.99999999997,134072.71250270924,82
566500.0000000002,331617.6849744826,32
279000.0000000001,272139.8259993831,79
171999.99999999988,178564.70413619909,77
265999.9999999998,216597.73454646894,74
115590.00000000003,117929.42751832861,39
256799.99999999988,283927.6612035718,32
112000.00000000004,109252.40130172332,52
339999.99999999994,319615.708977102,88
409000.0000000001,433729.2044996821,12
915000.0000000002,557272.338744929,32
940000.0000000006,819778.7303401016,90
181000.00000000006,242122.68445862265,91
615000.0,457154.64771816134,72
220500.00000000012,190560.09025794917,25
156999.99999999994,116195.98040390277,62
415000.00000000006,356192.8947448828,5
398999.99999999977,360083.85726581217,90
224000.0,265845.8372935084,32
198000.00000000006,222234.66539765717,25
297500.0000000002,308787.0898658271,73
605999.9999999994,185489.07320154697,42
829000.0000000002,697450.4027042631,79
229000.00000000006,212034.86364488074,58
305999.9999999998,374695.5101081639,80
233199.99999999994,228630.47323900866,22
163524.99999999985,210887.6535251323,32
790000.0000000003,646111.1613930941,90
169000.00000000012,121457.91795890099,51
362499.9999999997,329501.1623990045,31
995000.0,629167.893885582,74
199999.99999999997,169928.74811794696,69
846000.0000000001,862116.9935893288,71
397999.99999999977,381671.4615711387,44
162000.00000000012,185474.62052181785,33
398999.99999999977,369508.6244647065,41
156000.0,245107.78998120164,6
398240.00000000006,197574.9529909688,20
328000.0000000002,344858.603869238,5
241039.99999999994,295098.8605717147,33
1080000.0000000002,890479.180940379,5
1158000.0000000007,776129.2245166918,5
448000.0000000002,408803.06170437083,89
269000.0,236890.03605927693,55
173999.99999999997,231209.37663347975,29
149000.0,161095.53738637114,75
133000.00000000012,110541.31847585409,48
240000.00000000003,389986.6421338011,32
223599.99999999997,259720.1374548613,49
360000.0000000001,472160.42263086623,65
269025.0000000002,263905.5156530441,89
348149.99999999994,270443.18555806426,83
358200.0000000001,375540.7645861941,74
52000.000000000044,139460.0167063609,35
1193999.9999999998,715978.4938847264,71
407999.99999999965,180556.31120201488,42
160400.00000000015,213998.5209710138,60
309000.00000000006,282727.4753923331,45
136999.9999999999,151688.57552971246,79
349999.9999999997,516730.9919445825,74
144450.0,162677.22640105514,61
327000.0000000001,306460.92125596356,90
225999.9999999998,304974.1052239483,12
221999.99999999983,241070.18809770432,70
339200.00000000023,252181.2893561055,44
617999.9999999999,490180.9241752735,90
337600.0000000003,219422.78834669784,35
1630000.000000001,1327133.304115563,71
78850.00000000004,172376.51994103508,51
592800.0000000003,416504.0629672003,12
585000.0000000003,450259.85342095833,65
395999.9999999999,246673.29255707195,41
212799.9999999999,213146.62985564166,79
188100.00000000003,182242.7707934426,78
182000.00000000003,176966.45368512595,25
735000.0000000005,447028.87286730396,42
315000.0000000002,287790.8924646846,45
390999.99999999977,491925.84766450006,36
468999.9999999998,309258.8327368143,55
498999.9999999996,303961.55483999994,53
265000.00000000006,201295.87087794335,73
270000.00000000006,249440.193463115,80
268927.9999999999,158516.09135730812,29
398999.99999999977,243414.89751203236,22
76000.0,149001.50280126338,14
499999.99999999977,392722.16148941446,88
167000.0000000001,223318.82259196075,63
348149.99999999994,352987.6792253039,38
108499.99999999999,153820.51475793423,44
203999.99999999985,180619.15331080876,32
49500.0,219166.78098385927,33
86000.00000000001,182735.53901814195,65
1370000.0000000007,924566.48115429,88
167999.9999999999,195316.503556607,46
820000.0000000005,426330.76436524506,15
460000.0000000002,420077.6431064218,73
974999.9999999999,900855.0448346012,74
210000.0,215677.52449418756,31
202999.9999999999,242513.9607192803,39
495000.0000000004,369738.13033951604,24
162999.99999999988,215046.92566391744,79
165850.0,85699.50716777575,2
620000.0000000005,624326.4466099456,88
265000.00000000006,224147.4849354048,64
225999.9999999998,217261.460628054,91
221550.0,239055.42975344602,89
134999.99999999997,181965.85784191935,79
630000.0000000006,661567.98274579,88
495599.99999999994,248092.26981046842,43
155149.99999999988,157149.37322677745,46
149000.0,199185.295615162,1
349999.9999999997,301373.72667211964,19
895000.0000000007,338859.8531575707,25
501600.0000000002,407217.8009408527,27
191000.00000000015,237074.85403134007,65
929999.9999999993,703354.0766740959,18
189999.9999999999,176012.54845281848,57
89000.00000000004,153833.07052013458,76
379000.0000000002,219365.78062169356,17
481274.9999999998,508783.39718471776,14
621600.0000000001,568495.9805363636,80
435000.0,461741.0206650455,89
152000.00000000006,189758.7328132779,45
118000.00000000009,115735.65320951644,72
849900.0000000002,539059.2363431321,74
111599.99999999999,184441.62883517958,66
294999.9999999998,301215.39021901134,29
124899.99999999993,142811.97161727247,1
249000.00000000006,400251.257344838,72
649900.0000000006,388487.42920781154,33
263000.0000000002,282147.9550823957,20
118000.00000000009,163138.13634098854,82
339900.00000000006,340021.6033029494,29
739999.9999999999,660790.4785240317,88
337000.0,301249.9055151652,87
1350000.0,1083632.0345512114,88
53599.99999999999,123164.77547899379,41
258000.00000000015,377382.4684852924,90
96500.00000000003,116567.00707868494,76
198000.00000000006,276872.6296471687,29
540000.0000000001,542080.8700898302,88
147629.99999999994,130811.25370073007,57
210999.99999999994,210787.61218602976,24
33999.99999999999,72147.56184548499,66
1525000.0000000005,917375.8388159822,88
105499.99999999993,158665.9038440911,75
264400.00000000006,267323.0043811872,73
280000.0,154704.18696373628,32
242000.00000000017,173941.52021760977,72
265000.00000000006,402832.24803037464,73
162999.99999999988,168059.98974160408,19
359000.00000000023,587323.9430487358,65
86000.00000000001,119729.56418935253,81
210000.0,232774.8219593871,25
689999.9999999995,645194.1561470246,5
157560.00000000015,164364.77646430835,76
205999.99999999988,163051.9184164073,53
364999.99999999977,344474.6759077416,74
244600.00000000006,216129.09739958443,14
398999.99999999977,396311.2841593169,87
840000.0000000005,718186.7537288857,88
219999.99999999983,128947.36091957486,6
145899.99999999994,220638.0483809485,58
188999.99999999988,221301.992697986,72
109000.0,128038.52462070205,6
180000.00000000003,188713.62296851136,38
420000.0,331375.66732000466,12
109000.0,99254.66571452428,47
441000.00000000006,359486.5046788865,79
1650000.0000000007,1232175.8029957958,71
799799.9999999994,782122.1633542099,88
1490000.0000000002,701601.2596988239,5
995000.0,1117784.669937048,71
549999.9999999998,425192.579418956,72
600000.0000000003,424402.70491100685,71
357999.99999999977,292494.8917298115,70
240000.00000000003,218422.92492090675,89
420000.0,422828.3589015813,87
195300.00000000003,321056.12050074927,31
669000.0000000006,572012.8913710662,12
191599.99999999994,198333.89231718177,27
349999.9999999997,258441.1907349054,73
444999.9999999997,357742.1188477374,79
81000.00000000007,118950.86367548566,55
125500.00000000006,135330.9347116856,32
158999.99999999997,198729.62973330077,12
373999.99999999977,504509.44920245383,90
157999.99999999997,221267.94824521255,68
196000.0000000001,217023.15301757015,22
100990.00000000003,220269.9560869625,33
379999.9999999999,327612.3593450484,12
288749.9999999999,283317.7520974284,58
214499.99999999985,164344.32150351425,19
227800.00000000006,189497.88090807945,13
823999.9999999994,821220.9205288853,28
206999.99999999994,400044.01035730913,20
95000.00000000001,129600.16995395502,2
176699.9999999999,152018.02536749866,1
230000.0000000001,240990.5599557178,87
467955.00000000023,467624.93293874024,41
339999.99999999994,311940.4450186731,12
219999.99999999983,289251.7814625672,56
114999.99999999991,175103.69806148706,42
653000.0000000001,579971.5420518611,88
157500.00000000006,244837.1749180381,30
155499.9999999999,211923.53263667744,87
129999.00000000006,111764.33331594575,60
330000.0000000001,314141.7949299405,74
1539999.9999999988,1238982.8460864422,71
495000.0000000004,557493.0414149379,79
379999.9999999999,257206.31972520117,6
109999.99999999991,143455.57226983018,6
484999.99999999965,526986.4031048046,88
244999.99999999997,459760.2513392167,70
185000.00000000006,201004.4838520803,22
376000.0000000003,313698.71711662994,74
188999.99999999988,168108.6180372246,62
615000.0,751610.0233788507,89
237000.00000000003,201484.66893451958,79
448999.99999999994,360012.355013678,32
589000.0,559737.7842895014,70
231999.99999999997,177294.35054436955,56
169949.99999999988,235276.04974878032,41
120000.00000000004,102819.496188745,9
269000.0,251550.98890491875,90
258474.9999999999,290382.1928445627,45
594999.9999999997,418405.2206294466,24
439000.0000000001,577422.3456967024,28
187000.00000000012,196933.26064243558,79
139499.9999999999,150622.1879760648,36
398999.99999999977,512441.2305112635,28
839900.0,954642.4608198964,79
334000.0000000002,331690.8828901344,79
1031000.0000000002,909895.0198438617,79
255000.0000000001,293152.16330061614,88
890000.0000000002,776039.9443530682,71
474999.99999999977,533362.3898281249,65
787499.9999999994,850410.9405645739,88
291999.9999999998,223407.8299383305,13
369000.0000000001,242964.74201375275,91
415000.00000000006,415989.3315036779,73
99000.00000000004,251133.60629627094,30
288999.9999999999,303368.29711298936,32
199899.99999999997,269378.05214753427,29
768999.9999999997,553301.914797279,74
178499.99999999985,186215.40393852413,67
283000.0000000001,261664.29788944052,15
177065.00000000015,197025.6671541165,89
334999.9999999998,299796.9382558823,74
1249999.999999999,815451.3064809013,5
729999.9999999998,578215.7686779208,32
501999.9999999998,478741.106055007,12
416999.9999999998,356101.1388339432,32
225000.00000000015,190157.85923633288,32
148000.00000000015,165835.1763752688,58
195000.00000000006,269490.38246573234,87
114999.99999999991,89556.11436770276,11
142000.0,204210.47054992832,81
739999.9999999999,621138.5574916409,88
271000.0000000002,301873.51223151915,29
188999.99999999988,185076.0037996053,73
719999.9999999995,611478.9796172514,60
225000.00000000015,192188.8273666393,8
326000.0,254816.75718160116,19
173800.00000000003,179649.4737194197,81
324999.9999999999,481760.83177631744,74
430499.99999999994,251618.5337239606,24
148000.00000000015,305570.14784842194,5
363964.9999999998,350631.367870657,14
515000.00000000006,592774.0208252957,88
162999.99999999988,154873.34583020993,79
360000.0000000001,331708.6594196332,79
319000.0,380292.3736771948,88
214000.00000000017,197904.7703683429,56
570000.0000000001,397907.6195699833,25
186375.00000000015,145198.63760527837,83
530000.0000000003,570689.2996724335,90
178499.99999999985,201839.45599882503,29
337999.99999999977,306433.32528322784,70
575000.0000000001,1012679.4137882317,12
249366.0,311073.63990471105,63
275000.0000000002,317340.0690806446,12
1141400.0000000002,766951.0063590867,65
284999.99999999994,189303.07654273746,40
249999.9999999998,229960.73662847368,29
214000.00000000017,185089.71915894354,36
205000.0,222040.62851169566,63
183000.00000000012,206781.08634623094,82
540300.0000000003,442105.7713751015,90
218999.99999999988,204702.11722878655,1
1495000.000000001,693808.7694617455,79
55000.00000000004,81743.16301902333,10
1380000.0000000005,546669.1905843953,5
1350000.0,1051164.582372598,88
834000.0,260170.86366853898,70
318000.0,425949.6955646809,90
289999.9999999999,229153.23227159007,32
316999.9999999999,348082.9259598631,71
397999.99999999977,337246.90545743774,65
64800.000000000044,159913.51847736782,58
308000.0000000001,182748.54371667936,31
179500.00000000015,103520.59584413578,67
180000.00000000003,190566.92981700052,15
387999.9999999999,358030.7768052778,73
614595.9999999998,663659.9942238906,88
748800.0000000003,474352.37276341347,32
149800.00000000003,127842.45893603221,27
415000.00000000006,525114.7063082927,60
729999.9999999998,794541.6918387014,71
339400.00000000023,337883.8713300492,0
314000.0,304903.89776720386,80
364000.00000000006,381031.1802663764,76
109499.99999999991,91296.56485636039,85
589000.0,652200.3297906439,5
73999.99999999997,92074.67701797307,67
192600.00000000017,353980.71706060955,89
155000.00000000012,163223.39475855674,55
241500.0,215676.77123483154,28
422000.00000000006,248292.3710032243,53
121000.00000000003,170413.88693777737,79
1179999.9999999993,1256421.3991457594,71
29999.99999999999,152457.63919852316,28
127899.99999999993,178175.04986456755,58
120000.00000000004,139179.64012654265,19
560000.0000000003,523362.1089375927,90
131249.99999999997,155036.28629813727,29
495000.0000000004,494844.43721700314,87
376000.0000000003,257852.7597636863,32
241860.00000000003,332305.4141819453,77
716000.0000000003,698515.9949323842,90
199000.0000000001,212772.9228345853,35
320000.00000000006,291915.6204555461,65
315000.0000000002,318666.38532161346,63
490000.0,226692.99069319098,14
969000.0000000008,533076.8719237174,85
235000.0,221209.51805995448,68
468000.0000000003,379747.6571078396,65
315000.0000000002,291834.7199102438,89
330000.0000000001,344451.32943539915,73
213000.00000000015,298345.02156833594,31
509499.9999999998,547105.8935583469,88
191000.00000000015,238398.13798394034,10
1080000.0000000002,1000325.8669142176,88
64999.999999999956,77540.46457193966,17
227000.0,211840.77073159444,74
682499.9999999995,726818.0319526085,5
363120.00000000006,431016.7484481545,89
698999.9999999995,519922.9640497495,74
244950.00000000015,214033.97233400133,3
102000.00000000001,241452.92643007965,29
324999.9999999999,416389.3264321465,71
255000.0000000001,295078.69651494693,88
93000.00000000007,108129.65323136158,36
490000.0,429982.3149033157,87
450999.99999999965,422085.58598723094,65
252000.0000000001,201320.41283181377,45
56000.000000000044,123897.90688801701,85
208999.99999999988,214248.88317893926,10
461999.9999999998,474535.6713518478,74
1260000.0,476127.6148163403,13
398999.99999999977,385818.7519041205,70
150000.00000000006,179206.40032113862,6
549000.0000000005,532397.0612561853,71
310000.0000000002,369324.25849638914,0
219999.99999999983,175596.4012764665,32
379000.0000000002,434365.99450392806,73
79000.00000000006,117545.82507655461,55
599899.9999999997,615593.7770421315,91
530000.0000000003,543922.432477145,70
131999.9999999999,112001.80396431708,57
122499.99999999996,103060.73034460218,47
64999.999999999956,156436.0458022364,21
299000.00000000006,207718.72873118997,32
318556.0,246109.59390588323,63
208999.99999999988,185717.78666583492,30
320000.00000000006,240702.05233302325,29
348000.0000000002,320939.38315413956,90
384800.00000000023,317123.4048563329,31
240000.00000000003,389618.6800324753,89
230000.0000000001,198731.90959280258,73
161000.00000000006,209823.94902903162,14
291000.00000000006,308429.83863808156,55
218999.99999999988,266098.2005895697,61
218999.99999999988,221023.21991316107,12
320000.00000000006,305182.50782979035,74
1525000.0000000005,1115816.290954615,88
344999.9999999997,451537.1807852425,89
444999.9999999997,323071.8055794759,88
570000.0000000001,462262.84202540177,65
375000.00000000006,381975.6750188494,52
507000.0000000003,301435.28567458806,26
80000.0,90700.9352845405,16
235000.0,250594.36824545648,12
465000.00000000023,405804.5377634688,71
217999.99999999988,140780.82747088274,79
328000.0000000002,390883.3772950633,18
854999.9999999993,409745.9546736767,36
139999.9999999999,212146.83100236193,30
39500.00000000001,84306.43733313757,40
430000.00000000023,319020.1915491125,60
844999.9999999993,535359.0227194313,3
478000.0000000002,478625.9966917382,90
130000.00000000009,132930.22574847663,79
103000.00000000001,118188.98719723328,68
104999.99999999997,95208.35031013587,2
241020.0000000001,285041.7995496636,52
664999.9999999995,681887.2898236733,88
56000.000000000044,150036.3136561801,6
620000.0000000005,542835.9098057149,12
590000.0000000003,508386.1634433058,31
171199.99999999985,144925.8790150143,82
146999.99999999988,124656.74435438433,72
87999.99999999996,99362.67999056712,77
598500.0,435867.3672737866,32
599000.0,698266.3614489207,5
225000.00000000015,205161.98114080445,12
291999.9999999998,303665.8095165347,74
339999.99999999994,397990.95449343516,52
146999.99999999988,216578.09262132322,73
579999.9999999997,470369.66615898703,79
840000.0000000005,351057.96411623235,60
244999.99999999997,249440.43346332037,41
328599.99999999977,175927.7025518825,87
334999.9999999998,346305.3287259123,79
463000.0000000004,538702.0995960472,88
371500.0000000003,332105.38456744864,90
64999.999999999956,181999.70982100198,16
455000.0,464248.2380225972,87
212000.00000000017,198534.4003325658,28
448999.99999999994,434735.1324549676,71
219900.00000000015,237867.42274156274,41
109999.99999999991,137196.37211646407,27
294999.9999999998,254861.28735224812,24
218999.99999999988,217607.59452823966,13
969999.9999999999,846961.2200870495,88
244999.99999999997,268949.8161694129,32
208999.99999999988,155052.01270287365,50
183749.99999999994,111224.80447963162,68
167999.9999999999,148650.27694482464,75
174900.00000000006,159470.60548306163,16
221999.99999999983,405782.8727592235,73
108000.00000000001,90077.47534257593,82
214000.00000000017,228874.58885409846,89
330000.0000000001,386660.2202451071,5
199000.0000000001,147870.75440216565,46
230000.0000000001,234554.41998096506,29
341087.00000000023,364374.19147188496,41
180000.00000000003,130675.97185055994,19
76199.99999999994,130649.50977956742,81
315000.0000000002,330358.6402058983,28
409999.9999999997,309993.07270194934,67
158999.99999999997,193516.5807343113,58
356999.99999999994,402005.6370868894,71
215000.0,201721.65132288635,56
173750.0,169368.8532843332,76
269000.0,232532.17044942375,87
785000.0000000006,1038389.5527399902,88
291436.0000000001,387176.013623036,70
314900.0000000001,281531.2851719984,32
820000.0000000005,635605.6018725222,88
240000.00000000003,297740.2728039371,73
291999.9999999998,130235.96001103435,85
159999.99999999997,164425.2635677756,32
133000.00000000012,110350.76043028508,75
299000.00000000006,326471.21080520423,29
75500.00000000006,153169.2982624117,13
630000.0000000006,615299.9253119786,74
579999.9999999997,619342.7538386056,31
100000.00000000004,154618.31106071547,40
64999.999999999956,130076.65251691353,77
275000.0000000002,230872.79169333252,43
139499.9999999999,165947.38565019163,33
239000.00000000003,239305.23872870114,65
339999.99999999994,299121.34413427894,89
162500.00000000012,139720.96407076795,72
269359.9999999999,217411.35245296164,52
267999.99999999977,271622.359556563,42
270000.00000000006,272751.50154116034,50
64999.999999999956,151894.78184015243,10
254000.0000000002,243162.02175362088,91
112000.00000000004,207425.0959505366,15
477000.00000000006,430573.6482856742,79
418999.9999999998,358727.4189758382,90
229000.00000000006,188937.33215577473,73
379999.9999999999,142609.78146291844,32
780000.0000000001,857500.7800607196,88
225000.00000000015,252576.5420203634,87
95000.00000000001,110925.63964452034,50
239000.00000000003,241783.1865160556,40
275000.0000000002,244421.9029522846,60
362000.0,283680.9782423578,13
230000.0000000001,194683.78188568438,60
620999.9999999997,531072.8892787574,15
349999.9999999997,192867.5409754631,62
270000.00000000006,416764.83271421044,89
249999.9999999998,179652.42775536655,37
380999.99999999977,267416.8696518802,74
93999.99999999997,120977.01884278408,85
850000.0000000005,505801.3728568371,74
342000.0000000002,264721.1284255972,74
129000.0000000001,143563.95792349736,14
299599.99999999977,263761.6369007951,22
794999.9999999998,794736.0644633237,88
398999.99999999977,621058.498118888,88
352000.0000000003,359622.6006414468,88
63999.99999999997,171230.70316262907,52
446999.9999999999,502538.47825053654,32
1049000.0000000007,724387.1358737225,65
649999.9999999995,648566.1952540997,71
244999.99999999997,245364.94951392052,29
142000.0,183043.38128190814,36
310000.0000000002,354223.6746533417,31
161000.00000000006,179778.595226474,48
186699.99999999983,242087.92466202195,55
249000.00000000006,286652.414705048,12
474999.99999999977,663081.7197314948,12
359000.00000000023,401489.33575326274,79
178383.00000000003,175886.5517757642,91
230000.0000000001,192756.03863193,33
73200.00000000001,96037.92872451404,14
325500.0000000002,311936.97273749573,22
377999.99999999994,265528.38897260156,74
229000.00000000006,246736.13465596052,76
29799.999999999975,127938.89294955134,79
259999.9999999998,354029.46682893124,4
95000.00000000001,129797.70261477667,36
479000.00000000035,407053.929460142,12
826999.9999999995,687460.2715415527,74
284999.99999999994,505746.99601849244,36
228000.00000000003,253482.49825985043,31
155000.00000000012,177674.30787912323,55
371999.9999999998,322069.7348386835,88
32999.99999999999,70495.7291352486,77
798999.9999999997,488304.5887288581,73
794999.9999999998,772767.256077155,79
449999.99999999994,513081.73954259814,71
293000.0000000001,272097.36381748423,1
143000.0000000001,94885.7026849423,24
297999.9999999998,347942.0176771548,41
397999.99999999977,632340.5915337979,79
452999.99999999977,481015.85024274135,5
379999.9999999999,415518.35344385344,65
180000.00000000003,175931.9141326984,10
960000.0000000006,609149.7611454768,12
235000.0,232307.58441629566,72
435000.0,237505.88726552212,10
479000.00000000035,418171.3610406911,88
55000.00000000004,252379.62169692048,39
143000.0000000001,249952.78848358878,28
36699.99999999997,80884.41520781058,8
544999.9999999997,358493.1348467732,74
1237113.000000001,512495.45935893524,81
469999.9999999998,712215.8099406522,71
320000.00000000006,374809.49042830657,89
255000.0000000001,300712.56358540343,90
156999.99999999994,131084.86508513603,72
617000.0,520672.01673339406,65
568999.9999999995,455624.4684781216,90
204899.99999999985,204012.26905589536,32
339999.99999999994,293285.93215101416,89
146299.99999999994,181887.79232060176,12
219999.99999999983,223127.2346724382,89
134500.00000000006,161442.32018122976,78
649999.9999999995,818714.6003786627,88
281999.99999999994,268385.8073624183,91
231000.0000000001,300543.5913170809,25
188999.99999999988,175884.8957643055,73
395999.9999999999,455832.7513115667,71
258474.9999999999,292514.90211160586,89
330000.0000000001,375147.6064912951,62
178999.99999999994,229201.95706394815,56
201600.00000000012,247766.78386532946,65
244999.99999999997,273681.54003771173,5
349029.9999999997,350960.1541537145,60
189500.0000000001,217370.5134264797,79
369999.99999999977,639816.2327410228,71
180000.00000000003,182496.51100778324,12
158499.99999999997,114234.34165126152,32
354999.9999999998,537413.8425224116,5
360000.0000000001,293846.8403739038,32
145000.00000000012,92690.9422173895,85
390350.00000000023,291293.76506871515,43
218999.99999999988,157449.59040085657,85
129000.0000000001,170678.08520618122,32
455000.0,441666.9897959201,32
435999.99999999965,470950.6227249882,79
126999.99999999991,146899.4330936866,62
79899.99999999997,144123.67618863934,72
138000.00000000006,218733.76384731554,45
195000.00000000006,166086.4901937617,40
90500.00000000001,98032.5083456505,75
420000.0,505236.60740541696,88
448999.99999999994,341854.67410456506,4
323999.9999999999,261908.53043196077,65
249000.00000000006,199354.63431564326,60
345840.0000000002,237399.0614113969,33
276999.9999999998,176311.00809390878,53
169000.00000000012,282500.01046534686,41
344999.9999999997,294973.09304574976,32
474999.99999999977,415773.2790871116,29
50000.000000000015,95145.55419801222,40
468999.9999999998,822399.1366569665,5
499199.99999999994,536140.3188502382,74
398999.99999999977,269539.1538828406,79
218999.99999999988,199936.838458,79
465000.00000000023,200632.42677690682,82
659999.9999999995,610476.6950650507,88
465000.00000000023,355736.3102227306,91
235000.0,238517.84417404453,10
189999.9999999999,164397.62352999885,12
139999.9999999999,146949.5719289589,73
147289.99999999988,146383.33694260733,48
418999.9999999998,323780.6249279436,56
169000.00000000012,154589.6907581661,59
579999.9999999997,524574.953014821,36
116000.0000000001,138492.1254956831,36
289999.9999999999,252404.78856838183,69
594595.9999999998,636030.2582611108,88
249999.9999999998,209358.6706115001,80
99000.00000000004,144460.7676580301,61
339000.00000000023,307591.13371713646,89
178999.99999999994,179523.90315375422,56
304999.99999999977,298082.00342038705,77
139999.9999999999,103942.07014182264,60
330000.0000000001,347676.9350074528,65
129000.0000000001,146221.4794744506,20
444999.9999999997,543269.266655128,70
108099.99999999997,154529.2527705891,13
1050000.0000000007,1036965.3125199513,88
134999.99999999997,120821.28530468067,12
120000.00000000004,132192.69742639904,62
295999.99999999977,131027.4733639251,85
265069.00000000006,190269.77978227823,12
196699.99999999994,194355.63743030743,64
138000.00000000006,107204.6652751336,16
418999.9999999998,290572.7389083211,12
210000.0,122778.48907489213,66
140999.99999999994,143213.1930382354,38
304999.99999999977,168853.44958602585,12
80000.0,106387.79768864365,62
62999.99999999995,155187.9242503884,57
225000.00000000015,282427.2054226835,31
345500.00000000023,267001.8591240852,85
93999.99999999997,100345.03300746618,61
170660.00000000003,259295.6283778566,31
899999.9999999995,621906.0694676548,79
379000.0000000002,465065.01477598585,74
334000.0000000002,388093.6127212798,70
82000.0,118021.92974409924,47
249000.00000000006,339692.691656236,74
124999.9999999999,151641.50509640403,55
240000.00000000003,212254.84642192957,19
76999.99999999997,107980.14303752093,40
597939.9999999999,565679.9591082939,25
845359.9999999997,637832.2124546565,70
1279999.9999999988,1256050.2846887799,88
689900.0,933638.0230798846,79
418999.9999999998,337628.19758916274,29
171999.99999999988,200439.71685669638,91
130000.00000000009,279627.50482894795,53
188000.00000000012,263930.78263269877,72
539000.0000000001,563653.5496445165,79
632000.0,587813.0263261901,5
199000.0000000001,298311.91759098746,65
326000.0,443187.93702131504,31
177500.00000000015,122451.72393393214,53
367500.0000000003,340441.8032288918,13
174900.00000000006,227302.45735829306,76
310000.0000000002,280162.20733815106,79
448999.99999999994,295828.86249818694,32
435999.99999999965,434363.1899711768,71
199499.99999999994,280303.02437614347,66
129000.0000000001,159050.77273969117,24
1445000.0000000012,1300089.1847313098,71
202999.9999999999,234237.8373590058,65
95999.99999999996,145827.32827430952,62
520000.0,264792.77123355196,5
180000.00000000003,185360.75006899514,6
304000.00000000023,318681.54507082416,29
64200.00000000003,98277.51101817907,35
299999.99999999977,371834.97166867903,69
125699.99999999991,228416.12160454702,55
466400.00000000035,290883.3930398204,20
284000.00000000023,270065.83941729314,28
187440.00000000017,125092.410106044,14
382999.9999999997,521054.9118822108,88
122000.00000000003,188075.35943564438,70
225000.00000000015,246309.8266324002,79
148000.00000000015,190218.0307249404,32
312000.0000000001,336864.77735606703,73
329000.0000000003,312723.4704174616,32
280000.0,398125.45772421884,12
147279.00000000012,219571.76184671535,91
344510.0000000003,294509.0025370411,35
695000.0,786240.3977265604,5
238000.0,256297.65080356837,27
1099999.9999999998,788320.7069033713,12
219989.99999999988,288928.5505800471,5
276000.0000000002,292547.22076961433,31
172999.9999999999,213833.2302043609,50
698999.9999999995,576160.224795083,12
416000.0,403210.0957088885,88
155000.00000000012,214678.99785943018,90
339999.99999999994,445518.325054096,5
227499.99999999997,276990.12863939186,70
159499.9999999999,224222.4668898612,30
344999.9999999997,388109.28851215227,12
644000.0000000003,623467.5712005462,28
299000.00000000006,214339.3281804632,83
170000.00000000012,153139.79413048914,85
1680000.0000000005,1157117.9694694174,71
224000.0,209665.48939462338,40
336000.00000000006,350362.80409127707,13
299000.00000000006,243372.57173412715,44
87999.99999999996,114263.10383745981,15
32999.99999999999,77045.50800166547,82
450999.99999999965,426340.0944085488,65
249000.00000000006,227236.8931436717,12
237000.00000000003,296408.41124199826,5
159574.0000000001,137313.99212360103,45
435000.0,286045.62091224454,33
133999.9999999999,167595.57680911475,72
195000.00000000006,241068.36260567102,38
292320.0000000002,316828.6658861847,15
989999.9999999992,1212007.1938582773,71
100000.00000000004,147649.49040230314,63
175000.00000000012,196093.28330539173,25
176400.0,180035.9899446074,36
182000.00000000003,177116.05017212738,25
265000.00000000006,197286.5441261198,12
999999.9999999997,540941.2926850503,91
185000.00000000006,213136.44294234863,19
168500.0,243685.82234390793,12
689999.9999999995,876187.154419904,5
281999.99999999994,273718.2858292927,32
189999.9999999999,258789.18759141327,32
175000.00000000012,214758.72928017916,33
447200.00000000035,369305.30907511694,46
173999.99999999997,114084.33885048016,45
153500.0,157344.05058472478,24
499800.0000000004,514740.17002305813,88
162000.00000000012,172247.3267577933,62
267999.99999999977,210107.11953424913,25
163799.99999999997,116363.3603426781,55
465000.00000000023,402822.3896022969,71
311500.0000000001,260262.02996026317,79
789000.0000000007,799820.2816888618,79
219999.99999999983,225063.29633241807,12
184000.00000000015,113128.80874573134,19
146999.99999999988,141093.3200953462,73
332999.99999999977,384100.7258778551,52
709199.9999999995,453880.50650042214,70
1050000.0000000007,751941.1364905238,29
129099.99999999994,162802.4860466285,87
133999.9999999999,224902.64273178118,20
187000.00000000012,132134.05120408413,55
1150000.0000000005,714714.7196613551,32
267999.99999999977,162940.01490074984,58
718999.9999999999,720176.8630470806,32
185000.00000000006,195754.02430079578,20
544999.9999999997,729794.6663524847,65
167200.00000000003,202632.96944390144,24
240000.00000000003,201832.83198468052,76
435000.0,468768.9051247101,74
334999.9999999998,333452.018766396,80
519950.00000000023,473481.1023516748,41
615000.0,386947.8295008687,35
299000.00000000006,265180.2593786673,44
933999.9999999997,733608.1434190094,5
96299.99999999997,233253.63488554102,12
244999.99999999997,252089.5622865027,74
210000.0,341867.0369330704,81
430000.00000000023,181098.99140994492,70
398999.99999999977,371513.7298269294,79
549000.0000000005,339063.9235026488,64
271000.0000000002,228084.84645518995,85
139950.0000000001,191398.59567864946,20
570000.0000000001,524300.6414078947,32
253000.0000000001,205062.56691716058,44
167999.9999999999,219907.09237114128,56
169000.00000000012,147010.89011670122,28
176000.00000000006,191372.0893082283,20
125199.99999999994,193680.4201730375,1
549000.0000000005,424794.47731046117,36
72500.0,117729.47760746273,64
334000.0000000002,322066.1593477825,29
243000.00000000003,224323.1270234077,47
1150000.0000000005,898506.4498736562,71
714999.9999999995,485352.5636154543,60
180000.00000000003,187565.27327078002,43
344999.9999999997,294552.07652226946,24
98399.99999999996,134528.74616193137,83
560000.0000000003,336897.2260672734,18
195749.99999999994,165671.1510136207,10
177199.99999999985,414329.192967684,24
620000.0000000005,836676.6114005458,32
239000.00000000003,285740.55765413545,5
129000.0000000001,313793.4556044272,22
310000.0000000002,303783.46971053415,55
98000.00000000003,199334.26720992793,79
94300.00000000003,108552.4636360529,75
578000.0000000005,1099155.795089874,79
54899.99999999996,94922.28091229453,35
159499.9999999999,193199.1306300281,85
92000.00000000007,196510.48172352137,25
578000.0000000005,440540.1318406874,79
320000.00000000006,396681.8213376939,87
369999.99999999977,352457.8134227273,73
369999.99999999977,334574.80290059245,32
67999.99999999999,97013.82697176123,2
138499.9999999999,188217.7678095444,20
324999.9999999999,235822.8801523332,23
281999.99999999994,328496.58061799075,15
231999.99999999997,223456.32272355992,35
249999.9999999998,246624.26737353543,56
460000.0000000002,340872.0389993698,70
158999.99999999997,132307.53155976793,62
29899.999999999996,75678.14633929907,34
689000.0000000006,581966.2262197087,58
196000.0000000001,183261.9241717516,87
418999.9999999998,560655.8202354085,70
1160000.0000000002,682785.7189940588,60
95999.99999999996,223421.60643884554,41
125999.99999999993,105009.7162097155,49
230000.0000000001,276521.204988347,65
320000.00000000006,299782.21368149476,60
205999.99999999988,222421.63823821314,41
234998.99999999994,247076.08989194938,37
341000.0000000002,250727.43809981225,35
416999.9999999998,453939.07350429666,89
249000.00000000006,374044.4751063084,79
166384.00000000006,142669.03030383203,26
134999.99999999997,145812.3750425921,79
348999.99999999994,361945.4775058717,89
263000.0000000002,281516.1839266198,89
112000.00000000004,109007.39217015372,52
1098999.9999999993,1053171.2670258463,88
123000.00000000009,141201.3238526241,32
460000.0000000002,459570.9708994617,90
260899.99999999997,225201.82083652535,80
692000.0000000001,515053.26191045006,38
365999.9999999997,331613.944100307,35
259999.9999999998,384100.2747651523,52
89650.00000000006,112999.38389223772,83
749999.9999999998,705221.3093137058,71
224000.0,300861.2118618006,0
139999.9999999999,121141.9537611834,34
129000.0000000001,207286.70355014905,67
112999.99999999993,203167.4027199286,41
199999.99999999997,213529.30667124336,58
79800.00000000004,137759.45966870812,72
134489.9999999999,113569.4034744071,32
249990.00000000006,259234.91850652223,70
794999.9999999998,863923.0583476896,5
480000.00000000006,331208.0543310939,65
189999.9999999999,139233.4784791861,53
422000.00000000006,475788.9879095105,89
169000.00000000012,221862.83230255713,19
628999.9999999997,434410.4321537766,32
98000.00000000003,96240.72374638847,2
568999.9999999995,637473.8306468657,88
429900.0000000001,401690.0807947389,35
288999.9999999999,364311.45294000395,49
649999.9999999995,709133.114232807,12
188899.99999999988,212388.85694943284,55
278000.0000000002,324461.3738037667,62
395000.00000000035,413906.85091625614,70
346500.0000000003,498528.5723652944,41
296500.0000000002,175568.10770464834,29
575000.0000000001,540306.0744853289,74
344999.9999999997,269967.753812823,12
138000.00000000006,138727.35670931952,6
133999.9999999999,159252.13850814657,63
449634.00000000035,295959.9618849859,41
950000.0000000008,605897.4186057305,56
820999.9999999998,643958.2752248353,88
218999.99999999988,167550.38598338832,80
414000.00000000023,401208.3350560784,79
430000.00000000023,496896.6879815363,31
463000.0000000004,423563.6201127177,73
479000.00000000035,477343.73890813097,87
365999.9999999997,345589.0167191996,73
158999.99999999997,264936.8866346023,91
649999.9999999995,518090.78341770504,18
217999.99999999988,163406.94249032723,40
188000.00000000012,259387.18116068895,76
369000.0000000001,257246.65041759735,6
296700.0000000001,211169.06056011183,64
395069.99999999994,188101.52989141445,73
262500.00000000023,213800.47303986343,59
299900.0,335143.8047681507,41
1290000.0000000007,840948.4647169249,79
255999.99999999985,132667.63466146134,54
913999.9999999998,620167.1199868906,90
1282000.0000000005,694286.1268478361,12
369999.99999999977,288152.270752385,88
228000.00000000003,233665.75197804114,79
320000.00000000006,328250.4102158083,88
344999.9999999997,376958.45452096267,12
619000.0000000003,508419.7299611597,65
65900.00000000003,130226.88784889255,44
247000.00000000006,231125.3254992983,69
139499.9999999999,146235.77714260726,77
376000.0000000003,311935.22281615995,74
258474.9999999999,291281.1945755158,89
513999.9999999996,276822.2888041467,12
387999.9999999999,294221.1511384761,5
100099.99999999994,144578.67446017364,75
109724.9999999999,134189.59227795596,35
729999.9999999998,483518.6037529631,22
490000.0,424920.53546689183,29
468000.0000000003,485158.97299115,41
265000.00000000006,258289.47093879184,33
159999.99999999997,216851.8465787319,41
999500.0000000003,306236.1949723949,79
385000.00000000023,369333.9643914075,79
142000.0,170748.6723545359,73
84999.99999999996,203064.04956185486,59
233999.9999999999,298725.0893701335,89
171999.99999999988,141125.3463965058,32
466000.0,459301.6991414153,87
549000.0000000005,469295.75163383706,29
91500.00000000007,119197.00124328352,55
330000.0000000001,175403.55550297748,12
249000.00000000006,229430.37642058477,70
537999.9999999998,789764.1846208236,5
379600.0000000001,260994.50799851856,14
110500.00000000001,144616.60299238056,77
76999.99999999997,97549.66998305316,10
291999.9999999998,168490.86411117954,75
228000.00000000003,210471.2425284688,29
80660.00000000006,134342.51268120087,13
339000.00000000023,277379.25522274885,82
515000.00000000006,569567.2882518906,87
254000.0000000002,216113.06458090662,63
49000.00000000002,124415.61784423546,37
219999.99999999983,289100.6224370487,29
139000.00000000003,150948.14430230358,32
215999.99999999985,195521.66505051308,7
101000.00000000003,197896.33879638978,52
285500.0,295806.98255557806,89
259000.0,154090.51098755363,82
210999.99999999994,227401.4752045,22
257600.00000000012,246999.01831357315,89
1284999.999999999,635746.6451309915,70
180000.00000000003,210977.6678074685,35
628999.9999999997,306012.334899408,13
357500.0000000001,224154.99052223595,72
209048.00000000012,251634.79659264744,3
58999.99999999997,96181.90644857714,85
221999.99999999983,213012.85303758623,89
315000.0000000002,291311.8691418315,31
497999.9999999996,374899.3569894066,91
697000.0,647693.2056256856,31
244999.99999999997,282574.0789130043,87
68999.99999999997,99142.54535359157,76
279000.0000000001,307978.9280088844,32
155000.00000000012,140124.0409572476,22
129599.99999999994,128684.26888875247,14
169000.00000000012,190942.61592310126,72
578000.0000000005,423738.86512992217,88
267000.0,214623.24279830683,80
315000.0000000002,406291.9778219166,33
271999.9999999999,264843.5329336178,32
142000.0,145488.7028156481,65
299499.99999999977,288694.58186500374,5
379800.0,305511.36562046316,31
284999.99999999994,203483.7431581609,68
741599.9999999995,705729.1911663812,87
420000.0,517460.7487309133,5
112000.00000000004,150296.96078895207,80
348999.99999999994,363858.6120669527,88
520000.0,441685.1541590236,33
425000.0000000002,446419.8413644095,74
67999.99999999999,94006.42124742427,85
40000.0,82259.90591972832,20
77999.99999999994,84649.77794792454,11
796899.9999999998,755592.429490589,90
242000.00000000017,224903.93330213707,20
233999.9999999999,256908.5843630604,87
70999.99999999994,105480.77951905678,67
360000.0000000001,308444.4807616699,87
195000.00000000006,197135.4311792491,87
291000.00000000006,247829.42971635275,56
158999.99999999997,173036.46779024616,80
414000.00000000023,324343.7148948279,12
73999.99999999997,92995.60835983565,32
54000.00000000001,193175.36198756198,68
188500.00000000003,178380.31015240884,13
190799.99999999994,222242.61246581428,79
299000.00000000006,330994.4319499249,11
324999.9999999999,183333.16981421006,83
390000.00000000035,250835.12966514766,19
181000.00000000006,239465.23840474134,91
299000.00000000006,274835.15317252,28
145000.00000000012,79764.80911364903,75
430000.00000000023,458125.23036743613,60
334999.9999999998,379261.7274009285,31
202999.9999999999,263836.0297254852,26
261999.99999999994,176496.028525446,28
698999.9999999995,680257.3157334725,88
258000.00000000015,258529.4657216209,10
1400000.0000000007,536475.0544561178,24
780000.0000000001,682779.22740161,71
382000.0000000002,450005.7501301189,41
349999.9999999997,225011.0174719783,19
172999.9999999999,164845.51218907067,27
96999.99999999999,91540.89619460337,72
415000.00000000006,505549.62854553177,12
356999.99999999994,366396.54279523424,5
224000.0,357942.3947115183,90
409999.9999999997,552786.5842839008,71
159975.00000000006,153377.47611811067,72
283500.0000000002,174760.06245996698,47
302999.9999999998,233542.9818577732,73
332800.00000000023,270880.14381600893,68
299900.0,251849.4128125471,35
128399.9999999999,124445.81663865548,72
397999.99999999977,359399.89257583424,88
630000.0000000006,364389.30187324446,5
64999.999999999956,220991.59640336665,62
148000.00000000015,134269.50924194732,57
205000.0,227047.62377399293,69
889000.0000000006,838831.9299325238,71
239000.00000000003,236324.27449025592,65
170000.00000000012,280350.0086325352,29
84989.99999999993,85654.45957469926,42
327000.0000000001,311227.1569520412,31
219999.99999999983,211519.02934131495,68
356999.99999999994,424651.6772256626,5
478399.99999999965,379035.0843882427,15
146999.99999999988,142738.4207705266,60
299999.99999999977,298710.4682964328,79
627500.0000000001,544701.3004999942,41
265000.00000000006,250875.54730774323,42
28900.0,91822.47425494315,7
395000.00000000035,272040.46208020946,32
146999.99999999988,133902.9414977782,76
180000.00000000003,213798.90621540425,80
371999.9999999998,331486.4311961418,79
169000.00000000012,198557.42972332754,73
389000.00000000035,470456.2511434537,31
310999.9999999999,473211.46534016886,31
199499.99999999994,142610.07740590489,14
172499.99999999985,181583.0552602385,56
217999.99999999988,198775.1398815195,87
280000.0,260921.04717924414,80
208999.99999999988,166326.92053832542,53
214000.00000000017,189009.4707964132,12
261999.99999999994,200930.59875001677,33
106499.99999999996,95039.21913447518,35
229499.99999999997,277040.73508311936,73
794999.9999999998,606569.2433086465,71
174499.99999999994,203395.9154777435,89
348499.9999999998,252180.3852476348,17
123000.00000000009,127323.43352131706,55
371999.9999999998,376720.1309864068,90
337579.99999999994,309917.800562435,32
288999.9999999999,194834.2085726833,10
258474.9999999999,294709.37588859414,13
343999.99999999977,370171.5186620842,83
253199.9999999999,277639.82224661426,89
238000.0,340475.8570098043,3
180200.0,194165.05700388018,28
359000.00000000023,334631.86407544784,87
349999.9999999997,349505.9003995334,5
219999.99999999983,139070.071490072,48
299000.00000000006,212287.45203998103,22
254000.0000000002,249025.2071317162,90
270000.00000000006,205571.24576091097,79
498999.9999999996,502108.92913019774,29
1095000.0000000005,632526.3783176965,69
621051.9999999998,396768.5544473746,91
759999.9999999999,707110.8412998585,71
178999.99999999994,114035.53408317988,28
161120.00000000012,298189.92022353585,63
625000.0000000002,497012.50401133107,31
145999.99999999997,145959.66682521117,45
716999.9999999997,421998.7772901963,25
182000.00000000003,168029.6439619912,32
880000.0,925798.039019816,18
210000.0,271424.57895163604,29
394900.0000000002,236494.1641873548,32
385602.99999999994,311432.74386909057,83
133999.9999999999,121657.64577707037,36
349999.9999999997,316699.8572772544,31
347000.00000000023,346414.8173599746,32
381442.99999999994,348284.100675561,89
529900.0,391883.91919888,62
389000.00000000035,327533.1447235687,91
561059.9999999997,477533.8031456059,52
188999.99999999988,220322.56156228227,79
379999.9999999999,290895.837570995,18
89000.00000000004,93624.15740331792,66
95000.00000000001,92904.46477661029,10
299000.00000000006,288798.4088537934,73
237000.00000000003,213266.61839011573,87
249999.9999999998,96333.25429700535,60
198000.00000000006,197199.41056712027,30
149000.0,340597.53839341796,58
430000.00000000023,268110.89837609726,24
146999.99999999988,149514.4919279661,54
364999.99999999977,177071.44807980626,8
96999.99999999999,181600.46839590988,72
129900.00000000012,94695.8561163512,8
438000.00000000035,471223.45750367304,3
291999.9999999998,314957.6338114508,15
205000.0,262042.6953264032,73
291999.9999999998,362638.9966017483,53
281000.0000000001,169436.77783621257,28
274499.99999999994,247863.56693315305,68
257000.00000000015,268091.9119498209,72
267999.99999999977,231564.81100208597,58
1295000.0000000007,822713.7218269143,18
180000.00000000003,222489.75412945566,67
171199.99999999985,113219.36826600385,14
1350000.0,963693.018834777,5
157999.99999999997,140864.09489722247,62
294999.9999999998,230537.23372849848,10
144499.99999999994,264507.63678925694,41
259999.9999999998,226029.20770760102,65
336000.00000000006,334560.9438651918,16
64989.99999999999,88819.63533595871,35
213000.00000000015,396401.1749750015,6
1314999.9999999998,814489.9009584702,5
1179199.999999999,717038.2697997661,5
152000.00000000006,245029.69068104064,29
188999.99999999988,170291.02734337674,77
249000.00000000006,351156.88800665695,28
449900.00000000035,214394.81893995046,36
71999.99999999996,103739.06837514532,10
698999.9999999995,508470.12455326156,90
1099999.9999999998,781779.9016693899,71
486900.0000000002,437901.7783509654,29
189999.9999999999,227200.03061938373,65
287000.0000000001,301924.6684911161,29
93000.00000000007,78886.88971598243,83
394000.0000000002,276714.6388029246,79
1247999.9999999995,620479.0570165603,35
379000.0000000002,385159.59629283776,89
254400.00000000006,280553.07037150575,44
87999.99999999996,99802.5310000312,60
357999.99999999977,506393.6967715889,5
473000.00000000006,655010.9664877758,89
475999.9999999996,473747.2127777143,38
398999.99999999977,379289.73923879804,90
224000.0,269787.59375853156,61
585000.0000000003,680021.1499577664,71
619000.0000000003,352219.358057506,89
840000.0000000005,490519.98539802706,10
149800.00000000003,153908.4496566623,10
448000.0000000002,343492.7171338981,73
103305.00000000006,122340.0393890003,75
170000.00000000012,121914.04815860657,75
89000.00000000004,110948.76472981273,40
150000.00000000006,167912.89306771936,58
214000.00000000017,175903.66562734224,26
714900.0,535633.8818450939,73
263000.0000000002,232170.36095861168,73
218999.99999999988,237868.63156226376,73
87799.99999999994,167432.43858560707,67
398999.99999999977,299510.1934708572,22
570000.0000000001,527532.5880902567,12
284999.99999999994,230457.86187463105,24
798999.9999999997,683957.8057932007,88
449999.99999999994,436284.25899545185,90
333760.00000000023,243311.09019065407,31
239000.00000000003,277995.2247159716,12
233999.9999999999,173895.2511456027,62
142000.0,139701.87973563865,66
208999.99999999988,189961.67446743714,77
368000.00000000023,352341.29931756697,73
224000.0,253927.5054682991,25
299000.00000000006,232690.23497756568,5
568000.0000000001,391744.8153793818,10
193499.99999999985,244892.47252450007,89
129300.00000000006,113303.58482674159,45
253000.0000000001,193985.36765112693,69
71999.99999999996,88471.5010785856,28
1590000.000000001,1132574.8325732944,5
249000.00000000006,213631.42514250372,56
520000.0,399399.30861312343,74
329000.0000000003,242739.5655517472,24
221999.99999999983,233605.5488948722,29
109999.99999999991,125203.73964086741,85
272999.9999999998,349806.85593209666,32
95999.99999999996,228594.60625824047,11
375000.00000000006,398897.7016646417,88
549000.0000000005,673264.5758055204,5
244999.99999999997,299291.6548042358,73
139099.99999999997,233399.30893865315,35
360000.0000000001,265075.68586865213,77
249999.9999999998,197329.43731504676,0
319000.0,386670.78405488003,12
267000.0,275467.3442206145,12
267999.99999999977,294206.6379774125,42
992000.0000000005,639242.7299723696,31
299000.00000000006,251658.14849168411,65
188999.99999999988,234447.9208716184,22
356999.99999999994,306939.2892310298,41
134999.99999999997,154010.98680380304,11
420000.0,367226.83778738877,74
195000.00000000006,195853.97346449853,73
278000.0000000002,286364.0134663544,88
420000.0,328951.93198857753,77
144450.0,149391.16943163457,74
711000.0000000001,521375.4842330719,30
225999.9999999998,194799.70535024567,19
284849.9999999999,229043.307415186,57
364999.99999999977,377634.31268073106,5
570000.0000000001,584911.3753994573,88
265000.00000000006,239517.6176552298,29
239000.00000000003,192553.64060897563,32
383433.00000000006,281913.0686112293,29
517999.9999999999,316746.01855955605,32
210000.0,228996.16154999333,65
85100.0,96909.7096512785,68
925000.0000000007,838734.8415117731,89
90500.00000000001,140912.9461878778,35
698999.9999999995,761692.6525375593,88
145000.00000000012,194122.12621223787,32
319000.0,346522.53815615416,79
198000.00000000006,156489.51978492926,48
155000.00000000012,155902.65380565534,31
274799.99999999977,244191.40581430605,12
384000.00000000006,415366.2374231274,32
84999.99999999996,95122.7358388366,85
935000.0000000006,810551.3739130611,71
180000.00000000003,202483.33685864136,56
349999.9999999997,245245.2087114978,5
249000.00000000006,314779.01440258225,5
50000.000000000015,122162.84205891954,81
84999.99999999996,160803.0765672971,67
315000.0000000002,381435.90536831896,74
250999.99999999988,248118.86365814964,13
199000.0000000001,180366.4686907269,72
259000.0,244923.861005297,38
188000.00000000012,196952.97084252213,55
398999.99999999977,525210.3064665187,65
1194999.999999999,939391.8666881127,88
398999.99999999977,295144.05656561925,5
452999.99999999977,690450.7393279349,88
884000.0000000002,416981.77656877483,32
330000.0000000001,380831.36900382926,79
418000.00000000023,289305.9650875788,65
508799.9999999996,318401.29926981503,52
369999.99999999977,277440.18803449854,33
215000.0,189471.90159023655,56
525000.0000000003,447566.93786987796,65
343999.99999999977,258195.05682922824,27
354999.9999999998,293597.369746689,60
100000.00000000004,143243.20837347975,73
177000.00000000006,216151.3930140085,75
240000.00000000003,213328.40617003347,52
291000.00000000006,268603.82713264646,73
86000.00000000001,114221.99766627308,1
328599.99999999977,307275.15032257367,62
50000.000000000015,130914.20635795941,85
449999.99999999994,423544.30878228915,28
281000.0000000001,275023.0489352339,65
249000.00000000006,260379.45153795497,58
127500.00000000001,184939.7155369783,80
67000.0,95521.03846628142,25
125390.0000000001,168344.94581424762,55
355300.00000000023,280025.4292987347,52
164800.00000000006,189518.24012367427,41
369899.9999999998,342014.69397966354,32
150000.00000000006,219363.51503034303,12
235999.9999999999,301739.979187862,5
51289.99999999998,77506.811478011,66
149000.0,122284.76025954339,51
231000.0000000001,208369.47921205437,56
280000.0,337681.754968454,32
416999.9999999998,246586.7320670227,31
320000.00000000006,451600.47829282674,79
145000.00000000012,164764.83095394503,79
40000.0,119206.44031381649,43
265000.00000000006,361230.5030270276,31
229900.00000000006,250902.72289739532,91
244699.99999999983,210024.24020226917,5
167000.0000000001,177519.63083483413,12
279166.0,412084.9368893377,31
113999.99999999996,110803.98710111993,16
926999.9999999994,1061823.0890310735,88
283500.0000000002,320116.7823541546,80
1290000.0000000007,1028263.7738451111,79
352000.0000000003,389595.57300258067,70
310000.0000000002,206872.03173638016,41
337999.99999999977,293935.32252498233,32
198000.00000000006,214886.1958313266,12
137500.00000000012,107626.41936512828,39
28750.000000000007,83847.37246440946,34
369000.0000000001,325795.094447249,25
819000.0000000002,669347.1318925729,3
219999.99999999983,166360.33606786348,42
299000.00000000006,337932.52614707267,79
420000.0,295370.6884268786,56
418000.00000000023,378451.9355594912,41
275000.0000000002,364190.49555355025,41
371000.00000000006,517920.1813656227,56
1112999.9999999995,969549.6042670816,5
114999.99999999991,139116.76599585274,17
224000.0,219697.78491098896,79
171999.99999999988,79876.8554583563,75
1519999.9999999998,1307918.902059407,88
109000.0,140169.44183233826,53
780000.0000000001,653481.8844796309,28
222599.99999999997,150712.51230743396,15
299000.00000000006,354683.9194538121,73
178999.99999999994,211963.84913395005,22
87999.99999999996,143625.86313741532,28
209669.99999999983,290644.96699081047,22
299900.0,261542.27357702513,64
855750.0000000005,492726.76341427036,31
344999.9999999997,299036.8526831743,73
166000.00000000003,212819.90884410072,49
149000.0,147903.76582157137,35
108000.00000000001,114099.01653959803,32
130000.00000000009,134012.37310819014,51
218999.99999999988,175820.07002291258,41
339000.00000000023,321407.81263374904,38
228579.99999999988,235613.72999984695,35
452999.99999999977,485931.4782220896,5
483000.00000000023,519408.4562120187,74
60000.000000000015,90863.34483112443,77
267989.99999999994,545371.4753579629,31
1229999.9999999995,1168603.723403694,71
120000.00000000004,152200.73853589993,58
375000.00000000006,143967.71113864207,44
136999.9999999999,211107.46395252936,79
394000.0000000002,402196.03882660804,70
630999.9999999999,694160.8180959629,88
281249.99999999994,257562.9624146774,10
339999.99999999994,285383.1823074855,33
1200000.0000000005,458355.23083487124,5
68999.99999999997,131106.13527892382,24
1099999.9999999998,808724.9689025816,71
224720.0,283055.64110654965,68
749000.0,895209.4186250571,88
173224.99999999988,171125.59372777425,83
476800.0,362162.58911867405,41
60000.000000000015,110853.79041708479,73
480000.00000000006,349030.15730052337,71
435000.0,340135.20150830015,74
558999.9999999998,491720.4662037395,77
416000.0,335417.51551668264,41
405000.0000000001,435447.8243259604,88
215000.0,431260.0926270212,12
995000.0,1078593.1635917504,71
257000.00000000015,283435.6518213263,72
239199.99999999985,202882.98068568562,70
165850.0,235215.35189616692,12
249000.00000000006,282025.8169935948,15
332999.99999999977,147460.06942583006,57
239900.0000000001,209771.20347197092,31
306652.0,370150.38144095946,33
364000.00000000006,276341.2972009894,15
119839.99999999994,108715.1810498408,68
162500.00000000012,228885.35930277355,56
281333.00000000023,293251.5547156984,91
397999.99999999977,438953.7632443189,78
154100.0,223110.3993769704,12
29999.99999999999,68897.42196821269,66
180000.00000000003,226608.03666645614,63
520000.0,339561.51186289545,24
269670.0000000002,270782.80906712805,71
106000.00000000001,186360.83541189376,0
184399.9999999999,167417.30958575592,91
265000.00000000006,242467.59429263405,22
457000.0000000003,359994.86997735105,91
299900.0,339473.08473660116,15
299000.00000000006,325068.33952775446,5
271999.9999999999,228644.90363075052,36
1039499.9999999995,933821.5093175403,71
169000.00000000012,179402.67879897097,74
206999.99999999994,192387.56027200102,31
566500.0000000002,468352.254715878,52
288999.9999999999,247718.76200848518,69
472500.00000000035,426463.4854116885,46
1400000.0000000007,988948.3433080445,74
199000.0000000001,247987.0332362054,31
207899.99999999997,228655.0668005715,18
169000.00000000012,151067.17401439216,73
169372.99999999997,233380.74661288384,63
49989.99999999997,78080.10892085827,2
148000.00000000015,158667.25504285278,45
413000.00000000006,472296.08991296025,87
344850.0,395790.73593427805,5
468599.99999999965,601933.6421511006,60
255999.99999999985,233814.01373244356,79
238739.9999999999,194202.98175159108,68
172950.00000000012,197699.62869758543,43
299000.00000000006,448634.03710478754,60
435000.0,334473.9611055656,5
235999.9999999999,173259.9856567695,6
257000.00000000015,252364.0912539503,31
557499.9999999999,407074.4836306788,52
444999.9999999997,490974.0078816871,89
282510.00000000023,276520.53050911915,71
369200.0000000003,442167.0303314152,75
588000.0,544528.2231764297,71
1519999.9999999998,1246154.2482991961,88
416999.9999999998,247965.69783863288,31
235000.0,196258.69012379795,32
468000.0000000003,421401.448238102,73
940000.0000000006,878523.0346710278,90
200450.00000000006,181961.63681163156,72
394000.0000000002,463162.37185157556,33
369000.0000000001,407192.06208037364,28
35999.99999999998,93834.40670815819,28
455800.00000000035,424605.11951407243,20
444999.9999999997,379272.18116594537,89
435999.99999999965,393970.5348472504,5
55000.00000000004,131662.52585064332,12
69130.00000000004,91565.35974552107,43
288999.9999999999,297455.83085752965,79
241500.0,218198.97733882026,69
80000.0,77392.78811409796,10
649999.9999999995,295074.91560239904,52
124999.9999999999,187086.20172964042,37
330199.9999999999,375239.99613954406,90
155000.00000000012,194375.79368248288,91
318000.0,223677.26244131586,6
347000.00000000023,324958.2207473457,32
426000.0000000002,417198.119068044,31
409000.0000000001,360081.9467576297,31
264000.00000000006,115106.52201049478,47
227703.9999999998,241567.10729009737,32
367500.0000000003,401196.18275184976,73
360000.0000000001,351737.99033887853,8
339000.00000000023,317032.7714208544,6
167999.9999999999,237093.2661620611,73
124999.9999999999,134854.50828328796,47
209400.00000000003,235361.3144803959,45
387999.9999999999,356297.95382124634,73
324999.9999999999,282971.36503309663,36
520000.0,571748.9285247795,45
649999.9999999995,882648.2787361075,31
191999.99999999997,203221.4564142235,29
95000.00000000001,160931.53431658586,36
392000.0,262391.6181534663,60
139999.9999999999,339499.5259703027,79
212500.00000000017,177158.61166378512,45
394000.0000000002,363235.9224833276,79
44999.999999999985,118140.15178322521,29
673000.0000000005,732326.2632443183,88
283500.0000000002,207285.59819539066,38
49000.00000000002,129259.73952575348,1
197000.00000000015,207140.28955070107,29
465000.00000000023,447099.9800779022,23
369499.9999999999,396904.0829307006,87
219999.99999999983,206789.62808415637,12
289999.9999999999,300394.02586772636,12
255000.0000000001,313538.62074458215,88
188999.99999999988,198175.8851788199,82
270400.0000000002,291064.532249205,20
398999.99999999977,289994.6821095543,15
178999.99999999994,199475.5062724429,41
259974.99999999983,241135.16402689888,31
289999.9999999999,267258.3771193445,73
341000.0000000002,271324.16299067595,56
106000.00000000001,142568.27390015102,76
80000.0,151453.78432956233,72
28000.00000000002,85432.34449379171,55
375000.00000000006,418171.37901301676,74
29999.99999999999,72766.69465707721,10
729999.9999999998,515012.4671976763,65
241500.0,239442.80801717917,12
537600.0000000001,371124.4532851382,52
266800.0000000001,202033.68690025317,35
392000.0,311941.79661419615,69
515500.0000000003,492368.1397739979,73
272999.9999999998,243358.41902946448,77
124000.00000000007,155970.60437564642,75
61049.99999999998,104027.1693732985,68
149000.0,165713.9369428263,25
222599.99999999997,125468.18044904148,66
719999.9999999995,387459.75162495486,58
884000.0000000002,585564.2378201311,91
346500.0000000003,254072.79840736557,81
447899.99999999977,438823.8418356538,32
649999.9999999995,449559.23050341837,79
299000.00000000006,205423.4132649785,56
222599.99999999997,248240.2661557842,12
739999.9999999999,681207.9594414413,88
77200.00000000004,100932.23211698915,55
118999.99999999993,174062.780490156,55
201499.99999999988,212802.45331600503,32
299999.99999999977,240874.77827360938,60
349999.9999999997,250707.8876967929,29
188000.00000000012,225923.6531901434,48
420000.0,509740.66855309875,88
198500.00000000006,137337.1229044535,16
249999.9999999998,194648.92427470692,41
99500.00000000001,138747.04740863858,56
165000.00000000015,203742.19617946568,60
1050000.0000000007,607946.8037123373,60
354165.0000000002,289437.4984572957,4
165000.00000000015,173649.61493687643,53
203999.99999999985,170364.33798386197,40
189999.9999999999,188838.48944258533,14
823999.9999999994,668592.4139008046,88
674999.9999999998,407819.7918353073,88
99000.00000000004,123679.64993475916,80
134999.99999999997,176956.41750577564,12
95000.00000000001,120324.29280202268,54
212000.00000000017,207989.54846919337,29
390999.99999999977,297308.70951091056,74
73000.00000000003,98808.22078475221,24
320000.00000000006,276105.22951210727,58
193499.99999999985,241730.89720932182,46
120000.00000000004,222800.581451306,58
95000.00000000001,224698.27631868108,21
545800.0000000005,311930.4992073511,83
275069.9999999999,330229.5402090641,41
349899.99999999994,321053.53010756173,13
415000.00000000006,409858.9282143384,80
281999.99999999994,243755.90802701318,14
718999.9999999999,667842.6035639886,88
749999.9999999998,666499.8313517277,88
318000.0,272079.75516765367,22
745199.9999999998,657493.4292386619,31
161850.00000000003,177434.57572481918,27
269000.0,259852.19404181998,38
1229999.9999999995,513300.28090225806,37
101989.99999999997,161215.68823298396,80
549999.9999999998,347478.2458693372,29
237000.00000000003,261819.4124295477,70
249999.9999999998,264228.764932275,12
219999.99999999983,282778.6883301286,12
490000.0,781980.2749458218,5
686399.9999999998,433675.5672903791,24
420390.00000000006,513439.4344992582,52
281999.99999999994,271644.92937945516,29
549000.0000000005,434055.51245070377,5
178999.99999999994,205984.0298548727,1
302000.00000000006,360075.27028174285,15
76999.99999999997,139412.08501069582,55
216899.99999999983,257488.31942820462,90
624000.0000000006,360947.20214484254,4
1150000.0000000005,590806.0676082938,65
299000.00000000006,238042.54867906382,79
794999.9999999998,497961.117565254,65
288500.0,275150.85829949833,42
313899.9999999998,326134.30213790835,55
540000.0000000001,417724.4883055983,32
763000.0000000001,606539.4320474362,13
610000.0000000005,452776.514188852,29
664999.9999999995,837031.6483176836,5
785000.0000000006,526454.4244297905,36
399900.0,308681.9469893406,63
159749.99999999994,203648.35252919976,72
367500.0000000003,373023.9887667553,32
127999.99999999997,191483.9758617279,60
452000.0000000001,486790.4409569589,15
719999.9999999995,793167.603930735,71
590000.0000000003,493193.21941326826,74
275000.0000000002,271532.71154480276,41
290125.0,342190.8899801787,90
449900.00000000035,356538.7884098387,45
649999.9999999995,584118.891669649,31
1020000.0000000005,1049391.018803577,88
79000.00000000006,318615.587474962,52
360000.0000000001,383782.96209980745,5
974999.9999999999,715817.0306573502,74
315000.0000000002,164883.2518721289,62
349999.9999999997,347668.9647034944,19
123000.00000000009,146001.8652612445,56
158999.99999999997,274435.6063593064,80
899999.9999999995,811874.79694032,71
597999.9999999998,676634.1202551126,12
309000.00000000006,207908.4556882237,24
330000.0000000001,337322.58491466823,90
175000.00000000012,121058.76647304086,68
630000.0000000006,644185.2762855545,79
1040000.0000000009,641101.4683424215,70
265999.9999999998,224845.18178266537,70
149000.0,244400.5963417047,65
270000.00000000006,359518.4599995537,79
269880.0000000001,307601.5769194966,41
249000.00000000006,222772.03698542897,5
426350.00000000006,430960.5106178641,41
1200000.0000000005,795614.0920518922,5
325500.0000000002,211553.03002187246,15
798999.9999999997,829772.2014228171,71
208999.99999999988,189157.14842570413,52
319499.99999999994,414844.2063436709,31
199999.99999999997,239456.4070751329,45
148000.00000000015,207159.87231227985,45
1469999.999999999,970497.2133482604,79
255999.99999999985,236379.80170672535,5
210000.0,202780.6609125164,89
259974.99999999983,300041.8856912481,31
700000.0000000006,463828.01465429104,73
320000.00000000006,579302.8768436166,31
448999.99999999994,486766.9042096272,28
255000.0000000001,237924.89353627648,29
299999.99999999977,202226.25395225576,56
989999.9999999992,1036894.5028834231,71
124000.00000000007,123877.29448356207,64
156999.99999999994,155648.29306419054,9
109000.0,188833.36573055087,54
33999.99999999999,67325.70492990056,77
226899.9999999999,237233.4351677757,65
494000.0000000004,273588.4949638325,15
360000.0000000001,455551.2015427494,29
228000.00000000003,172671.03780461458,91
276500.00000000006,259385.90047539448,33
48000.00000000004,84150.26430789672,68
60999.999999999956,161331.82086768473,11
113399.99999999996,166407.74727592408,12
244999.99999999997,286168.77095201425,79
520000.0,308665.19669008604,22
79899.99999999997,110370.50106405307,22
125999.99999999993,123646.34146282582,78
213000.00000000015,273335.07893632585,24
195799.99999999994,142839.24266668776,68
430000.00000000023,376913.0833123293,74
162999.99999999988,237692.8031148531,12
244000.00000000003,231822.87872021866,73
428000.00000000023,322982.85639973683,73
29999.99999999999,90819.76106235149,54
392000.0,362793.5401690601,15
120000.00000000004,162322.98869415498,12
287999.9999999999,298379.7062369106,89
375000.00000000006,430118.27789292997,38
157500.00000000006,123835.85728508154,42
279000.0000000001,467033.939386699,5
535600.0000000002,318217.9749077207,20
915000.0000000002,919979.3386320067,88
261999.99999999994,164474.7226591469,83
645000.0,687722.2418425886,88
182500.00000000012,266555.63275830686,46
169000.00000000012,203486.22923726012,29
415360.0000000003,470177.83942519804,90
249000.00000000006,242820.52755572373,20
1495000.000000001,1205269.513187536,88
63999.99999999997,95535.01683942496,75
509499.9999999998,250087.0450007922,50
619000.0000000003,503185.3457044175,73
272999.9999999998,175961.90709264236,82
590000.0000000003,544775.7489047487,71
979999.9999999997,582504.267402417,12
80000.0,105539.243963406,37
494400.0000000003,486170.39778302383,52
279000.0000000001,325031.6955851159,80
232100.0000000001,182215.2967633969,25
116499.99999999991,138918.61898093778,56
62999.99999999995,93735.41375605446,77
402000.0000000001,385974.16301786713,33
243800.0,215845.4439065175,31
320000.00000000006,346815.5208988451,89
414000.00000000023,286019.5477261631,74
1150000.0000000005,911078.2976248814,71
659999.9999999995,314490.716989557,67
938999.9999999999,735699.4950992946,31
319000.0,213830.39846764316,6
415000.00000000006,452597.73462333565,79
936000.0000000008,649443.6761558664,88
444999.9999999997,457898.1986635145,71
87499.0,157447.35081112848,84
344999.9999999997,178554.79546998857,77
188000.00000000012,168220.7417097664,1
1099999.9999999998,1066702.8553374948,71
267999.99999999977,188948.09596629482,33
727999.9999999999,381473.49424557405,15
232100.0000000001,152204.42068036905,20
167000.0000000001,167643.37150063572,2
101199.99999999997,103394.27954312235,28
369000.0000000001,413957.7967857131,12
371999.9999999998,456509.51042468316,73
288999.9999999999,272445.5231464659,5
700000.0000000006,562759.354322112,15
222599.99999999997,253405.52525831992,14
995000.0,750533.4911894554,65
48824.99999999997,118208.99471693125,68
460000.0000000002,791534.5484301784,71
127500.00000000001,128553.03177467953,9
342000.0000000002,366893.99698359135,5
107000.00000000003,128338.83283046397,48
649000.0000000006,593756.8286355085,88
118799.9999999999,133997.25735555042,32
324999.9999999999,296105.4838746149,15
184974.99999999997,250803.43526325418,41
226499.99999999985,226359.4595277439,73
202000.0000000001,191291.15018507984,55
76000.0,94099.04579548433,56
315000.0000000002,251541.63465455003,12
181049.99999999985,145024.8724700466,29
152999.9999999999,197244.8516039669,91
162999.99999999988,226076.42887395588,13
60000.000000000015,114165.23915665677,59
272999.9999999998,273292.11103545845,13
299000.00000000006,342339.72420036676,84
398999.99999999977,358021.0238769886,90
249999.9999999998,216009.48228548653,50
291000.00000000006,273570.20163044013,25
254000.0000000002,293027.6393632857,65
460000.0000000002,550940.5187591038,74
935000.0000000006,828840.4030784327,88
634399.9999999999,468085.03815408575,2
312000.0000000001,448151.4744116451,4
520000.0,363803.5223233647,76
275000.0000000002,286400.0268507307,77
299999.99999999977,122973.51174592978,11
520000.0,524173.12607850455,88
180000.00000000003,180256.70212218727,29
134999.99999999997,174154.88445396587,41
249899.9999999999,284478.8308411611,90
710580.0000000002,570770.1317651112,31
315000.0000000002,194518.6883745163,20
284999.99999999994,222386.7995879012,10
156999.99999999994,188504.92083576115,55
452999.99999999977,375523.52456484403,18
698999.9999999995,623194.7576471643,90
33999.99999999999,73624.15068841889,85
272999.9999999998,256669.9247598051,56
388500.0,280702.4567686645,31
549000.0000000005,466753.0741529735,79
225000.00000000015,272342.4303768202,55
235999.9999999999,307952.04610601516,73
196000.0000000001,211775.42496256455,87
481199.99999999994,457863.2932218667,89
112000.00000000004,131618.87678291593,72
84000.00000000003,131305.2609756415,32
413799.99999999965,260958.54987699294,87
209499.9999999999,237873.6408369286,28
844999.9999999993,880670.7003541233,71
377999.99999999994,451526.5923273499,90
297000.0000000002,234553.13555484836,73
379999.9999999999,410951.03698716883,12
134999.99999999997,201996.16302168896,7
926999.9999999994,875830.5282666361,71
255999.99999999985,210090.30452092463,10
369899.9999999998,430186.2430954374,29
153500.0,173086.6810761927,0
110249.99999999994,125328.66084232893,29
269000.0,290213.7459238461,91
635999.9999999995,821771.2368298238,5
416499.99999999977,306006.9882034596,44
210000.0,169721.3637115101,74
704999.9999999995,646965.0816355755,71
259000.0,243241.1678868692,15
339999.99999999994,402294.3033467539,73
199999.99999999997,244342.3737253475,87
309750.0000000001,300210.42722150695,33
109999.99999999991,138095.90547034433,5
208000.00000000003,219153.38908471295,72
299000.00000000006,343553.4380693131,12
613000.0000000001,413149.31493844546,63
259999.9999999998,244899.82277801543,60
611325.0000000006,458942.5917013446,31
86000.00000000001,101184.51668076555,2
252280.00000000017,178637.9548380369,31
590000.0000000003,512666.82535205665,37
444999.9999999997,425431.3202485464,31
362999.9999999999,384156.45866402774,71
148000.00000000015,186224.43881908062,89
1260000.0,554620.2435509138,13
151499.99999999997,166069.4389224375,55
210000.0,196971.3684537288,12
291999.9999999998,287964.6171934794,14
415000.00000000006,276090.0350275799,10
202000.0000000001,160919.24902417348,60
259000.0,256620.9686673926,87
662000.0,658685.3912284173,88
435999.99999999965,338232.36563159234,73
698999.9999999995,667088.504135537,80
278000.0000000002,372765.41776405677,36
259999.9999999998,258491.2013444102,5
255000.0000000001,343595.23142537544,74
149800.00000000003,118657.62477180382,14
68900.00000000004,113875.60402547299,64
995000.0,643014.6970275027,74
189840.0000000001,132318.0841846707,47
178295.0000000001,177182.39721972632,13
449900.00000000035,467312.47057040886,74
302999.9999999998,326713.9585351286,32
449999.99999999994,312556.1675807639,18
552000.0000000003,559177.0987458368,65
294999.9999999998,289811.19544499216,31
429900.0000000001,603363.6239110193,5
145000.00000000012,312805.86720921815,89
208999.99999999988,237057.60928480138,26
749000.0,471996.3955154196,65
299900.0,311819.6466588425,91
281000.0000000001,312346.65927691734,91
265000.00000000006,238068.3969972759,61
749999.9999999998,629443.4062165669,31
339200.00000000023,240293.01173853464,16
96999.99999999999,135421.87337286043,85
674999.9999999998,812294.746163865,88
749999.9999999998,889357.8327628627,88
275599.9999999998,234485.7954881235,32
339709.99999999994,285159.025687493,73
1590000.000000001,888374.5641914004,5
661349.9999999995,439766.74756456696,55
142000.0,158717.77196131492,73
275599.9999999998,233180.40313348337,14
255000.0000000001,261315.1483350943,24
171999.99999999988,215250.27908002376,12
124000.00000000007,159141.089276853,0
279000.0000000001,247949.532639048,40
859999.9999999997,805868.69267645,71
118799.9999999999,197668.21053083194,52
332700.0000000001,238100.39617012313,85
998000.0000000008,396746.78916797705,82
76000.0,113830.8336119946,75
439000.0000000001,317827.8129407805,91
194000.00000000006,115430.72315022051,39
1099999.9999999998,871319.1953398462,79
426000.0000000002,419921.4954267096,69
253399.9999999999,320657.93672259955,45
271999.9999999999,173811.04444718923,17
118999.99999999993,119611.34337276619,2
649999.9999999995,463803.0587933157,70
322700.0,351620.0931515034,33
413000.00000000006,399212.1253572853,73
969000.0000000008,898326.8216867524,74
276000.0000000002,299832.3181225869,52
114999.99999999991,112475.24379730396,28
89500.00000000003,150818.35018422065,85
366999.9999999997,172196.9028952606,42
205000.0,197313.746047146,50
230000.0000000001,155040.43876646165,50
978999.9999999997,572551.4765478645,12
203414.99999999994,167259.31881177227,15
269000.0,294724.43215689744,5
175725.00000000006,164722.48600352384,57
324999.9999999999,318504.20801400515,18
173999.99999999997,203081.17623411422,51
237000.00000000003,171000.45309857637,56
116499.99999999991,159987.47864403063,76
286199.9999999998,333414.81264361704,27
307400.0000000002,220336.94199211517,20
163999.99999999988,142551.99695434776,53
297999.9999999998,244772.51421300936,70
426000.0000000002,496166.96553489764,56
89900.00000000007,157169.72041066433,58
198500.00000000006,241221.40361274075,56
272480.00000000006,260871.25325339678,33
1030000.0,1193472.503975233,71
727999.9999999999,535254.0087869463,65
1150000.0000000005,919231.2019272951,71
490000.0,381709.75874798215,91
312000.0000000001,284841.45359819126,52
336000.00000000006,241170.1181483876,78
890000.0000000002,723165.570783841,90
318000.0,325587.19285076973,29
181125.0,150010.55483721805,81
203500.0,182886.1344261186,76
587000.0000000005,524470.962424343,91
197024.99999999985,114935.87256679099,22
549999.9999999998,557590.4131536742,88
546499.9999999998,354202.2998437085,33
118749.9999999999,138450.26932686038,35
389000.00000000035,459339.3015930062,88
89000.00000000004,131863.83207532467,72
96600.00000000004,140956.4697369568,62
449999.99999999994,394628.58742555475,31
95000.00000000001,81093.92130991923,77
785000.0000000006,759082.3311367868,29
287000.0000000001,427436.4802160782,42
599000.0,438626.8030770233,90
480000.00000000006,407413.8733110758,88
399500.00000000035,229708.82231030078,44
884000.0000000002,574120.1119873355,28
495999.99999999994,456239.93778801546,5
180000.00000000003,189052.08485072767,73
371999.9999999998,341647.0497968375,87
355300.00000000023,373739.4675104306,45
213000.00000000015,315742.472812705,32
462799.99999999994,448199.2817644176,29
273999.99999999994,241203.52353647348,73
549999.9999999998,649257.7981063927,32
468999.9999999998,301357.798224528,65
218325.0,177024.18687330873,35
625000.0000000002,542790.579792856,74
1040000.0000000009,1028734.7331243948,71
264000.00000000006,281208.370588087,56
96500.00000000003,77932.8777536957,85
425000.0000000002,277622.1736050659,15
75000.00000000004,136875.16938547886,24
166000.00000000003,257883.33837222247,5
656909.9999999999,216620.16912937546,80
203999.99999999985,241397.9599790499,91
759400.0000000006,501150.73745939974,32
113399.99999999996,128510.71844248718,53
579999.9999999997,655360.4054728148,79
149000.0,137418.7807523044,22
315000.0000000002,281599.17344633304,45
130000.00000000009,272101.029000934,28
187000.00000000012,191768.74959507832,14
504999.99999999977,512617.4402828913,88
570000.0000000001,610743.4640285948,88
148819.99999999997,133474.56448363976,72
186560.00000000003,194833.44854639898,32
213000.00000000015,107878.84925296853,22
304999.99999999977,238034.220136163,31
276500.00000000006,322055.46676270035,13
775000.0000000007,789242.8119677366,89
213000.00000000015,212210.7021610255,31
147499.99999999997,98201.14372061391,55
794999.9999999998,729368.1793713596,90
255000.0000000001,313864.5236684625,88
349999.9999999997,276127.7483037808,33
243000.00000000003,175904.90355592076,72
830000.0000000005,581414.3250912952,88
139499.9999999999,149772.30601583028,79
217999.99999999988,218244.82653318095,31
433999.99999999965,257167.15310537134,55
570000.0000000001,259153.48753297562,13
340259.99999999994,325884.2900064778,32
230000.0000000001,273562.1407910895,9
320999.9999999999,243514.56566256937,12
148899.9999999999,210455.54158318185,49
75000.00000000004,102038.49652850884,76
385999.99999999977,324369.8889588939,13
123699.99999999999,119673.39528608666,57
157999.99999999997,144238.9566733243,34
179900.00000000006,212370.06988126566,65
390000.00000000035,476048.26360464434,71
149500.00000000012,176848.8360721619,65
254000.0000000002,292618.70368977357,41
136500.00000000006,101793.7274803692,42
1260000.0,630184.5907007296,69
452999.99999999977,333282.30028415035,43
1499999.9999999986,883686.9625488229,5
1214000.0000000002,1001246.8849154806,71
146800.0000000001,148663.80026627384,4
276999.9999999998,241129.2050354494,90
87999.99999999996,292552.8690908297,31
371999.9999999998,340708.22857522906,87
689000.0000000006,815620.8242532485,89
249999.9999999998,172324.47652866246,35
195000.00000000006,166990.66848416947,28
175000.00000000012,146910.24910529898,59
235999.9999999999,428889.9756144411,31
794999.9999999998,834295.1769252744,79
455000.0,453285.46593544347,71
729999.9999999998,681467.4046393756,88
162999.99999999988,145195.7040279765,72
243800.0,219046.25862715804,76
177500.00000000015,200203.44052180878,1
242000.00000000017,158060.21001987476,45
339999.99999999994,274792.3298146892,36
64999.999999999956,170773.08454076902,6
430000.00000000023,365242.4651400622,87
507000.0000000003,486760.99858515075,88
80990.00000000004,70734.69706679923,34
252000.0000000001,219461.60250465022,45
149000.0,144244.29594687672,32
139700.0000000001,190482.07282318716,15
265999.9999999998,216323.94702333133,55
549499.9999999995,427646.28922246787,29
126999.99999999991,193419.51259580624,46
616000.0000000005,425243.0551292859,55
350900.00000000006,256932.07393034262,89
249999.9999999998,311610.95751934947,77
206699.99999999988,195740.0929319036,73
369999.99999999977,359977.6239030392,70
630000.0000000006,536850.7821320419,72
225999.9999999998,170968.707624812,33
95000.00000000001,82252.48233369621,86
178999.99999999994,295127.97449919226,40
575000.0000000001,652771.2833907254,71
549999.9999999998,309654.94210333476,28
1320000.000000001,874602.7368384862,79
455000.0,366564.4287201051,90
798999.9999999997,596281.6339375429,31
896100.0000000002,567788.8084493015,79
498999.9999999996,465498.8039642816,31
515000.00000000006,433223.849641453,15
549000.0000000005,699720.4188810767,88
380999.99999999977,360759.78416693275,89
217980.0000000001,203352.84264769277,52
124500.00000000003,186344.25408203245,30
233199.99999999994,296074.78505072487,8
188999.99999999988,159474.83870883187,75
222390.00000000012,219501.1681566383,22
186599.99999999994,186073.04630237925,42
364999.99999999977,445429.93738180137,88
412000.0000000001,228131.90329390886,73
428449.9999999999,326334.1548747762,55
167000.0000000001,280620.39864712884,27
195000.00000000006,202548.24421097912,79
122000.00000000003,136795.23365450947,47
60000.000000000015,133831.6945673216,16
352000.0000000003,433639.54567438416,32
339999.99999999994,274370.81949181587,79
134999.99999999997,207482.00330792106,89
173999.99999999997,217955.9103588258,12
67999.99999999999,115290.54927535009,67
109999.99999999991,126164.30376912684,0
187000.00000000012,145657.86301298693,24
230000.0000000001,289037.93936695275,60
1424250.000000001,513648.349316997,15
106000.00000000001,188405.3132417847,20
978499.9999999999,661071.8394351598,52
371999.9999999998,353612.05590322136,79
579975.0000000001,585647.7429276918,80
192799.99999999994,187424.90926833535,63
192150.00000000015,159342.47389482174,26
163499.99999999988,168573.93547129876,55
135999.99999999997,165763.49006492805,7
343000.00000000006,313747.8782559137,32
319000.0,288063.31130980037,29
75000.00000000004,170451.19964277858,25
161000.00000000006,137894.80248806876,10
549999.9999999998,672425.4183846092,88
610000.0000000005,507614.3198105247,70
495000.0000000004,486966.99539212976,71
398999.99999999977,316383.239814136,87
148000.00000000015,175891.80267843424,72
281999.99999999994,261394.6264428079,73
719999.9999999995,593423.7635457003,90
376999.99999999977,245627.29370628565,12
265000.00000000006,222834.3113449135,59
32999.99999999999,75194.6872935962,16
608999.9999999999,431212.71213061863,73
425250.00000000035,410365.0234728163,31
275000.0000000002,239805.9653737426,22
286000.00000000023,280528.7794204861,31
126100.00000000006,136023.77747470554,20
149000.0,125527.58465322369,80
1507000.0000000005,562138.0606423704,70
152999.9999999999,147000.58477707833,87
362128.9999999998,199365.5718241298,14
62999.99999999995,112278.95430762508,28
86500.00000000003,117327.03278886917,19
199000.0000000001,252600.09192126608,63
346000.0,378447.819514126,31
99990.00000000003,126909.31017704528,41
702999.9999999999,503241.1151920109,15
534437.9999999998,485013.06113742513,79
238000.0,353222.8401112668,62
42500.00000000003,95150.27208920813,82
89799.99999999994,174197.98425681426,68
1552499.9999999988,612700.9330698847,81
1099999.9999999998,626074.438528645,40
284849.9999999999,190229.02964617027,75
398999.99999999977,393481.5072319108,71
600000.0000000003,475453.7453982334,12
299000.00000000006,341775.4144905034,87
467955.00000000023,472844.0318878362,41
372999.9999999999,306823.94846767635,56
177000.00000000006,178729.89791964844,91
89000.00000000004,173062.32667708574,24
188999.99999999988,230016.5283074555,50
165989.9999999999,269453.0735975019,74
114999.99999999991,118705.25635620079,32
513000.00000000006,379301.8187681965,89
798999.9999999997,526385.0799132175,80
252000.0000000001,232297.221064185,79
312000.0000000001,222800.4404205041,59
698999.9999999995,683860.7864721956,90
221999.99999999983,353062.58421650506,0
191999.99999999997,128015.02890265759,60
725000.0000000006,451892.8859342643,20
148399.99999999997,193436.82086375286,30
649999.9999999995,738769.5533656761,80
643749.9999999995,375760.32136997546,33
429000.00000000006,370012.4601826548,87
759800.0000000007,436358.31083209685,33
139000.00000000003,141002.98476504395,61
490000.0,293797.03419520304,53
210000.0,245102.8597699048,68
498720.00000000035,257297.30520146154,59
439000.0000000001,351298.3884453525,5
442000.00000000035,402022.5521290407,88
299900.0,333032.2759027847,29
349799.99999999994,355868.33725509647,25
735000.0000000005,620656.2948310348,74
55000.00000000004,73562.58155537989,21
259000.0,394468.52733629587,56
249569.99999999983,151950.79240799072,41
297700.00000000023,308845.26358113374,32
719999.9999999995,551900.0364736759,31
87999.99999999996,104916.33425500453,32
125999.99999999993,184900.16149864826,10
116999.99999999991,273084.2939591822,51
178999.99999999994,288333.96141525125,72
519000.0,466889.1520574014,41
409000.0000000001,404354.41937920183,31
330000.0000000001,412371.8093499853,71
425000.0000000002,373205.49405674817,89
120000.00000000004,143546.0523506331,65
599000.0,356479.418871537,67
1630000.000000001,1184409.0250849328,5
130000.00000000009,134263.49590160197,55
259999.9999999998,214815.65449745415,29
343999.99999999977,505180.86536202446,32
249999.9999999998,345416.44275513844,14
89450.00000000001,144774.13813446753,14
405000.0000000001,352702.4216019893,29
310000.0000000002,305377.08566166094,18
346000.0,397219.20081202075,29
284000.00000000023,306448.58982046257,15
141750.00000000006,134582.00415522297,29
320000.99999999994,291889.7966075064,91
226499.99999999985,207542.74912295284,72
221500.0000000002,187269.2274049568,25
309000.00000000006,307027.1977069797,90
1495000.000000001,1106458.1903310982,88
169000.00000000012,254316.42857578502,5
202999.9999999999,220923.73635107002,55
118899.99999999996,115104.55705449115,1
280000.0,323697.0231452429,28
420000.0,267305.6283564188,56
160400.00000000015,173995.92489765576,3
210000.0,218803.22252217514,61
348999.99999999994,340383.05118700315,15
280000.0,345124.4571105874,65
435000.0,548397.0760439979,70
552699.9999999997,283472.7245237728,44
334400.0000000001,321613.38941423554,11
157999.99999999997,164703.8936620496,42
159999.99999999997,188620.87584073402,31
270000.00000000006,161702.3737679876,42
265000.00000000006,191643.7104403567,19
622999.9999999998,464667.7074015013,35
339999.99999999994,334005.84970216855,31
178999.99999999994,123180.9274104221,67
160500.00000000003,112018.12312509201,22
48000.00000000004,111950.62265297331,28
149000.0,151268.14071889344,53
139999.9999999999,172950.13162221853,57
188999.99999999988,192316.7095550849,13
259700.00000000003,261303.9320650057,22
153700.0,194437.07951276976,5
159899.9999999999,187411.100266635,49
460000.0000000002,435063.51175732014,0
172999.9999999999,177398.63402714,19
223399.9999999999,235313.96916369873,38
70000.00000000001,113728.56689364725,48
150000.00000000006,114195.84625450512,53
249999.9999999998,261875.19506186043,9
106000.00000000001,163941.46760854527,49
275289.99999999994,174946.99805766577,73
169900.00000000003,178147.06526135377,91
120000.00000000004,90427.4039635219,55
375000.00000000006,519328.4649717329,32
229000.00000000006,279300.8613121079,74
331450.0000000002,302057.32230664854,88
115989.99999999994,269699.56349993485,79
682499.9999999995,371507.195402238,31
249999.9999999998,288554.8885125256,36
280000.0,259601.1058469309,80
742000.0,826975.2625984498,88
484999.99999999965,487256.93217640585,60
468999.9999999998,460894.44971274876,73
145999.99999999997,167219.21900556533,73
379999.9999999999,275468.4860245594,32
231999.99999999997,147664.84191470788,17
321775.0000000002,389235.2113084096,15
227000.0,310150.5224381209,5
384000.00000000006,323435.4428311766,73
278000.0000000002,207470.28242139614,50
330000.0000000001,397519.4056514335,41
133000.00000000012,303316.40185117384,27
546999.9999999999,505070.07748525013,65
116000.0000000001,107333.86744416392,55
352000.0000000003,288815.3759627919,65
146489.99999999994,155974.13780660732,45
362000.0,264369.61128331296,10
139099.99999999997,100737.95432538196,75
382000.0000000002,391444.4451618978,88
188999.99999999988,182021.50708874286,39
158999.99999999997,191931.45793890714,87
498999.9999999996,682042.9916655676,79
495000.0000000004,394771.8478654429,74
565000.0000000003,445158.28061834606,5
173999.99999999997,129722.41876392142,76
472900.00000000023,394861.8800578657,90
224000.0,255844.08933840872,67
212868.99999999997,235087.65179108988,12
192999.99999999985,257042.40780414912,33
219999.99999999983,212862.48082494593,56
315000.0000000002,226576.5103181712,19
590000.0000000003,502010.67146588524,79
352000.0000000003,386418.5605287297,12
1329999.9999999998,759648.5218920498,91
194000.00000000006,168124.84328800798,49
126999.99999999991,186337.06936308692,42
107500.00000000003,129885.87816229893,39
588000.0,635427.279785085,71
332000.0,361680.8390820835,73
120000.00000000004,128092.77781081032,81
239000.00000000003,273119.2878750955,12
270500.0000000001,212327.98126260968,28
359000.00000000023,354531.0814888288,12
1389999.9999999988,1151202.236247412,71
1141400.0000000002,786122.2467257569,65
304999.99999999977,400304.5704774083,38
99500.00000000001,216474.12922177362,85
218499.99999999985,175697.99143529477,32
890000.0000000002,723193.4426897397,73
230000.0000000001,175999.19104966053,78
645000.0,686023.1927182312,79
150699.9999999999,283526.0115782659,38
124999.9999999999,101374.91997109675,45
461999.9999999998,418835.4985215393,56
376999.99999999977,345292.4747936992,88
249599.99999999988,209151.25668382263,26
158999.99999999997,202729.79267241363,9
235000.0,219076.66019351364,6
138000.00000000006,165335.5733764932,32
219999.99999999983,196313.79927414155,5
265000.00000000006,233313.52818649836,72
265000.00000000006,280277.1940982785,53
1198999.9999999998,987558.2409664339,71
398999.99999999977,517970.5692501744,60
96750.00000000004,156684.57772650124,32
112590.00000000004,207535.54019351339,22
136999.9999999999,179711.21169139227,73
194000.00000000006,236029.97584598677,90
281999.99999999994,224597.06227870984,15
191999.99999999997,201101.6554260828,90
495000.0000000004,298722.0771210594,18
330000.0000000001,307525.6613874309,36
599000.0,585452.8447710152,79
377999.99999999994,360825.4450009392,74
64999.999999999956,121880.64405846002,32
238499.99999999985,352745.9274440481,29
129989.9999999999,154543.40302916654,1
197000.00000000015,203771.99139522124,72
329175.00000000023,258790.79258866137,81
75000.00000000004,136246.9565978521,27
457999.99999999965,351332.3478526202,5
199000.0000000001,188034.17388648092,32
620000.0000000005,629447.2283548177,88
240000.00000000003,279763.47952325735,32
95000.00000000001,103432.04543061118,83
440000.0000000002,354792.4376458125,70
471999.9999999998,502543.03235350596,5
255800.0000000002,265665.04396655416,41
99918.99999999996,92045.8331176887,75
270000.00000000006,264891.3790722,31
355300.00000000023,469307.4194826651,88
178999.99999999994,206729.9090773684,73
316999.9999999999,216228.5623584369,63
240499.99999999983,353294.18008916936,79
415000.00000000006,459274.2512016647,71
588000.0,582222.9348086452,12
425000.0000000002,381135.3595507159,89
515000.00000000006,431591.55802651454,72
267000.0,223639.97493635147,25
749000.0,866658.5106899623,31
206140.00000000006,192434.6668477587,82
367500.0000000003,219864.42324058837,85
169499.99999999985,165942.9260137723,61
680000.0000000003,770225.4447142169,5
281999.99999999994,284486.2167919542,28
237299.9999999999,232829.6846703083,87
279899.99999999994,238266.62290601918,29
369999.99999999977,397053.23500270525,71
152000.00000000006,143046.37806122753,16
69499.99999999996,89470.41758758776,25
242199.99999999994,266825.87565514253,15
156999.99999999994,167376.29114543335,89
1190000.0000000002,849494.0515439998,5
339000.00000000023,303129.0184895521,31
197900.0000000001,212041.1827950366,1
1190000.0000000002,716916.9985338893,91
479000.00000000035,504039.0014148379,88
55000.00000000004,71326.96629962667,77
348999.99999999994,344394.74641248595,5
102460.00000000003,99742.79354867263,28
53000.00000000002,99566.0947033585,3
170000.00000000012,202610.55551950683,89
339999.99999999994,366926.96575510234,80
229000.00000000006,180849.0427745371,40
419689.0,393133.5175010909,52
284999.99999999994,351261.8880308555,65
334999.9999999998,300787.39765475754,63
262351.99999999977,285802.32318308007,13
280000.0,329643.5155205511,91
565000.0000000003,509749.51043960394,73
136200.00000000003,79592.49483084827,82
749000.0,617523.9458012376,74
398999.99999999977,416447.57977946976,6
679799.9999999994,469309.0047218137,79
244000.00000000003,273216.25057044264,31
520000.0,361895.7007354131,45
70999.99999999994,130109.51296957507,60
437000.00000000023,440756.56834452663,70
599000.0,458745.96857596794,70
120000.00000000004,171829.8413048728,62
645000.0,863596.4156737203,74
131999.9999999999,114072.61134514718,59
999999.9999999997,459851.3520787232,28
145000.00000000012,172995.00679823128,15
794000.0000000007,489990.92223533685,62
178499.99999999985,193884.88839439672,44
1235999.999999999,838949.986613477,88
1139000.0000000002,1205621.2675310515,88
65499.99999999995,106973.264293231,42
170000.00000000012,169491.03648142976,32
360000.0000000001,276013.3335581864,31
315000.0000000002,340007.92089787836,65
314000.0,439913.4719870358,29
185000.00000000006,216160.7679050849,65
153999.99999999988,124065.31589629923,7
682499.9999999995,220546.0691728426,12
235000.0,244688.98151532174,80
302999.9999999998,266451.9864503533,79
315999.99999999994,362455.0263125413,79
25000.000000000004,143257.08965114638,52
249000.00000000006,140343.2055529641,62
130000.00000000009,199403.86633901473,47
291000.00000000006,425153.1179899113,41
610000.0000000005,592594.1926039904,71
229000.00000000006,226471.94085828084,28
527999.9999999999,194887.1848700967,69
223000.00000000003,223214.90197686793,32
415000.00000000006,465817.1166900704,91
743999.9999999993,711597.9884919368,88
379999.9999999999,417398.7871659762,28
139750.0000000001,223868.85445500762,11
116999.99999999991,115546.55881753107,15
188000.00000000012,297663.9792767565,1
659999.9999999995,676683.460223453,88
217000.00000000012,330113.7305715745,88
343399.9999999998,342649.8969435368,0
349999.9999999997,310600.8364641038,65
235000.0,179011.06914357468,60
416000.0,290776.11903685896,63
1525000.0000000005,1022529.5358595762,5
210000.0,263385.94006235164,79
497999.9999999996,284274.66935397114,42
230000.0000000001,133903.5680366171,42
289999.9999999999,616012.488817818,79
219999.99999999983,183524.78761723224,56
689999.9999999995,609465.7547008656,28
184974.99999999997,251033.786521747,41
769999.9999999997,674761.6417283877,5
132499.9999999999,203661.2191892513,62
84999.99999999996,150289.1336143202,77
131999.9999999999,189758.72602474174,85
449999.99999999994,395398.22307094047,88
79000.00000000006,153435.58788086975,39
139999.9999999999,199634.02954473556,32
188999.99999999988,200053.49956030323,22
698999.9999999995,485502.3604183478,12
469999.9999999998,454699.7888469489,32
362999.9999999999,258673.61627993966,72
227900.00000000006,212687.00196062168,29
365999.9999999997,492872.5195829886,80
420000.0,546691.5279171399,65
391229.00000000006,438071.7126538856,88
390000.00000000035,284502.62613796175,50
149800.00000000003,127311.09378490619,44
219999.99999999983,184792.14653349615,8
192799.99999999994,183204.25955022263,63
273399.9999999999,296273.8804366482,81
239000.00000000003,270867.18397782726,25
249700.00000000017,289729.9191164464,13
579999.9999999997,471475.08297283796,5
484000.0000000002,331399.5296693259,45
180000.00000000003,169637.23474237105,29
74500.00000000001,182066.41981033518,48
420000.0,345165.5141922395,91
89900.00000000007,120924.61447535634,55
156900.00000000012,161631.11134003336,14
674999.9999999998,450364.0660580114,0
275700.0,207397.37343011878,54
1190000.0000000002,869114.8757109096,90
249000.00000000006,231082.03209825192,73
89000.00000000004,119509.31586769322,36
215999.99999999985,220346.3995081214,72
158999.99999999997,168282.84697970364,64
129000.0000000001,170055.36399591182,32
495000.0000000004,440216.57793062687,0
275000.0000000002,319377.8105333755,5
339999.99999999994,367645.6825949256,71
315000.0000000002,316418.53517109714,29
275000.0000000002,295228.8928021302,70
229000.00000000006,292249.5770427014,18
394000.0000000002,621063.3032046111,74
819000.0000000002,601214.3237737722,74
167200.00000000003,246022.1633032428,87
379999.9999999999,293921.3158572343,52
392200.00000000006,224022.40708521308,25
1680000.0000000005,1412797.2229313652,71
484999.99999999965,320408.1833572361,29
170000.00000000012,256488.9097742101,19
210000.0,212748.56614988318,10
235000.0,135524.06073942184,50
299000.00000000006,293691.8731287835,37
109999.99999999991,202714.62618116796,28
376500.0000000001,375742.20051221957,88
67999.99999999999,101973.64952390884,48
420000.0,423196.42249295977,89
385000.00000000023,360896.40820569184,18
449349.99999999977,364543.19578886003,31
212000.00000000017,148332.4157455056,22
600780.0000000001,405804.8139360247,12
336500.0000000001,327683.1455717393,90
232500.00000000017,260230.16246634244,30
213000.00000000015,262722.17832314613,72
186000.00000000012,221908.01161756585,91
159499.00000000006,150420.7357548646,33
116000.0000000001,124677.73833719548,32
221999.99999999983,260628.29549060902,45
269000.0,292492.70560093195,28
184000.00000000015,163661.91726911193,28
118999.99999999993,149047.05889861178,36
252000.0000000001,250555.36809880895,65
181899.99999999988,169978.89179350002,1
188999.99999999988,169901.6515568438,91
143500.0000000001,149224.45440604136,22
398999.99999999977,436741.61853352655,74
256279.99999999994,278221.1058299978,87
231999.99999999997,215789.07266357215,58
219999.99999999983,245430.52208332354,10
99500.00000000001,116654.75654195713,26
213199.99999999985,275842.8854401187,80
56000.000000000044,112482.46538256631,58
590000.0000000003,539992.7554572897,31
156499.99999999985,138045.69320110045,22
308000.0000000001,330595.2260582834,73
109999.99999999991,225691.52662160297,73
199999.99999999997,179097.80512569362,36
162999.99999999988,262686.59675742366,90
1050000.0000000007,675304.7666259543,60
213199.99999999985,200524.63311863597,30
294000.0000000001,179698.80882165185,2
320819.00000000006,272499.73247788183,41
316899.9999999998,331159.1512911353,15
218499.99999999985,100541.94395601968,28
444999.9999999997,499530.39466925827,65
309899.99999999977,252023.32263070138,33
372999.9999999999,338452.9381263719,72
543999.9999999997,483424.8434894254,74
265000.00000000006,308070.9018533699,65
362000.0,373571.5549795836,73
379000.0000000002,317201.4489253962,32
385000.00000000023,284115.1886654394,81
858999.9999999997,576657.2340658067,39
214000.00000000017,245410.19806602073,73
313899.9999999998,392007.0762737699,29
645000.0,599225.7111161175,71
177999.99999999994,208404.6748468545,31
323000.0000000003,179456.6054522681,42
998000.0000000008,718995.4342967054,71
727999.9999999999,310626.5416187096,70
251894.9999999998,274104.8570917702,25
379999.9999999999,336252.1129360768,5
1592000.0000000007,807013.3430608469,79
191000.00000000015,184428.96538278105,89
199571.0000000001,179499.3341625247,12
430000.00000000023,469419.8673653718,90
141500.0000000001,180443.58486646265,40
126999.99999999991,157384.06523509062,28
335873.99999999994,304144.8897817932,18
430000.00000000023,447699.4550950324,90
219999.99999999983,191599.93097430043,81
173250.00000000012,131607.77995240586,30
199000.0000000001,161047.50578086157,72
182795.99999999985,200160.9509312211,80
238000.0,206065.99017690387,87
111799.9999999999,100673.28203602406,62
530000.0000000003,317820.8665976047,8
115206.00000000004,117464.01812644361,61
320000.00000000006,105499.14215090056,82
415000.00000000006,143809.46703218448,77
141699.99999999988,172515.4353152513,61
188999.99999999988,310902.861601089,28
315000.0000000002,320884.4032179996,31
155000.00000000012,265611.7005921485,36
284999.99999999994,246449.6217622673,36
299999.99999999977,409880.01607650047,74
162999.99999999988,154697.38088797577,45
299000.00000000006,249137.6426243325,72
174735.0,245791.1497868972,52
215999.99999999985,273525.9690541156,31
287000.0000000001,207629.67530297767,49
599000.0,290192.5262980871,83
664500.0000000006,496891.04517438705,12
739999.9999999999,819224.138063052,5
277500.0000000001,505767.5272382703,32
171000.00000000012,189078.14670850572,56
364000.00000000006,553960.7729129178,79
352000.0000000003,270864.45606163406,60
152999.9999999999,195241.67933956935,79
382999.9999999997,342436.5243711491,88
146990.00000000006,153356.10320174054,56
62999.99999999995,95017.56517539939,77
440000.0000000002,219147.9135401049,36
390000.00000000035,382361.64031851967,29
158999.99999999997,159148.2447547415,54
398999.99999999977,274628.987545016,29
483000.00000000023,492420.2926823839,74
310000.0000000002,316591.05311599385,88
166000.00000000003,315818.4404174475,12
495000.0000000004,398369.1899080279,5
159800.0,245478.38968649684,42
233000.0000000001,237923.90131196458,30
114999.99999999991,167486.0453118327,61
678999.9999999995,721066.6272581297,71
364999.99999999977,273218.97201763676,18
844999.9999999993,428657.4258213194,15
136500.00000000006,148035.16739579669,85
171199.99999999985,237148.90577711584,30
124999.9999999999,177811.34381225015,73
173999.99999999997,246725.07811225046,18
90000.00000000001,113533.61228342712,80
513999.9999999996,632459.1559792593,90
499999.99999999977,562115.7180665587,88
336000.00000000006,297930.52170488494,41
177799.00000000012,154098.47031941818,13
790000.0000000003,1021787.6334133495,12
275000.0000000002,233490.53259531493,31
261000.00000000012,404247.558028344,70
255000.0000000001,265227.23458966013,55
504000.00000000023,556180.921773188,79
449999.99999999994,492777.62732594437,12
150000.00000000006,215645.43782622073,87
167499.99999999997,180276.57436156468,22
1600000.0000000012,902884.6220366554,74
136999.9999999999,116828.981076029,10
425000.0000000002,294176.27491383534,32
148000.00000000015,133671.83588435306,1
213000.00000000015,242487.9987380646,41
249000.00000000006,196530.93829516156,60
139000.00000000003,172696.64689396948,24
133749.9999999999,117041.37658109175,57
248000.0000000002,365014.9066610187,12
208100.00000000017,241029.93950336377,58
890000.0000000002,678310.613256722,44
177999.99999999994,241959.727636529,30
159760.0000000001,164976.55480492904,87
989999.9999999992,465829.275095957,29
313500.00000000006,551525.1182370587,15
399999.9999999999,370318.7480732929,74
999100.0000000009,1184389.5224979736,71
259000.0,279077.9489473913,72
168500.0,191035.12248151633,42
334999.9999999998,389888.856075584,5
160500.00000000003,133010.57322209293,76
1249999.999999999,916990.7700247702,88
409499.9999999997,299967.9390013218,56
149250.0,83916.68411196196,67
133500.00000000003,213779.57183070452,14
180000.00000000003,192429.3304643139,22
198000.00000000006,132449.74025192112,73
116499.99999999991,123384.954630016,1
448999.99999999994,282148.36983006704,50
167000.0000000001,130853.57151640573,42
162000.00000000012,196810.24926848902,40
167999.9999999999,139782.1924947272,74
136590.00000000006,117583.93734179287,13
466000.0,391482.3127225784,31
157999.99999999997,191816.27354612324,55
622999.9999999998,540662.6934162095,12
719999.9999999995,625921.1065256802,88
304999.99999999977,250619.1847301733,72
154424.99999999997,168775.2189254534,91
233999.9999999999,289849.72011031216,29
215000.0,138938.7813736421,54
49900.000000000015,78578.77806829306,77
628999.9999999997,533691.3371657665,65
739999.9999999999,915636.8928988252,79
574000.0000000001,347597.41743642464,24
183000.00000000012,160315.95717709517,14
202999.9999999999,208542.49123016268,26
1210000.0000000012,611185.2754412822,32
279899.99999999994,217238.18605858507,45
320000.00000000006,323237.9582950061,5
202999.9999999999,187778.8265519797,89
355999.99999999994,237158.98116209835,58
320000.00000000006,196810.3453042404,53
82000.0,210350.6076601618,28
320000.00000000006,317192.16760786035,29
208999.99999999988,256062.50529006467,3
396521.9999999997,375470.64495183807,32
294999.9999999998,392684.1698030031,76
289999.9999999999,290140.6979171075,88
208000.00000000003,280331.27585354855,31
225000.00000000015,294957.85803937045,89
343999.99999999977,255953.771214029,91
69989.99999999997,114685.893952124,20
169000.00000000012,173433.16602953323,24
279000.0000000001,345583.7438083098,26
171999.99999999988,190591.7703788384,79
157999.99999999997,236005.7647170604,76
344999.9999999997,423648.8946019963,74
199799.99999999983,221747.69812880928,15
171999.99999999988,225771.74468369436,12
199000.0000000001,232126.1247721393,53
195000.00000000006,282742.8376283583,87
698499.9999999995,677847.7956188053,90
160500.00000000003,140931.73646726517,31
749999.9999999998,432511.95951081306,77
177000.00000000006,169729.61544151118,54
1650000.0000000007,1048455.962217111,79
114999.99999999991,155749.04493898273,12
237000.00000000003,209232.52239890883,32
540559.9999999999,489602.65599341824,73
349999.9999999997,285214.01362904534,28
379800.0,177014.2428152053,35
974999.9999999999,734092.1318449527,5
326000.0,432628.85929069686,31
178499.99999999985,156980.9277539784,76
385999.99999999977,328225.23590417573,15
109999.99999999991,225212.22562905468,37
488000.00000000035,562025.1148101735,74
70000.00000000001,91680.21255290683,76
152249.99999999997,143149.4504471496,14
71500.00000000001,132137.15698878374,28
160500.00000000003,338063.1753628519,28
98000.00000000003,189687.87197745012,77
218999.99999999988,194596.47766255928,87
1036000.0000000001,871611.4749966944,79
414000.00000000023,397612.7673834797,79
155000.00000000012,148641.7285925083,76
315000.0000000002,287036.2727098286,88
71500.00000000001,99522.17307396713,14
247000.00000000006,214936.72847164335,87
342000.0000000002,271641.10708628106,0
244999.99999999997,117499.28868694125,83
139000.00000000003,110736.47747476566,35
248000.0000000002,109722.00659153357,59
201400.00000000006,205021.86305233225,72
284849.9999999999,242056.2176842974,33
248499.99999999994,255998.3781689441,76
196800.0000000001,220929.34388711,42
90000.00000000001,88552.93535619002,26
330000.0000000001,366091.69911733153,65
630000.0000000006,582119.1801603641,71
840000.0000000005,730088.784028108,79
525000.0000000003,379385.6852347277,74
86000.00000000001,174169.3188074705,34
215000.0,366863.38705953554,5
257000.00000000015,203174.18824122814,20
143000.0000000001,208545.5713195692,58
668000.0000000002,600067.5959490917,65
289999.9999999999,270447.53124830907,60
181000.00000000006,232422.858672985,74
185000.00000000006,251417.53959159224,74
90000.00000000001,137971.5331180247,37
1050000.0000000007,587776.0823548174,60
940000.0000000006,366360.0210050842,10
367500.0000000003,377172.59522911336,31
231999.99999999997,254472.01489985696,52
150000.00000000006,199040.73340155382,54
698999.9999999995,360391.03909634054,25
178999.99999999994,203269.57725650392,4
729999.9999999998,615431.7457985785,5
460000.0000000002,408938.44324728334,71
520000.0,487945.750856575,88
103000.00000000001,175328.6358332494,31
227499.99999999997,260391.56722746528,70
86999.99999999994,161267.16541624212,23
139000.00000000003,212795.3798924721,36
305999.9999999998,247403.52258426027,91
314000.0,298098.63952841423,0
289999.9999999999,223532.04293986055,70
169499.99999999985,156566.88678649132,85
202000.0000000001,183748.730058266,8
136999.9999999999,154430.09430129424,85
418999.9999999998,389722.656058312,90
424300.0000000001,380245.19171875686,81
397999.99999999977,189702.24342111987,64
466999.99999999994,389444.3199468241,73
386900.0000000003,327483.97926172614,31
268927.9999999999,138924.1097744179,29
213499.99999999994,212080.66627505768,73
130000.00000000009,145743.2823051933,86
487100.0000000001,392028.3834818447,87
31999.999999999993,99221.349057512,79
287000.0000000001,197568.33097623338,22
393899.9999999997,486149.0636746402,90
59950.000000000015,74191.98508936002,83
630000.0000000006,537618.0741604018,31
87999.99999999996,116610.17559008236,63
261999.99999999994,300244.78545791184,85
283000.0000000001,230495.58986580485,20
110989.99999999993,106493.05825548177,13
198251.99999999994,178976.02518083225,12
457499.99999999994,482568.6577943769,31
364000.00000000006,272490.83925444045,35
240000.00000000003,258409.25441177862,12
199000.0000000001,195118.13709728283,85
191999.99999999997,225110.22197242122,32
759999.9999999999,717497.9267092905,71
790399.9999999998,602764.4140946316,49
114999.99999999991,123482.35156582775,33
186000.00000000012,138579.54649292966,55
118999.99999999993,195489.94914283298,89
820000.0000000005,389298.73424348526,20
570000.0000000001,621807.3336346218,71
159999.99999999997,182976.84548566904,32
249754.99999999997,262009.454646566,25
1198000.0000000002,1174460.7662947127,88
299000.00000000006,284160.51514301903,70
377999.99999999994,345641.6124562941,24
249000.00000000006,225508.24748251535,32
235000.0,240473.32650256247,89
410570.99999999965,526871.5773137294,88
225319.9999999998,206617.85465922102,33
890000.0000000002,780653.1197976071,79
423999.9999999998,276458.9641980874,28
95999.99999999996,109397.49897863377,66
399999.9999999999,275103.1245637329,81
255999.99999999985,248921.0722256898,48
395999.9999999999,205626.93165227943,59
70000.00000000001,202627.6318822707,28
354999.9999999998,504064.82319725875,29
208000.00000000003,216826.8680156529,52
525000.0000000003,318993.6875259814,70
240000.00000000003,236897.34512895875,27
679799.9999999994,462267.95809627144,41
159999.99999999997,196839.78135149332,80
238970.00000000017,220700.96075771996,35
529000.0,558742.2401787296,71
144400.0000000001,129659.93282562592,43
315000.0000000002,320179.350140195,74
103000.00000000001,138256.15806920582,82
163999.99999999988,238861.59110741562,10
448999.99999999994,320398.36909538356,87
315000.0000000002,331862.46224388864,72
199000.0000000001,185682.09490891968,25
64500.000000000015,211915.87381955129,52
159999.99999999997,182774.1205063686,32
984999.9999999994,600188.7412425634,70
215000.0,161469.84079630647,55
229000.00000000006,294909.98082334315,73
175000.00000000012,203771.47769222423,87
330000.0000000001,321776.54352570453,73
566799.9999999997,579169.4676108672,88
167999.9999999999,182075.84187198651,22
282499.99999999977,333843.6001787265,60
145500.0000000001,176119.09789820397,36
124500.00000000003,195545.25034466313,41
109999.99999999991,180937.25237409602,90
149000.0,184651.30176322386,74
960000.0000000006,791305.9019698232,65
89000.00000000004,148897.98194576116,28
639999.9999999998,571046.3450188152,71
177999.99999999994,195030.07600913008,14
549999.9999999998,615127.3868652044,90
297999.9999999998,329348.8889052595,89
138000.00000000006,141061.33889954214,32
244999.99999999997,236118.47192933943,91
320000.00000000006,281445.8921337479,27
225750.00000000003,220553.5501628043,39
850000.0000000005,1044631.6781041627,71
1175000.0,1128856.7503825962,88
146200.00000000006,152085.07585656326,11
249000.00000000006,233514.0589071847,73
294999.9999999998,300417.5751482247,62
139499.9999999999,142764.10249367045,73
127999.99999999997,165413.88042647994,19
158999.99999999997,128713.732111444,85
72150.00000000003,202479.99537652772,8
255000.0000000001,245799.83930737883,79
299000.00000000006,365660.80142658646,44
229000.00000000006,179620.94183426778,28
221000.00000000006,178082.5619655814,84
585000.0000000003,655224.3605784577,71
188999.99999999988,220031.12954223875,74
104860.0,93215.53790814272,54
998999.9999999995,678740.5408457681,71
172499.99999999985,191855.57762701696,9
95999.99999999996,97040.78858851347,61
1069999.9999999998,861727.5048025294,71
334999.9999999998,211132.39724005398,12
71999.99999999996,125923.20956135906,75
185000.00000000006,304645.36592457764,91
150000.00000000006,172609.95928327623,29
364999.99999999977,343314.7071455829,56
149000.0,198786.1028407994,79
146999.99999999988,145419.74346707237,26
633000.0000000003,585025.2586217271,88
379999.9999999999,438678.29462435615,71
263000.0000000002,140240.66187914668,69
349999.9999999997,428121.3968077464,89
199000.0000000001,210947.40580104847,44
702000.0000000003,526864.0191114865,90
463999.9999999998,415144.2186938141,73
304999.99999999977,237837.76658744388,36
149800.00000000003,106249.38395867021,83
304999.99999999977,277372.15346772916,53
86000.00000000001,164337.91396230954,12
1048000.0,1137859.0971116337,71
212000.00000000017,268863.7717455433,5
343999.99999999977,344178.4354866367,29
339830.0000000003,233190.67302901903,73
49500.0,64158.69044005923,16
698999.9999999995,746369.8333975445,71
49500.0,58744.62033043217,30
355999.99999999994,318066.8869169172,41
203999.99999999985,215022.63197968408,73
304000.00000000023,240845.6452896839,10
240000.00000000003,256328.27525921803,9
682000.0000000003,686827.343246637,88
491999.99999999965,490490.63319676626,79
56000.000000000044,89442.76313772367,61
741000.0000000006,576627.7256181173,87
613999.9999999997,656233.3099974198,88
928999.9999999995,320656.5582722583,70
409999.9999999997,191157.42741213852,61
215000.0,176393.6722778119,31
549999.9999999998,458219.1873131661,19
420000.0,427701.08314209845,12
243000.00000000003,237755.00470670767,70
199499.99999999994,107783.49396636698,72
157999.99999999997,164706.06579629975,13
279000.0000000001,272436.92034486675,69
235000.0,247627.21795152818,85
366999.9999999997,360584.7174024178,81
261000.00000000012,195162.2480179251,32
199000.0000000001,203571.71860791626,56
409999.9999999997,413409.88233193185,79
267999.99999999977,212579.76277637726,44
379999.9999999999,276592.5362385646,12
348149.99999999994,282142.9971662531,78
108000.00000000001,133879.28833385342,29
134999.99999999997,201967.9943549813,91
555000.0000000002,483082.82386935037,80
58999.99999999997,533447.1111558832,71
128399.9999999999,179440.74686619383,20
484999.99999999965,275276.03868982627,45
553849.9999999998,603503.7847936522,29
167999.9999999999,157407.17558794777,12
208999.99999999988,267355.70656675054,91
217000.00000000012,176113.86164318127,83
92000.00000000007,183256.8693984579,66
435000.0,312271.81323238113,0
279000.0000000001,282647.59989520465,32
389000.00000000035,342892.412252835,74
109999.99999999991,155396.44866853688,3
230370.00000000003,253176.13166882482,45
219999.99999999983,237667.94380296546,5
99509.99999999991,120964.14140273766,45
377999.99999999994,505376.1569964986,71
707199.9999999997,723016.0026803581,71
382999.9999999997,376209.0323410885,73
314000.0,312357.18837176537,1
267000.0,200908.88950924738,56
168399.99999999988,344908.4206182246,27
585000.0000000003,381165.1549572259,72
218999.99999999988,203088.3449542292,11
387999.9999999999,307349.9667203398,41
1400000.0000000007,1133467.0300726567,71
64999.999999999956,151904.15284312348,46
187000.00000000012,224963.1503976475,32
207500.0000000001,279521.82036750735,81
73999.99999999997,196567.29864915658,5
199000.0000000001,315606.41206692933,10
395000.00000000035,311337.54841520934,28
147900.0,137608.56822833559,39
294000.0000000001,245295.59186691418,58
187249.99999999997,269418.7243771562,44
118999.99999999993,175819.44328570185,38
575000.0000000001,616676.5980717936,56
158999.99999999997,158122.30460685206,67
406174.9999999998,323834.0397357194,52
105839.99999999997,348650.3695194226,22
139000.00000000003,132732.58349870174,80
235000.0,276592.6917921281,79
239000.00000000003,194980.28542530685,25
217999.99999999988,203903.79473579195,87
235000.0,144875.60313900924,53
509999.9999999998,406928.412742396,52
84000.00000000003,120076.37817652576,32
185000.00000000006,235890.27142993393,36
387999.9999999999,355079.9753147752,22
368000.00000000023,413169.7717887043,88
143989.9999999999,262229.24712453596,32
798999.9999999997,699067.944848032,32
472500.00000000035,487523.88341995724,52
687000.0,488827.5595967334,56
218999.99999999988,403969.2506151018,28
272500.00000000006,225770.41457290814,35
334000.0000000002,353878.8770319708,56
509999.9999999998,508544.55176009476,88
230000.0000000001,214753.1872537393,78
210000.0,202512.59573374857,24
1169999.9999999998,634693.1104602433,12
215000.0,185213.13708634715,84
560000.0000000003,568508.4370552499,70
319000.0,258345.34734359273,52
249999.9999999998,258373.58370629643,12
284999.99999999994,207263.14543195817,36
409999.9999999997,510311.6909247169,32
175000.00000000012,184299.52773802023,73
394900.0000000002,571575.5782956125,29
299999.99999999977,296732.2651370258,31
127799.99999999994,85844.62577106776,75
219999.99999999983,223432.32823596656,63
449999.99999999994,544071.3786646163,12
178999.99999999994,163229.0408093762,56
834000.0,686555.8403589249,71
1134000.0000000005,425921.10885134153,29
254400.00000000006,287686.3335350125,78
52000.000000000044,100818.39382023105,49
606999.9999999995,626148.3516785797,88
66000.0,124664.6455369369,42
144000.0,150578.47692057726,55
82500.00000000001,304773.7074706491,31
367500.0000000003,246960.58495190495,20
166719.99999999985,118949.30536117131,68
113999.99999999996,151602.77010655066,50
359000.00000000023,374783.5617552925,12
1128999.9999999993,1033152.8827608197,71
148600.00000000012,96842.72663568915,68
130000.00000000009,131338.90704055774,77
44999.999999999985,185690.74960328444,73
469999.9999999998,482809.8390031803,65
234800.00000000017,173989.5431060815,83
265000.00000000006,286772.2545299212,33
1626999.9999999995,1203920.321471378,71
123500.0,173271.70581561542,13
173999.99999999997,99957.88450356062,61
669999.9999999998,613717.2846866937,88
354999.9999999998,427309.99248948647,29
136500.00000000006,136988.77258468154,9
230000.0000000001,239590.12030290384,79
950000.0000000008,946976.1976185809,71
235000.0,174366.48515377374,34
735000.0000000005,431300.9543839147,12
398999.99999999977,489130.8386324939,31
294999.9999999998,313844.6614297956,65
324999.9999999999,595918.4276230332,12
255000.0000000001,267513.12591587775,29
224000.0,278409.4647761755,22
183749.99999999994,241970.32319624836,3
284999.99999999994,337934.54833486147,29
400999.99999999994,319482.1531756206,65
267266.9999999998,269032.25641199114,32
330000.0000000001,236286.37879900736,38
195899.99999999983,196792.10111514333,52
44499.99999999997,144507.88307220675,58
159999.99999999997,196160.48862613665,79
189999.9999999999,228968.55094052257,87
71999.99999999996,93950.52103448474,67
515000.00000000006,448872.1212032976,12
226800.00000000017,257331.87113003808,47
218999.99999999988,302775.9711293539,29
259999.9999999998,128626.51212041215,16
697999.9999999995,388645.40136216563,6
299000.00000000006,310405.32735804416,89
375000.00000000006,369478.6443319133,80
70999.99999999994,93536.61190779341,42
330000.0000000001,391073.9310603022,38
250999.99999999988,410922.2936058681,80
639599.9999999995,563519.8363254613,71
229000.00000000006,200921.60648537235,42
995000.0,1007561.8777859118,88
727999.9999999999,431261.8407097289,73
198955.0,233019.1036927388,33
792000.0000000006,619772.8682770273,90
375000.00000000006,304069.10012631,0
219999.99999999983,346131.53375523613,74
64999.999999999956,116769.3270472678,7
197500.0,181146.2750325878,25
1314999.9999999998,846182.8808959977,5
240000.00000000003,214506.2452086364,29
549000.0000000005,443910.9996031945,38
108499.99999999999,125152.91904356971,22
95000.00000000001,109993.31217930051,1
223000.00000000003,228386.72919751066,31
498882.9999999997,477672.3028660888,71
442000.00000000035,287877.2276286542,66
1095000.0000000005,1098417.3291032265,71
194000.00000000006,143517.61384659927,55
170500.00000000012,366786.2674476015,80
399999.9999999999,282641.64025053626,81
66000.0,91616.58053393703,44
197000.00000000015,253423.9831827167,31
348499.9999999998,291996.6538479653,65
186000.00000000012,165045.1896308977,61
138000.00000000006,121131.94927443827,20
143500.0000000001,165539.08943682793,49
235000.0,292267.6797346098,32
156499.99999999985,202699.64020026173,12
199000.0000000001,224798.18481037943,25
458999.99999999977,399283.83860808593,88
537999.9999999998,593270.4106450133,88
136500.00000000006,142287.27422931432,77
129989.9999999999,160306.23065850788,55
400999.99999999994,378463.15892500273,87
337999.99999999977,281361.194692253,77
676176.0000000005,336781.0742067535,63
1198000.0000000002,1165523.2723662273,88
57000.000000000044,109340.04160719697,68
104999.99999999997,160560.04989565833,24
494000.0000000004,430535.0770897742,31
710000.0,594050.6933228592,56
265000.00000000006,250887.01710936593,86
347052.0000000002,332238.99766252295,12
320999.9999999999,318510.1428218179,87
433000.0000000001,287496.63965891505,32
96359.99999999997,83566.52719092285,38
242000.00000000017,234137.628699851,89
548500.0000000001,625599.5649799997,31
509999.9999999998,440097.1811748435,5
1150000.0000000005,1018079.9606888103,71
160500.00000000003,246447.50353486964,31
513999.9999999996,608027.7502704129,90
259000.0,254552.30926032766,87
255000.0000000001,265699.505318602,5
297999.9999999998,296796.0619142065,12
348999.99999999994,414963.3409652296,32
339999.99999999994,429286.4699504461,88
348999.99999999994,393754.67704353394,31
79000.00000000006,98525.55250447092,21
662000.0,595062.8044455127,88
458999.99999999977,469024.9065049183,74
349999.9999999997,403879.9639879465,7
830000.0000000005,601128.9855904193,90
289999.9999999999,374423.67617348634,36
145999.99999999997,119775.61993461891,75
75989.99999999997,115725.0757407541,10
96500.00000000003,101773.14476945873,32
135999.99999999997,111458.83293217013,1
167999.9999999999,234121.83491417058,62
278000.0000000002,243329.28255084352,82
169000.00000000012,245362.61638036883,5
67999.99999999999,114737.64069356002,51
349999.9999999997,338337.27397355356,88
337999.99999999977,309810.62318965484,73
156999.99999999994,159348.2356434359,39
217999.99999999988,231051.0152105599,89
912999.9999999992,755069.5650277996,71
386250.0000000001,490688.4184778923,41
78500.00000000004,100142.15429244,32
175000.00000000012,192915.75903380534,25
95999.99999999996,126956.23877627266,55
50000.000000000015,105640.72418777178,32
997500.0000000007,543799.413117992,3
95000.00000000001,217334.4914084262,63
458999.99999999977,452563.7226651228,29
146999.99999999988,139771.1612000172,32
430000.00000000023,403644.6616222954,88
208000.00000000003,321716.8043059812,32
215000.0,120582.46742371605,62
159999.99999999997,194034.32460159383,73
173999.99999999997,150115.50129474796,74
309000.00000000006,404370.54546752665,29
270000.00000000006,300921.6099036446,73
336000.00000000006,289601.6702298948,87
461999.9999999998,393047.1120609473,74
199899.99999999997,220573.2432442476,74
938000.0000000002,502469.4558364172,15
682499.9999999995,369168.39416283986,22
649000.0000000006,504026.99320752756,32
649999.9999999995,760652.3445059574,71
289999.9999999999,228777.76979222117,31
152000.00000000006,122353.23600993663,76
80000.0,94152.39770261859,14
337999.99999999977,344883.41969446786,70
146999.99999999988,179608.23891488914,12
376000.0000000003,281373.6460602149,62
369000.0000000001,341449.32535212016,32
594999.9999999997,316124.51851425576,15
199899.99999999997,199569.4273517936,64
431500.0000000001,385482.7588115175,41
599000.0,356375.4991614522,25
1140000.0000000002,788358.4011767356,65
442999.99999999994,516086.27290925116,73
279000.0000000001,301378.8061228082,28
265000.00000000006,250505.4311335784,32
245499.99999999988,244371.0592035257,28
349899.99999999994,258902.30701943516,13
449500.0000000002,376195.05324253265,79
360000.0000000001,248074.415743709,85
430000.00000000023,442780.6150850956,70
177999.99999999994,230250.30695222341,73
228000.00000000003,302482.92061140947,79
55000.00000000004,128473.53309853905,38
208000.00000000003,190488.66739524942,73
275000.0000000002,230813.828793414,80
757000.0000000006,561652.7196855264,62
634399.9999999999,545260.0663710732,79
599000.0,408098.3398975757,65
137500.00000000012,246235.26372010645,27
440000.0000000002,528265.8654238327,5
625000.0000000002,453008.4724723913,88
210000.0,221323.21242031892,89
339000.00000000023,323956.4914549197,91
134999.99999999997,130194.88551859878,19
92000.00000000007,116816.5446523994,10
171999.99999999988,194539.83451425773,12
145999.99999999997,124691.86534415059,53
1229999.9999999995,1273101.426527356,71
68999.99999999997,86614.36199003931,10
1110000.0000000002,1111194.5968802366,5
96399.99999999997,160882.40343334214,14
291999.9999999998,233290.58302591534,42
144000.0,224920.17219714646,10
407999.99999999965,246496.2951576133,80
989999.9999999992,818480.230640417,71
907999.9999999992,776856.1443295723,88
523999.9999999997,661373.1946929644,80
369999.99999999977,246800.9370585795,39
215000.0,110780.93669425357,50
398999.99999999977,379470.8654638051,31
349999.9999999997,325708.7580251927,18
359000.00000000023,551418.7955056874,88
109000.0,177294.52491554298,24
228000.00000000003,164891.72217975432,56
472172.00000000035,279618.4343327899,68
448999.99999999994,437830.1376930186,72
175000.00000000012,133750.29016438514,60
86000.00000000001,243963.24384581065,43
276000.0000000002,258346.78080914522,75
244999.99999999997,267763.2607741297,58
199000.0000000001,174995.59384000595,40
70999.99999999994,124608.61305046013,16
469999.9999999998,494360.092396903,87
379000.0000000002,354750.27497418475,74
159499.9999999999,167077.43243164345,29
1082000.0000000005,818880.4662228184,71
157500.00000000006,230514.94970132955,81
384000.00000000006,412336.25782552914,90
700000.0000000006,546126.8319554542,88
418999.9999999998,377740.5797674515,74
299000.00000000006,396765.4470867143,65
318000.0,266011.15263999504,31
165000.00000000015,194692.37062369054,59
490000.0,552519.9209368363,5
287999.9999999999,286876.10620852985,12
169990.00000000006,245131.35476716305,14
299000.00000000006,310611.5601665615,73
600000.0000000003,451935.4013149612,52
270000.00000000006,248532.22693386188,90
207601.0,246404.72688708824,12
162000.00000000012,171729.55327200025,79
490000.0,437526.0974556897,71
230000.0000000001,247468.713263731,91
379999.9999999999,318468.6188938392,70
1635000.0000000005,901711.5075398153,74
199990.00000000003,242758.0192874753,15
246800.00000000015,152354.82437858122,81
1080000.0000000002,825195.8660812551,88
455000.0,413681.7057515314,90
327000.0000000001,319859.119552106,15
231000.0000000001,214662.1212811722,41
121000.00000000003,121037.25259252556,24
184000.00000000015,206230.0185166617,20
56000.000000000044,104403.94948101856,11
1150000.0000000005,864665.2806514495,65
698999.9999999995,683869.7026051057,12
304499.9999999998,210117.76302075986,41
339900.00000000006,504605.9680082014,28
242000.00000000017,255282.92133877618,87
409999.9999999997,265089.46703973354,53
565110.0,506746.36193866795,74
360000.0000000001,263375.2179348018,72
144000.0,148225.0632140144,3
139000.00000000003,123112.28955663981,24
183000.00000000012,232533.57524349715,29
270000.00000000006,251811.6013680108,26
149000.0,169025.94280350374,79
262500.00000000023,283846.704256869,10
181000.00000000006,233022.5867773958,77
454000.0000000002,380471.1841408653,39
291999.9999999998,270988.2685549483,56
435999.99999999965,402488.68599320075,5
152499.9999999999,151555.55460040184,82
177500.00000000015,173110.956739595,87
188000.00000000012,100081.49199149264,28
266499.99999999994,270930.2394090434,13
465000.00000000023,447973.00765860954,23
158999.99999999997,311519.90523310454,67
280900.0000000002,294024.26090805704,32
407000.0000000001,387882.1567013917,88
590000.0000000003,434806.91984453314,73
267799.9999999999,245313.75847224653,41
261999.99999999994,180740.66733619815,17
348999.99999999994,329710.8414327057,70
1529999.9999999988,899265.1056925214,12
448999.99999999994,455008.7617551532,3
735000.0000000005,578190.9758154432,71
149500.00000000012,167225.0160967807,61
178999.99999999994,152485.8322587152,25
139750.0000000001,138937.51279154894,35
600000.0000000003,370007.0444398801,31
273999.99999999994,255233.47224036235,72
275599.9999999998,268328.3830043333,20
416000.0,337055.8702961449,41
719999.9999999995,546075.9620487777,80
155000.00000000012,277338.0321767473,34
795500.0000000005,454246.8236832545,15
104999.99999999997,159275.66649729863,20
235000.0,222796.70343239635,35
149000.0,142376.84218752888,73
364999.99999999977,273525.80865593284,56
827999.9999999997,317261.49164870597,27
297000.0000000002,173600.72118887815,32
44999.999999999985,88568.89536729525,57
989999.9999999992,687399.5510471748,71
717599.9999999997,577539.3921503193,41
220899.99999999994,247909.581053024,12
140999.99999999994,167863.72568222543,29
93999.99999999997,114638.9786370208,57
749000.0,471784.8550744431,90
280000.0,290555.93629214005,90
196230.00000000006,276070.34505798866,39
645900.0000000003,648325.4691586979,79
320000.00000000006,264147.22286490235,53
138000.00000000006,226011.90180748422,47
249999.9999999998,252431.01935838914,31
268499.9999999998,262576.4171044217,32
382000.0000000002,514109.28593709756,88
249899.9999999999,209972.92757842346,22
649000.0000000006,648313.5332948816,88
418000.00000000023,475117.6151027616,15
228000.00000000003,212746.42176205726,32
562999.9999999997,598802.0014838524,71
279899.99999999994,285887.3289772412,56
118799.9999999999,153796.2672798599,83
60000.000000000015,134037.22120329997,66
322400.0000000002,302615.85542105645,32
209200.00000000003,171383.01945387182,4
180000.00000000003,180724.8106500881,67
249000.00000000006,276926.38440584444,31
289500.0000000002,308203.9538354262,73
229000.00000000006,239877.4958379532,30
600780.0000000001,393310.4052140042,12
90000.00000000001,122377.65516227578,53
184000.00000000015,207232.04610872857,72
315000.0000000002,552648.5211966541,74
525000.0000000003,425729.3068234406,88
90000.00000000001,126190.91760604727,12
166000.00000000003,237702.8883780585,39
706000.0000000001,441035.0283775084,41
109000.0,140988.60064455337,6
138000.00000000006,154399.1962160688,72
109900.00000000003,257201.39023166284,12
1145799.9999999995,606926.7295013613,39
490000.0,453523.4065239632,88
244999.99999999997,222741.83509972005,87
218400.00000000006,254602.95473294536,33
354999.9999999998,314895.7797951502,89
549999.9999999998,558354.5744677513,70
213000.00000000015,221285.74177985996,31
348999.99999999994,325601.6252415606,79
276999.9999999998,332512.01899843843,74
359000.00000000023,199520.5482027715,40
385000.00000000023,607213.6960633503,28
600000.0000000003,644663.3567365118,88
242000.00000000017,402575.9036118961,5
278249.9999999999,214114.37414967376,39
180500.0,172447.3006693716,11
790000.0000000003,565414.898268736,3
114999.99999999991,155222.76757588028,67
150000.00000000006,189186.62715221825,80
114499.99999999991,184871.62650808675,50
996999.9999999999,495370.2081615558,79
573000.0000000001,429579.68285435304,87
309000.00000000006,276384.3659503709,12
280000.0,338141.03845664544,89
1194999.999999999,427982.13877976907,79
348999.99999999994,357485.5604900123,56
229000.00000000006,260415.9358132678,22
315000.0000000002,299725.17305870674,0
179500.00000000015,392895.20114009426,80
279899.99999999994,268181.14299382037,32
192999.99999999985,184106.20876939574,32
254400.00000000006,229061.73998695912,44
138000.00000000006,178201.04589413726,45
320000.00000000006,269430.76920029405,65
211499.99999999983,195026.32304448605,58
129000.0000000001,234529.14916094337,3
349999.9999999997,168533.6645883363,77
875000.0,836222.3171645947,71
169000.00000000012,158449.4291725626,83
235000.0,228115.43582743267,35
294999.9999999998,336438.9496499665,6
225000.00000000015,181478.60533563138,85
80500.00000000001,136817.99930701,42
133999.9999999999,187655.76425680434,59
429900.0000000001,312923.57187196997,42
244999.99999999997,273606.3590391802,19
110249.99999999994,164736.7951861136,70
315000.0000000002,420189.2902680923,69
392200.00000000006,224637.93236196568,25
360459.0000000003,360512.825172883,89
158999.99999999997,188318.0404771687,52
620000.0000000005,589863.5738802763,32
90500.00000000001,130401.51041328201,29
565000.0000000003,501113.3927904355,79
1600000.0000000012,869691.70282285,88
127199.99999999999,179357.8905634374,53
125999.99999999993,136235.45626536908,45
38600.0,81388.5305342207,49
54000.00000000001,185823.5554264938,33
440000.0000000002,442062.6465821212,88
172999.9999999999,231607.17847263592,79
215999.99999999985,231311.66296182122,81
49000.00000000002,97995.51910896186,40
615000.0,413970.7544900057,38
145999.99999999997,197621.88896052825,8
309000.00000000006,345995.8801068807,81
291999.9999999998,218460.87894034613,61
420000.0,588904.9289307261,12
405120.00000000006,434055.19992251985,78
89799.99999999994,112811.68577245105,68
90000.00000000001,152579.32169676624,29
374899.9999999999,462680.705704285,29
244999.99999999997,151353.65571520966,36
233500.00000000003,205238.98154745283,25
570000.0000000001,403218.88941251475,12
297999.9999999998,189787.54619315092,56
268749.9999999998,387832.5773414294,60
139999.9999999999,268177.74693108926,79
739000.0000000005,798278.6468375485,12
775000.0000000007,633718.206100199,91
191699.99999999994,289596.5025190967,13
169000.00000000012,156097.65291011817,80
387999.9999999999,521668.7729141286,12
309000.00000000006,365674.49099895876,32
127999.99999999997,171762.70631657922,8
170000.00000000012,195227.0043854526,31
239000.00000000003,160474.07023307413,79
155000.00000000012,214519.9570387642,89
385000.00000000023,530241.5003040398,70
324999.9999999999,246157.31078908689,10
330999.9999999998,488162.83427462936,77
67999.99999999999,153358.79510270865,35
64500.000000000015,95796.31696417385,60
525000.0000000003,564850.885509344,60
649999.9999999995,614886.6942839792,90
444999.9999999997,391071.9576263703,90
491000.0000000004,400225.3340323406,31
173999.99999999997,130982.65206084767,56
651000.0000000001,673513.4463658279,88
339000.00000000023,281010.29750648164,69
75000.00000000004,118305.08284168923,58
540000.0000000001,461068.0976274106,32
166000.00000000003,211832.84639966598,36
392000.0,242249.5803801738,79
710000.0,544356.9826300772,28
171999.99999999988,180207.69154385742,91
238000.0,197278.33950908523,47
194000.00000000006,233354.24134449608,31
430000.00000000023,490874.652731534,87
115989.99999999994,111852.97056202289,20
270000.00000000006,255359.42473204396,90
79000.00000000006,79179.9182945846,35
582000.0000000003,619300.315384769,3
235000.0,358273.6065399839,32
404249.9999999997,363581.8831856644,91
759999.9999999999,749116.314874874,5
217000.00000000012,334754.9206723395,91
299000.00000000006,274279.32177470124,89
76000.0,62141.07308794712,2
354999.9999999998,348136.3915312594,18
237000.00000000003,273755.7496588715,73
255000.0000000001,261296.70929959998,41
261999.99999999994,178593.36380488725,32
359000.00000000023,347800.74899758137,73
541750.0000000002,453627.2315445428,39
259000.0,279227.9947182076,5
215000.0,299013.59520904935,12
424900.00000000006,439336.95404984924,56
198000.00000000006,257941.0956926076,8
136999.9999999999,173592.21023181014,55
186000.00000000012,186019.810461177,61
116999.99999999991,133552.0369189878,47
296800.00000000006,244343.4696252812,17
322099.99999999994,255572.63577934084,32
895000.0000000007,483389.7023371417,29
375000.00000000006,490040.34427388245,71
449999.99999999994,508640.04139261093,71
409999.9999999997,394182.111328957,5
630000.0000000006,591156.8815338601,74
109999.99999999991,139368.4224773192,6
191999.99999999997,248017.0892165077,63
697999.9999999995,603278.7514268256,70
189999.9999999999,195073.1955791686,42
229000.00000000006,266415.6615953333,35
150000.00000000006,152862.97432556475,40
242000.00000000017,193968.98360448368,12
145000.00000000012,219094.64689433307,22
132990.00000000003,159684.7111338657,79
534999.9999999995,527948.7275416172,74
1115000.0000000007,902704.7065545236,71
124999.9999999999,144514.6257970954,25
1024999.9999999995,563025.2328095773,91
459799.9999999999,381765.64188694116,15
700000.0000000006,508096.8614444134,80
379000.0000000002,301656.85010179394,13
46999.99999999999,93442.33597295878,53
349999.9999999997,231364.90181183143,5
116999.99999999991,128452.88132247262,32
229900.00000000006,251265.2494583694,64
315000.0000000002,422565.65192930587,89
139000.00000000003,189652.69650975632,89
143000.0000000001,270189.87405415985,8
204889.99999999983,145149.91205047668,44
158250.00000000012,230222.79407731,68
474699.99999999994,292103.95849130885,13
86999.99999999994,127927.84607429017,77
159999.99999999997,214626.85930929863,89
312999.9999999999,349411.78781468427,33
75000.00000000004,96629.93734759586,82
177999.99999999994,166619.85651903274,57
261999.99999999994,400622.0893627193,53
295999.99999999977,287449.8074927027,31
979999.9999999997,692825.983619659,88
423000.0,386153.9748205608,31
304999.99999999977,224690.73834051794,89
187000.00000000012,261408.2763390357,32
263223.00000000023,254324.62785931426,73
421499.99999999965,425202.69905915845,29
80000.0,107191.40211315766,62
263000.0000000002,212466.57691723152,32
1120000.0000000005,916731.6601998275,5
139900.0000000001,166353.09104955845,15
509000.0000000002,525612.0514369133,90
86000.00000000001,89758.75549238062,85
93989.99999999999,141200.08972243735,75
109499.99999999991,180698.5726019455,2
562000.0000000003,507771.51542691054,71
460000.0000000002,423902.303874291,70
630000.0000000006,761749.11876318,79
68999.99999999997,108348.09061840914,46
718999.9999999999,630002.7266726029,71
265000.00000000006,287114.7170193653,55
181000.00000000006,150916.48578756695,55
416999.9999999998,384252.6975842293,31
199000.0000000001,290620.4730300942,55
185000.00000000006,191136.8954032204,59
84999.99999999996,140990.53398380274,12
142000.0,163077.32810889816,76
704999.9999999995,700396.5603108944,88
228974.99999999983,216145.72019432785,31
759999.9999999999,521570.09438280977,56
188880.0000000001,167305.8402776901,91
780000.0000000001,844828.3647106646,71
141327.00000000006,137231.9666259685,72
321999.99999999994,429875.6984024704,60
800000.0000000005,789021.9737172107,71
244500.00000000012,264761.85215011047,14
699919.9999999997,499586.73936649214,24
149800.00000000003,200326.26431260555,13
246750.00000000006,192375.54134766487,87
133000.00000000012,178251.94685726226,28
211849.99999999997,221477.44397009202,91
312999.9999999999,247099.9598767971,39
244999.99999999997,151853.8016713416,10
159899.9999999999,172497.48750948982,62
167999.9999999999,199881.5417638898,1
435000.0,743449.8535691528,5
866000.0000000003,886847.5209068054,71
199999.99999999997,151356.69110843286,67
179900.00000000006,119771.77981237373,77
674999.9999999998,759305.7385272778,88
90800.00000000004,142566.64068547706,32
304900.00000000023,279717.90707804315,32
590000.0000000003,544450.6992539932,29
294999.9999999998,207491.3715942801,12
247500.0000000002,244322.29652926893,32
199000.0000000001,211438.5157059754,62
892499.9999999995,469930.17254988325,13
309549.99999999994,209819.00744020773,1
399900.0,406107.00860385026,13
360000.0000000001,255524.16020624404,8
270000.00000000006,177095.58844880812,72
70416.0,65034.494231432174,34
249000.00000000006,310757.87594086904,89
179920.0000000001,202938.0569164123,68
229499.99999999997,213175.73078572666,60
460000.0000000002,370074.2669349135,35
231000.0000000001,230802.84307683774,32
464200.0000000003,338983.62439523824,28
139000.00000000003,131374.74819261246,7
513999.9999999996,285204.03188924055,79
240000.00000000003,254361.96058454356,0
881999.9999999999,648779.3246505493,88
99000.00000000004,72030.00775134533,21
409999.9999999997,621218.2363943969,65
540000.0000000001,516460.79540446395,74
240000.00000000003,213058.39606624105,35
280000.0,225306.60675490357,74
126999.99999999991,160330.05359520507,20
106000.00000000001,94734.7223318894,48
156000.0,188063.804452984,77
199999.99999999997,224597.23424875777,41
167000.0000000001,183550.56378869165,33
171199.99999999985,186007.62433306122,32
174399.99999999994,130087.47326769457,22
360000.0000000001,166622.3221286051,83
249899.9999999999,346404.19616527285,69
1550000.0000000012,763723.7444614866,90
210999.99999999994,139426.15769086516,11
291224.9999999999,222690.02399054772,75
1474999.999999999,586011.3528847403,70
152499.9999999999,193821.81637774408,90
179900.00000000006,310950.3161587111,31
121900.00000000009,122733.91765374261,32
398999.99999999977,248068.1611666866,68
196000.0000000001,216625.19041014163,22
158999.99999999997,167827.67663120164,64
227000.0,240570.4822446207,80
362999.9999999999,315186.1174436097,15
509999.9999999998,383172.5051781424,65
288999.9999999999,225888.73154394145,74
164900.00000000006,169846.66587386583,89
1110000.0000000002,808349.7613698681,31
1140000.0000000002,766955.6635734353,28
344999.9999999997,388639.8814798124,32
86000.00000000001,154307.57252671904,72
800000.0000000005,612312.939161628,88
455000.0,351630.7222183231,85
1279999.9999999988,687859.3827136005,70
211879.99999999997,184679.45448235926,91
148000.00000000015,188906.0757813697,91
87999.99999999996,99254.7093285555,48
134999.99999999997,158850.3607803363,32
194249.99999999985,275647.9881970661,39
995000.0,772349.9903755522,71
599000.0,593605.6395774028,90
399999.9999999999,283492.41331197,12
64999.999999999956,125746.09616212752,40
599000.0,569907.0177120136,79
395000.00000000035,419462.44426572195,71
250999.99999999988,203632.33190373305,55
131999.9999999999,136422.46826361978,55
159999.99999999997,233570.69784222575,30
118999.99999999993,158315.78856605184,79
590000.0000000003,559721.6729981106,31
95000.00000000001,112979.91513070249,7
157989.99999999997,142622.57848415742,57
416999.9999999998,399862.8509654372,31
511899.9999999996,513600.91787863534,91
525000.0000000003,520258.18276147975,18
283000.0000000001,246244.74404217888,12
269000.0,282582.8796474635,87
496500.0000000001,276045.78284693946,29
126500.00000000006,162275.721302856,77
1638999.9999999988,796388.2549357981,31
489250.00000000006,328037.87196281296,32
259000.0,223437.36407177316,32
389000.00000000035,418477.40449380124,89
420000.0,485710.3437926889,71
789000.0000000007,621595.6121612198,79
915000.0000000002,995229.5577330117,71
284999.99999999994,291328.12110519607,87
43999.99999999997,85877.63128056578,19
1139599.9999999995,886446.0489387567,5
284999.99999999994,399817.1345467743,29
452000.0000000001,412297.1520588171,89
161800.0000000001,184969.25708278117,91
156000.0,194738.62065454674,74
213000.00000000015,205758.10979629663,31
649999.9999999995,498386.4478419588,38
278000.0000000002,311614.6520619039,89
974999.9999999999,499352.0211793206,76
155149.99999999988,165650.39602272928,55
214840.0,192796.79730669083,33
276500.00000000006,301650.68846028554,75
171582.9999999999,186826.00120080108,26
135999.99999999997,156411.79956771716,47
167999.9999999999,150582.05075448248,44
219999.99999999983,227864.5300231535,22
288999.9999999999,277354.2095975531,59
213000.00000000015,317126.44894378394,31
304499.9999999998,189491.39766187937,1
288999.9999999999,234938.87802964723,10
187000.00000000012,133605.87286871663,55
741000.0000000006,871109.4818925917,71
477000.00000000006,401044.201190737,32
420000.0,389125.52224753407,47
244999.99999999997,264718.59066922776,60
827999.9999999997,749950.9080192931,79
293000.0000000001,281560.33761554165,13
199999.99999999997,214125.74538251327,65
81000.00000000007,236485.52136119784,62
400999.99999999994,395680.4125057168,88
259999.9999999998,257690.61122194916,15
337999.99999999977,368097.4994501457,70
261799.99999999994,338106.8167381711,31
129000.0000000001,111490.45120419441,44
342000.0000000002,414268.31161306426,71
215999.99999999985,216122.472172281,31
200999.99999999997,232173.23542741785,41
169000.00000000012,167579.52020797986,15
264499.9999999999,268297.8364133942,35
289999.9999999999,332117.5304645335,55
876750.0000000007,511028.42730199575,15
415000.00000000006,370082.28839208983,71
129000.0000000001,145178.94598372484,55
280000.0,296091.69639442547,79
205000.0,212905.92993207698,63
289999.9999999999,368975.61484750616,6
89500.00000000003,75147.57988997278,82
206999.99999999994,315248.76913933735,63
645000.0,255117.32243169972,27
495000.0000000004,447200.4002261852,81
209900.00000000017,209657.42588398675,76
287000.0000000001,241381.41085283263,87
347800.0,335720.78884507687,89
530000.0000000003,527994.6003851406,71
177000.00000000006,138962.4287350489,25
265000.00000000006,246375.3693437572,31
70999.99999999994,81461.88430922582,48
597999.9999999998,382985.49580177537,22
425000.0000000002,437879.4591493917,91
654999.9999999995,380369.16813683667,41
651000.0000000001,421339.1101110129,52
890000.0000000002,718145.9290181248,29
127950.00000000007,193417.27348395146,14
816999.9999999993,733556.7531681696,79
139999.9999999999,174152.27424106363,80
138000.00000000006,91126.77132209325,85
217999.99999999988,208745.27051959705,31
249999.9999999998,205859.2851363394,24
289250.00000000006,268188.66847448435,42
488000.00000000035,255868.46595611944,19
474999.99999999977,442652.43555390375,88
356999.99999999994,269152.2021824901,32
320000.00000000006,326746.95746100094,35
270000.00000000006,193412.72552627884,58
129000.0000000001,122711.29242158087,36
729999.9999999998,632743.6753516218,90
1270000.0000000002,735007.3033198433,28
700000.0000000006,429409.4993056673,36
139999.9999999999,208228.21780594226,10
310000.0000000002,329814.80077746673,55
108000.00000000001,104167.13378501582,68
276999.9999999998,252398.36109100992,33
360000.0000000001,343113.8592686112,29
349999.9999999997,300781.28046148404,5
339000.00000000023,414289.491825771,89
399500.00000000035,393695.78983764816,31
415000.00000000006,440880.9800296847,71
455800.00000000035,470881.6664354755,52
306799.99999999977,215416.81278923547,20
339200.00000000023,153490.32928945543,28
1009999.9999999992,1106070.363459425,71
175000.00000000012,265105.954011054,5
687000.0,600088.5314507498,79
1340000.0000000002,903155.6000946773,28
188000.00000000012,164238.95482525873,17
109000.0,120112.03086475658,24
637999.9999999997,525956.0832657613,79
188999.99999999988,145018.4072082732,34
395000.00000000035,327986.2859103969,69
465000.00000000023,424004.8974814081,31
244950.00000000015,202512.38372400156,79
588000.0,240878.90858526624,25
172999.9999999999,223541.97480284417,57
90100.00000000001,161416.02276856452,58
218999.99999999988,159608.34463584318,62
90500.00000000001,140494.33247406507,29
179500.00000000015,243874.82626123086,22
1298999.999999999,1357145.173246335,71
269000.0,224476.02382151588,83
225000.00000000015,274568.7324202435,12
725000.0000000006,490196.5478723388,62
388500.0,307185.18519837694,13
239499.99999999983,254393.4705390208,24
210000.0,200060.7296327649,53
420999.9999999998,360326.4202459253,70
310000.0000000002,336931.0849607081,71
599000.0,505802.0677846816,70
390000.00000000035,302220.5828763637,12
371500.0000000003,410057.55169066915,71
360000.0000000001,428424.8626493969,30
255999.99999999985,289384.40723109234,90
286000.00000000023,281477.8329855186,56
199999.99999999997,166472.9851091731,67
229999.0000000002,261433.348786151,83
549999.9999999998,535109.6175940541,65
315000.0000000002,415869.8688871393,88
134999.99999999997,162141.5019028753,12
208999.99999999988,332797.84777809196,87
199499.99999999994,273778.79402011406,60
239000.00000000003,308987.3854886672,79
194000.00000000006,192016.09067786566,36
241000.00000000003,226713.3278510625,85
299000.00000000006,312434.10235702683,19
318000.0,215844.49717807528,55
248000.0000000002,295107.6599394478,29
209499.9999999999,175386.4069672146,78
137800.0000000001,150302.24292565716,59
177799.99999999994,190142.40439263554,72
84999.99999999996,150652.33882745026,6
353600.0000000002,289000.4887802009,4
49000.00000000002,147977.0795568526,34
387999.9999999999,254356.10097651882,26
354999.9999999998,568864.728590443,88
291999.9999999998,262707.49524299963,87
195000.00000000006,179895.87805757375,12
368420.9999999997,442435.0932103968,25
109999.99999999991,119902.37215888189,62
228000.00000000003,169214.36154145963,56
117600.00000000003,177415.07508107068,29
199000.0000000001,240435.7941197413,5
719999.9999999995,680699.0118018206,88
249999.9999999998,178556.403101169,78
242000.00000000017,172970.78116341995,56
169000.00000000012,193044.95690685397,0
359000.00000000023,351002.07111645705,5
775000.0000000007,664828.9694950812,90
604999.9999999998,534744.1928175403,90
116999.99999999991,140211.64148519398,28
239000.00000000003,385267.7993531457,24
478399.99999999965,446515.9462659183,33
977000.0000000008,798589.1602707886,79
166384.00000000006,236503.33537592198,22
158999.99999999997,186183.4810976922,65
1185000.0000000005,583852.5831013409,74
319000.0,455392.70252910216,89
210000.0,204364.3067483142,31
114999.99999999991,167547.56690946454,29
697999.9999999995,688710.7435271161,65
161000.00000000006,222928.34715427842,38
299000.00000000006,192060.0945450795,32
90000.00000000001,189269.98049914668,38
186000.00000000012,184372.36145653424,78
221999.99999999983,290150.6612075923,69
263899.9999999999,179800.2739388891,29
364000.00000000006,506780.57072257565,71
149500.00000000012,224812.08127703998,32
257000.00000000015,216932.73531174968,38
124899.99999999993,229311.36885291938,31
64400.000000000015,101860.03433381315,57
109999.99999999991,157613.3063717959,81
787499.9999999994,789430.8989466239,88
649000.0000000006,689995.6699197086,80
364999.99999999977,444201.39767594635,31
162180.0000000001,212903.56495366426,27
880000.0,641405.5940636824,32
37000.00000000001,88419.10595574767,42
126990.00000000003,170580.56277373055,39
212000.00000000017,240441.89230542092,32
830000.0000000005,757325.794331618,90
269000.0,213009.5038674214,80
146999.99999999988,145308.58093984151,14
299000.00000000006,319791.98565420153,29
235000.0,222447.74337527808,87
376999.99999999977,323721.14268461557,74
287999.9999999999,330034.59073658154,19
229000.00000000006,280170.6426927129,56
149500.00000000012,250103.2632967743,56
229000.00000000006,205210.93394382796,29
127400.00000000004,209117.07482340056,12
409999.9999999997,382099.5895739991,71
219999.99999999983,165330.714091915,68
254499.9999999998,203859.4312550835,80
135999.99999999997,213849.64740981374,48
304999.99999999977,255252.96159204686,79
189999.9999999999,195164.31093221338,73
229000.00000000006,253659.1441456312,91
229900.00000000006,275741.2375827113,15
227900.00000000006,213726.63535814706,70
334999.9999999998,340463.3468411805,73
116000.0000000001,117987.54234079696,82
435000.0,384285.52317096974,5
769999.9999999997,635215.8881936413,60
211499.99999999983,151369.7643840363,24
319000.0,286173.6437749134,77
169000.00000000012,145122.51363501046,51
509999.9999999998,495811.72663478024,71
158999.99999999997,193579.97753438255,34
229000.00000000006,242753.51204459197,70
498999.9999999996,306692.9257834925,62
399999.9999999999,281513.0787381116,91
566000.0000000005,368855.5883284101,32
729000.0000000003,495653.2222628031,32
1210000.0000000012,642155.7006870287,5
118000.00000000009,256174.9118433491,77
299999.99999999977,279138.7412926367,32
1329999.9999999998,1080991.1611904402,88
1575000.0000000002,637407.6218189164,12
120499.99999999996,182189.23420137016,55
249999.9999999998,228148.74252570144,25
433999.99999999965,411918.16304298776,71
1048499.9999999993,729808.1791515922,90
275000.0000000002,221549.38495247354,72
759999.9999999999,772413.4145718715,79
119214.99999999996,98915.08202789792,39
339000.00000000023,267737.7292161942,62
455000.0,308384.4283751777,86
645000.0,612155.150007559,12
377749.9999999998,291667.28437520156,82
170000.00000000012,174160.80561358185,74
342000.0000000002,340099.9702063889,73
454000.0000000002,434711.64667092444,89
127999.99999999997,228612.10334693204,12
385000.00000000023,314463.1878316491,24
248354.0,221599.01762434197,47
139000.00000000003,214300.13638649735,5
1179999.9999999993,589977.9649554141,32
255000.0000000001,358872.7704001655,70
169900.00000000003,348630.8111809338,33
156000.0,137762.14768727217,53
348600.0000000001,398657.72832074214,89
100389.99999999997,117802.23326383582,55
448999.99999999994,395202.6453702666,80
134899.99999999988,126390.81308540223,83
498999.9999999996,260872.23624832154,32
487600.0000000004,221853.474577045,5
49500.0,84854.05559553506,21
109999.99999999991,104849.97167591054,72
186618.00000000012,187482.68902964174,35
455000.0,441190.4827831557,71
395000.00000000035,371846.2602531125,41
229000.00000000006,195629.79853020696,91
166000.00000000003,175727.43040408392,72
116599.99999999991,133566.57330401585,64
210000.0,206539.35226503445,89
337999.99999999977,207632.4015364058,15
99000.00000000004,150512.6278000328,28
341699.9999999998,343073.0900253536,88
530000.0000000003,523092.1273690276,28
188500.00000000003,185962.91548768643,58
344999.9999999997,276084.49146706495,58
594999.9999999997,613532.7876295734,31
217999.99999999988,213078.69382739387,73
77500.00000000006,176003.30930310785,1
194000.00000000006,159950.1724018914,27
275000.0000000002,260251.33104343756,5
28000.00000000002,94707.75684569188,49
304999.99999999977,321205.36884504533,0
401079.9999999998,358951.7054353698,70
129989.9999999999,98260.67382052641,85
124999.9999999999,186261.72948423863,48
400900.0000000001,447549.97939072986,78
484999.99999999965,502753.55852066784,88
98000.00000000003,110551.80789848162,67
364999.99999999977,535129.6290333768,49
323999.9999999999,432977.11089056684,15
509999.9999999998,408346.7145232364,52
495000.0000000004,517105.4677264205,31
243000.00000000003,238236.1458592161,70
134500.00000000006,107749.62823864433,77
208650.0000000001,282901.69914663234,87
104999.99999999997,132615.7830678126,32
449999.99999999994,350538.792101892,8
155149.99999999988,181216.3381471978,20
264499.9999999999,175541.70369667996,42
267500.00000000006,243086.37110729743,71
106930.00000000007,173963.68532336666,42
225000.00000000015,262130.5412098347,5
320999.9999999999,495515.79366837034,89
235000.0,207613.01761977546,70
607999.9999999998,467447.83217035234,73
272999.9999999998,357617.43277353235,70
269899.99999999977,296021.85477427475,70
435000.0,795100.5352886885,5
1018499.9999999994,481542.053485557,52
235399.99999999985,210915.79394777672,22
749999.9999999998,650154.582149526,18
440000.0000000002,482127.3747461115,5
463000.0000000004,439332.8781000954,73
57000.000000000044,100595.438215562,22
156499.99999999985,191255.27693857616,82
898560.0000000007,561284.4818731789,43
131950.0000000001,153462.16903763663,39
148730.00000000012,180769.21240170434,29
299900.0,272802.1854768503,32
364000.00000000006,378944.0734605318,5
249899.9999999999,463155.6073384187,12
84999.99999999996,114840.21246760193,24
509999.9999999998,404005.2218969974,52
324999.9999999999,277659.6649413907,26
208000.00000000003,204173.9564924865,8
237000.00000000003,273633.20260627766,72
321999.99999999994,451340.1800624348,88
184000.00000000015,172262.12171620197,25
213000.00000000015,291183.7094921117,12
178999.99999999994,180532.7026371478,53
162000.00000000012,236470.03325190666,55
940000.0000000006,989966.6394912836,71
590000.0000000003,528354.0077314221,31
199999.99999999997,567274.2607650312,79
85500.00000000006,121356.82281368047,46
205999.99999999988,256220.0123349262,12
67999.99999999999,100667.22403566276,67
333199.9999999999,470407.8263762578,89
297999.9999999998,296143.2439493119,12
138000.00000000006,161025.51968092783,35
228000.00000000003,237652.66808105935,10
352999.9999999998,369026.6097983263,73
568999.9999999995,571735.1887395141,65
669999.9999999998,730109.856345619,90
249000.00000000006,226736.55847836361,67
269899.99999999977,224154.92096523035,28
144000.0,196645.93596429838,44
428000.00000000023,529322.5067762255,89
529000.0,498061.7313583632,0
440000.0000000002,423158.19652227976,71
171000.00000000012,208845.1971226127,77
110500.00000000001,88452.14658452,55
413000.00000000006,230005.53117181605,55
213000.00000000015,249042.85590224096,17
332000.0,307836.8300311734,5
134999.99999999997,162438.11949570605,79
414000.00000000023,264819.8832441058,79
283000.0000000001,352152.0383309203,80
364999.99999999977,368491.29369902756,88
178999.99999999994,150496.52287831096,9
407000.0000000001,546408.1557264602,70
1640000.0000000002,1322683.3775309727,71
1454999.9999999988,884532.1349205357,80
273699.99999999977,303111.0525882282,88
468000.0000000003,417887.53148282104,32
189999.9999999999,154820.47892558738,40
205000.0,237104.78094651585,0
145000.00000000012,184664.9773474559,18
809999.9999999995,753503.6738263626,12
998999.9999999995,898083.6904147465,74
275000.0000000002,256163.2159596354,87
219999.99999999983,205099.15812236734,0
739579.9999999997,386898.1400287444,45
289999.9999999999,267354.09504870354,12
377999.99999999994,428367.4977609032,74
275000.0000000002,304026.19197984185,56
271999.9999999999,298218.3282584651,33
66800.00000000004,136016.96770327352,20
441000.00000000006,309550.2474955902,29
395000.00000000035,430214.4701086847,18
233955.00000000017,175147.37166653006,57
104999.99999999997,170544.6085537766,12
667000.0000000002,703868.423748838,12
80000.0,86453.01040298365,86
379600.0000000001,270715.1919073539,82
432989.9999999997,481769.701881041,62
288999.9999999999,253085.1164948714,70
162999.99999999988,252709.45330191203,33
490000.0,522732.3309826284,71
463600.00000000023,473109.76217023836,70
127500.00000000001,126840.06012532201,55
362899.99999999994,334161.4484477646,89
313500.00000000006,255739.63036092365,4
1495000.000000001,1255966.2079021458,88
281999.99999999994,240523.44756890644,72
217049.9999999999,234827.90480400473,20
575000.0000000001,396642.99193002086,70
134999.99999999997,209019.87942742897,29
257000.00000000015,225857.16720060573,24
433999.99999999965,555913.4604953129,12
233000.0000000001,238538.57376160027,73
243000.00000000003,291143.7942237872,56
1090000.0000000002,867638.5984778351,90
498999.9999999996,681688.4296304816,79
188999.99999999988,199037.4691737409,80
273999.99999999994,227519.84226582875,24
125600.00000000009,127149.35766690582,15
343999.99999999977,427173.760827722,22
449999.99999999994,279559.35031969467,60
171438.0,221665.7892968124,91
369999.99999999977,261952.57689004712,28
100000.00000000004,155064.39755450978,72
129000.0000000001,136042.87896535682,32
710000.0,678393.6865001698,90
118999.99999999993,192898.93708820376,61
655199.9999999995,730714.2544927106,88
225000.00000000015,115408.66160584828,42
95999.99999999996,201568.80316867228,10
151000.00000000006,146251.34934967052,35
438959.99999999994,449238.5375214243,81
789000.0000000007,762714.7391918726,71
272999.9999999998,412118.675686951,28
217980.0000000001,304094.32682393346,27
214000.00000000017,133007.16733346492,55
335499.9999999999,160840.82701636315,20
230000.0000000001,360304.02963632654,89
759999.9999999999,695948.1912966776,88
246399.9999999998,201492.15064084117,47
250560.0000000001,309264.13921992894,91
385000.00000000023,454922.6184765349,56
238000.0,172112.30557070085,76
171199.99999999985,91908.44046513885,22
396999.9999999998,366914.34312229214,12
435000.0,424400.030876226,87
913999.9999999998,605504.8786275478,90
131999.9999999999,139635.54956784565,26
362999.9999999999,354634.08200055826,82
388500.0,255809.22547805897,38
475999.9999999996,434443.00838089513,65
1490000.0000000002,1290044.6525623214,71
330000.0000000001,410817.78822355566,56
739999.9999999999,579730.8228648449,90
339000.00000000023,404208.52849989105,87
223599.99999999997,261823.79500525235,49
122000.00000000003,166506.25824839194,79
929999.9999999993,573383.9085195218,89
524500.0,402049.2558871305,71
198000.00000000006,283644.080389898,24
575000.0000000001,499429.92122590286,80
86000.00000000001,98228.41330817579,72
244999.99999999997,266752.08367146435,89
148000.00000000015,144377.66821893863,21
346000.0,453524.3783957535,13
210000.0,218645.673925484,89
339000.00000000023,465639.3500364853,5
315000.0000000002,193793.47671688203,11
363699.99999999994,410248.4966881805,13
780000.0000000001,709235.4240313126,31
332000.0,433644.5734070919,32
133000.00000000012,191508.96453492568,60
73999.99999999997,136352.63229680367,68
925000.0000000007,767461.7275241752,71
608999.9999999999,540496.5525552153,29
449999.99999999994,409157.59768413514,73
488999.9999999996,451988.5411296763,65
1249999.999999999,767328.8516901319,71
369999.99999999977,309320.34592957905,62
376899.9999999999,270901.70695403905,35
167499.99999999997,210258.8872256845,85
95000.00000000001,70417.92714135005,85
109999.99999999991,198424.56905830404,62
485999.9999999996,377457.92660129844,71
925000.0000000007,909931.4381661565,79
741000.0000000006,800240.0791719899,88
238499.99999999985,208983.22861455486,15
199131.0,225682.42946904097,89
265000.00000000006,411262.5851364968,61
116000.0000000001,185097.3221589486,39
585000.0000000003,513685.5747392646,74
219999.99999999983,213713.90677482198,56
283000.0000000001,203265.7187453985,73
228360.00000000006,285709.38101889944,45
279000.0000000001,299752.98363012326,71
240000.00000000003,334845.72717512754,91
425899.99999999977,366496.0717749726,90
181899.99999999988,111990.00054831491,14
899999.9999999995,885059.1266198182,18
197900.0000000001,260483.96038755187,25
590000.0000000003,452737.7502932763,36
219999.99999999983,287839.99450003,28
294999.9999999998,383268.0531419947,10
284999.99999999994,208876.2404144508,43
37975.000000000015,73868.84039361651,68
334999.9999999998,372220.63242396154,73
225999.9999999998,219900.57405817145,40
134999.99999999997,201705.2326971392,48
178999.99999999994,168666.56585924674,35
217999.99999999988,243426.45260968863,32
1495000.000000001,1143188.6064291992,71
704999.9999999995,657040.8180664607,88
76499.99999999996,93698.35798933207,85
340499.99999999994,405114.9440187248,73
139000.00000000003,220773.0689188637,29
695000.0,685137.0879506858,90
235000.0,203939.66702768885,73
480500.0000000003,440803.3323867727,31
85500.00000000006,129216.41641224496,21
695000.0,478798.07034799986,90
372750.0000000003,302873.45618898136,55
210000.0,201994.78528434728,72
169000.00000000012,225017.606368205,32
37000.00000000001,82776.50659488323,77
155149.99999999988,259756.24587540078,14
210000.0,191402.77773189318,61
654000.0000000002,584489.1831793406,88
580999.9999999998,479741.2225815073,90
238374.99999999985,210200.16202948068,42
175900.0000000001,205751.50105375843,26
610000.0000000005,577793.7983211069,74
189999.9999999999,201900.4359569704,73
530000.0000000003,481167.36622338474,65
240350.00000000012,265884.04783304455,41
926999.9999999994,441908.3688407573,20
198000.00000000006,265623.62477197964,28
689999.9999999995,699615.4300537988,91
161000.00000000006,230468.33590496622,60
532000.0000000002,298121.66677518166,70
567000.0000000005,374501.11460434203,78
264000.00000000006,218551.69581101686,12
150000.00000000006,154390.5223676744,4
278000.0000000002,271697.3075117772,74
153999.99999999988,247742.52014117537,32
369640.00000000023,359005.183516253,79
329000.0000000003,259464.786627657,64
294000.0000000001,299837.8176065313,15
261999.99999999994,305083.5169316549,88
1499999.9999999986,585312.5406873607,12
540000.0000000001,576704.4639122478,88
348000.0000000002,297613.32849014865,28
177650.00000000015,187667.7843072315,32
326000.0,380876.32043880114,88
210999.99999999994,238680.83865159377,13
84999.99999999996,87959.78266579754,21
185000.00000000006,192194.1937391259,79
125999.99999999993,169154.8284376555,58
190799.99999999994,260068.3398123311,88
461999.9999999998,384532.47399550414,13
259000.0,226736.59473128608,32
495000.0000000004,591754.8439291468,28
229000.00000000006,196591.97148563233,13
270000.00000000006,231293.6426894963,33
113999.99999999996,196839.8891966804,55
95400.00000000003,88175.4507213003,14
75000.00000000004,81849.78503635763,19
49000.00000000002,108597.83252613952,56
310000.0000000002,225352.40586230246,69
289999.9999999999,263263.9581364292,15
342000.0000000002,359029.0659834128,25
590000.0000000003,619578.4224339981,79
1050000.0000000007,512561.1598140235,12
206999.99999999994,285952.39895149454,37
153992.0,287208.6886060838,32
259999.9999999998,301481.70362017676,70
155000.00000000012,143150.63995173783,24
150000.00000000006,185511.24294586497,29
399999.9999999999,284422.66708872456,32
210999.99999999994,172174.95201232008,79
183000.00000000012,205744.56962581843,82
339999.99999999994,309959.4185564049,52
365999.9999999997,341609.41698254895,70
490000.0,464928.47509189846,71
1400000.0000000007,930036.4101676847,79
288999.9999999999,251863.21229646896,53
343000.00000000006,243520.3411305531,22
228974.99999999983,208089.15128802962,44
84999.99999999996,164026.67523334993,76
84000.00000000003,128675.9340559466,37
495000.0000000004,691617.4040179357,88
54200.0,84380.31562306649,35
228000.00000000003,349532.3069132385,28
126999.99999999991,200656.51202767345,66
160500.00000000003,226560.20753896364,14
217300.00000000003,270325.0895586093,29
749999.9999999998,354987.1262748712,22
329000.0000000003,326648.1680488029,71
134999.99999999997,205994.0022936391,91
1299999.9999999993,797072.144567547,12
262500.00000000023,233729.6047562344,22
499990.00000000023,532205.2974754778,71
173999.99999999997,258687.1662056553,80
124999.9999999999,155406.08677171802,29
186000.00000000012,197902.99343781627,87
397999.99999999977,327983.0406455851,79
426000.0000000002,216566.07537983832,28
133000.00000000012,97591.90973772443,10
398999.99999999977,256183.34672340105,46
324899.99999999977,464894.2517178234,5
549999.9999999998,397780.94346044253,12
297000.0000000002,279898.3828724256,91
359000.00000000023,269226.75943576195,33
369999.99999999977,332176.84726244886,38
96999.99999999999,243533.79566051028,5
125999.99999999993,117886.72704463982,69
364000.00000000006,205151.38937562704,74
189900.00000000015,240349.65306685233,89
249000.00000000006,230797.59306402292,73
371000.00000000006,444341.3596270303,88
131999.9999999999,158147.34412352642,72
228000.00000000003,158023.73821147613,53
199499.99999999994,222812.31644231014,38
116499.99999999991,185181.68224648156,69
243800.0,221565.6387324514,22
338599.9999999998,349704.4186397929,18
435000.0,432893.50971102365,87
1090000.0000000002,755408.6111028752,79
84999.99999999996,112502.3746080286,8
1290000.0000000007,1110231.8900526895,88
611400.0,559272.0522833515,90
319899.99999999994,274994.3197857714,9
200999.99999999997,235774.8434950173,32
630000.0000000006,332948.94313678576,5
249120.00000000003,293880.4299953066,68
249000.00000000006,243102.02607157876,56
297999.9999999998,251813.66557352047,60
199999.99999999997,220746.75303176642,91
122925.00000000009,119672.3548160343,75
214000.00000000017,188756.7863284331,60
261000.00000000012,239863.87283400196,70
497120.00000000035,429113.2628484296,74
409999.9999999997,498518.9058281898,28
95000.00000000001,89542.12163803124,85
242122.0,284546.2003192177,73
1190000.0000000002,697659.1548738967,77
360000.0000000001,350430.28072021867,74
86000.00000000001,108868.20180404917,68
55499.99999999996,173508.94060344904,68
850000.0000000005,393875.65139265324,42
658999.9999999997,330839.8901385424,15
128199.99999999996,124842.18891576676,55
254000.0000000002,223549.73993576076,79
232399.99999999988,153271.70493864865,68
468999.9999999998,301980.58828446956,32
189999.9999999999,197031.32920440205,12
422000.00000000006,533312.3991398418,28
229499.99999999997,219788.04583027077,59
320000.00000000006,322176.6596545464,41
279575.00000000023,311576.199551458,26
112999.99999999993,153139.50254272643,1
159999.99999999997,205804.09561808317,17
214000.00000000017,183953.09925031342,1
195000.00000000006,355717.94953514263,32
395000.00000000035,248365.48257755686,79
321775.0000000002,309225.51286581066,29
585000.0000000003,454125.0644225144,31
235000.0,178752.7934630527,41
75000.00000000004,94645.21403046802,32
188999.99999999988,231009.86759535302,56
124999.9999999999,84420.00870129435,86
231999.99999999997,198438.81323977406,20
441000.00000000006,412504.2076470413,29
336000.00000000006,351461.6303003406,29
297999.9999999998,256032.77253181225,5
637000.0000000003,515042.7364649346,15
491000.0000000004,378139.91200313484,88
241000.00000000003,178905.60280741117,79
698999.9999999995,457674.29447991913,73
116499.99999999991,162803.59668967978,76
312000.0000000001,315059.7448452372,58
162999.99999999988,169457.8083797042,55
175000.00000000012,219949.6190750582,10
1450000.0000000002,1135257.4501268181,71
187500.0,201258.16142392665,63
107000.00000000003,190632.45850932726,44
780000.0000000001,601447.5796661449,88
269000.0,319391.7538816962,87
832000.0000000006,818011.3133571566,90
674999.9999999998,526173.7750934522,0
494000.0000000004,455301.3087737347,5
254000.0000000002,244359.774925836,13
304999.99999999977,226696.30174997618,89
316999.9999999999,320977.93183893134,65
159999.99999999997,136595.505504231,11
530000.0000000003,438009.77309535554,74
221000.00000000006,193264.67388016015,79
397999.99999999977,337072.28431844886,70
390000.00000000035,436042.7466983496,12
146999.99999999988,182244.78952245286,74
310000.0000000002,388426.4638341872,5
98000.00000000003,141615.55845136847,14
188999.99999999988,191048.04910400827,13
210000.0,349786.65131990815,69
348000.0000000002,264479.48318791395,5
154600.0,237996.3030546299,81
275000.0000000002,231753.85262544482,91
418999.9999999998,383493.51930836897,71
148000.00000000015,151129.89089181757,73
271000.0000000002,453912.8693734651,61
739999.9999999999,539259.6829330651,87
1200000.0000000005,910232.6348862807,79
405000.0000000001,413938.73612612684,70
199499.99999999994,248615.6525519143,2
235000.0,266049.84767230967,81
426000.0000000002,358886.13578251714,79
432000.0000000001,423744.5777190075,73
255000.0000000001,240513.1402009944,43
267000.0,293259.84306297184,15
686399.9999999998,541060.2202566906,71
330000.0000000001,262985.44070372917,65
270000.00000000006,332273.6158556712,56
709000.0000000002,652477.4905802073,91
208999.99999999988,238367.80578241186,21
155000.00000000012,221500.2642203689,58
55000.00000000004,102594.42909920774,19
219999.99999999983,226607.43528960526,89
245575.00000000015,233476.92657368444,30
211529.99999999994,285867.46364647814,29
399999.9999999999,406467.8886485623,80
785000.0000000006,770230.1763750361,88
446999.9999999999,636681.6695656221,88
337999.99999999977,343885.11201706505,70
364000.00000000006,357330.3057399272,73
315000.0000000002,264082.8405054954,36
174499.99999999994,206200.0016283152,25
475999.9999999996,346878.31251407386,79
231000.0000000001,187300.6143754114,22
294999.9999999998,354755.0110177365,12
1600000.0000000012,797555.728420008,18
233199.99999999994,144234.13132076815,11
261000.00000000012,191202.95405030274,32
385000.00000000023,496014.43326904235,5
125999.99999999993,200225.05705272424,55
229490.00000000012,279613.9794185574,12
139000.00000000003,185648.2496786734,79
92000.00000000007,106436.10782469754,44
448999.99999999994,265397.5721744235,0
76999.99999999997,101094.4543868725,20
189999.9999999999,155618.05337364232,59
79500.00000000004,105069.39919558138,76
492999.99999999965,373446.248461287,65
1150000.0000000005,746240.0787693373,79
90000.00000000001,139846.18028479576,72
247336.99999999988,211132.53544058063,15
149200.0000000001,265426.9758617962,81
950000.0000000008,899780.5828789228,71
433999.99999999965,415430.13663706597,44
136500.00000000006,204218.3845594586,89
1099999.9999999998,416703.9695843686,85
540000.0000000001,618875.8691155888,90
165000.00000000015,414127.77373591915,20
181049.99999999985,136961.88281122627,39
95999.99999999996,195666.21458476208,89
1080000.0000000002,720692.9677968691,80
124999.9999999999,168101.4298623758,87
162999.99999999988,199622.72292400175,81
244999.99999999997,184984.78879345578,36
334999.9999999998,492607.58604576014,13
261999.99999999994,280059.21062711446,5
124999.9999999999,152116.38995958515,79
544700.0,466721.82916760526,81
416000.0,361103.5898001415,74
398999.99999999977,408942.50269745756,80
194900.00000000006,212618.56635335227,29
1429999.9999999995,1135656.1431424338,71
196000.0000000001,192150.58077083403,28
956999.9999999998,467152.4570008668,74
121000.00000000003,154728.1953529735,75
49000.00000000002,102365.64335557012,16
229000.00000000006,321456.8879186406,79
287000.0000000001,270150.21398512414,22
244999.99999999997,280897.5777349355,31
167999.9999999999,163641.2228461844,79
178499.99999999985,191813.99128169875,63
594999.9999999997,448402.9462238331,65
329900.0000000001,374383.6464061035,90
135999.99999999997,163678.00325780798,36
474999.99999999977,509971.52670948976,71
85500.00000000006,106906.96789425149,75
175000.00000000012,160353.02652608367,53
191999.99999999997,219511.83480827184,65
502391.9999999998,701918.7857989853,60
185000.00000000006,211492.0579403254,29
109999.99999999991,137003.42742649102,17
60000.000000000015,86559.20055531694,9
294580.0,406883.0147591346,52
360000.0000000001,405496.7184431203,5
582000.0000000003,609657.7719532636,71
375000.00000000006,419560.0372498793,29
474999.99999999977,692860.6503427139,74
468999.9999999998,450767.5273839619,71
90000.00000000001,122294.35948846098,53
320000.00000000006,250305.3966299528,27
682499.9999999995,523957.03220629884,81
320000.00000000006,255364.4435814048,24
597999.9999999998,335194.4105435881,13
79500.00000000004,108770.12366009147,28
156000.0,271097.06494782586,60
671000.0,654260.2662709444,88
239000.00000000003,204656.85147959745,0
188999.99999999988,211565.27742332645,12
495000.0000000004,420816.6750778317,12
357899.9999999998,352619.2541340912,90
834999.9999999998,558625.4745034677,79
227540.00000000003,250163.71965101577,87
460000.0000000002,396419.6487606606,65
392500.0,564088.1141073114,79
284999.99999999994,292355.5073540854,60
208491.99999999994,181656.56455764946,73
239729.9999999998,207016.1929162372,45
328000.0000000002,295907.3362493965,35
188000.00000000012,247966.0371656126,55
249100.00000000017,242884.48278669323,29
383500.0000000002,338921.66686269833,88
676000.0000000001,448269.95207236696,29
271999.9999999999,300434.6482932325,91
109061.0000000001,61300.555782964904,11
639999.9999999998,437914.41509615537,28
139999.9999999999,134642.2667515416,82
129000.0000000001,186702.00207474746,40
375000.00000000006,332012.5554493288,73
794999.9999999998,591220.866334407,31
354999.9999999998,355309.75903419574,63
749000.0,707585.622354163,88
189900.00000000015,182272.8567566257,69
458999.99999999977,508350.4808504267,88
101199.99999999997,168718.1911899283,39
203999.99999999985,216793.0396497771,73
1065000.0000000005,1085996.5604201755,88
255000.0000000001,190938.3730780033,32
279000.0000000001,310050.7432629377,29
106899.99999999994,72760.26724107997,84
39989.99999999999,118837.88757709222,57
95000.00000000001,128780.54281184681,62
225000.00000000015,283030.9983718394,24
171999.99999999988,205493.41841864947,3
259000.0,302909.62488340685,73
235000.0,219446.5561900167,31
82000.0,157941.192449091,19
138000.00000000006,125889.50031895038,59
297999.9999999998,272131.0968807558,32
189999.9999999999,212584.96304466584,89
157179.99999999994,137349.4066337868,10
235999.9999999999,308926.98032058583,41
625000.0000000002,663064.5852681366,88
357999.99999999977,493507.31786224357,5
148000.00000000015,187434.22587885705,44
78850.00000000004,110475.13849044473,1
239000.00000000003,256804.32880282708,25
127999.99999999997,176916.16703326686,22
349999.9999999997,268836.54127285286,72
322899.99999999977,261155.0225216476,32
75000.00000000004,118510.662891229,82
364000.00000000006,345599.4932215101,32
188999.99999999988,180376.51050896695,73
167999.9999999999,127764.71721773362,55
199280.00000000003,161733.75605903508,27
416000.0,278524.7154981978,20
145999.99999999997,134395.01803014943,28
279000.0000000001,159825.52952328202,9
82899.99999999997,210600.03382047534,22
156999.99999999994,211897.2655110876,41
385000.00000000023,350942.91398644075,31
214000.00000000017,206600.70271534115,89
92000.00000000007,175483.0065838903,28
252000.0000000001,199156.65219282635,35
265000.00000000006,304515.76971136784,90
468999.9999999998,543315.4024372491,79
188000.00000000012,366959.29368003696,26
299000.00000000006,425098.6291015369,56
155000.00000000012,113651.12839826697,61
436425.0000000003,346451.1263211017,27
150499.99999999988,116943.82830718951,31
249000.00000000006,280437.8551313756,31
126999.99999999991,140887.9335731472,28
250999.99999999988,442371.74844829104,80
249999.9999999998,405163.25307281496,28
492999.99999999965,391890.48770838487,55
95000.00000000001,198943.80070789257,5
1194999.999999999,985626.839726983,88
243500.00000000015,324333.94543186517,61
90000.00000000001,106341.56058584305,15
1420000.0000000012,1304419.873663449,71
594999.9999999997,694471.2963986031,88
573000.0000000001,437451.5940883072,70
364999.99999999977,301547.129634382,41
649999.9999999995,736552.3670908287,88
739999.9999999999,498429.3000995746,12
212500.00000000017,188932.0877538685,19
1080000.0000000002,1002766.4698906869,71
214799.99999999983,154305.777605171,55
79899.99999999997,117086.25028362198,61
120000.00000000004,129323.25110070367,32
240499.99999999983,282091.6689502769,71
347000.00000000023,313114.07028318313,63
167000.0000000001,223897.3956366467,25
89500.00000000003,199422.45755151843,13
269499.9999999999,231385.97946366534,29
155000.00000000012,184840.4291872674,31
369999.99999999977,398621.8854807338,70
86000.00000000001,88974.24866948478,8
654999.9999999995,448116.9242303634,65
415799.99999999977,188043.76822708157,20
270400.0000000002,250364.07816878654,41
114999.99999999991,102541.96078112838,54
398999.99999999977,349243.1680173641,29
59900.00000000002,94608.9655298684,82
297999.9999999998,252808.76916830344,72
373999.99999999977,278551.57853552926,65
177000.00000000006,185917.5717912284,64
194000.00000000006,353577.35550159647,63
46999.99999999999,181571.23263268708,51
267000.0,266887.653683397,24
219999.99999999983,221913.56173740127,56
178999.99999999994,152494.63975735448,79
148000.00000000015,240684.1456287835,29
580900.0000000001,459328.65737864986,90
299999.99999999977,240613.7805883555,10
573000.0000000001,449099.0238034874,14
124999.9999999999,209710.4055383475,67
173999.99999999997,225429.45366804508,29
299999.99999999977,362957.1970820255,91
263500.0,274056.42351914913,75
281999.99999999994,168194.24886122186,84
289999.9999999999,197285.40438869322,10
758999.9999999998,1253016.821314524,71
526315.0000000001,331469.1351154283,20
628800.0000000003,334386.600690167,33
388500.0,307857.62638750783,73
498999.9999999996,456459.0842438969,87
169000.00000000012,238009.22602629758,91
463999.9999999998,372405.7393652401,45
287999.9999999999,365708.37935623294,52
1095000.0000000005,1115174.2346310227,71
407000.0000000001,515908.62947428436,88
249999.9999999998,201749.21642610774,79
184000.00000000015,186136.28930171518,39
315000.0000000002,262726.86103662424,36
156999.99999999994,146302.95728144885,31
182500.00000000012,234888.87083306536,91
70000.00000000001,109024.94527176139,14
599000.0,425499.2136477146,41
233999.9999999999,278773.99998575146,52
257000.00000000015,195445.08198277294,79
1579000.0000000007,452456.2009778118,45
169000.00000000012,175421.46156500455,9
170000.00000000012,149594.45731960842,12
152000.00000000006,119398.42165000265,28
134999.99999999997,178764.83261601886,12
171199.99999999985,236701.29357915648,31
144000.0,217484.40314434282,20
233999.9999999999,260010.07490821462,73
249000.00000000006,238655.01319544038,73
554000.0,538840.1907027543,32
414000.00000000023,390373.706215626,88
594000.0000000005,544454.1057167716,31
264000.00000000006,291076.390992684,12
185000.00000000006,186677.92602533402,5
106499.99999999996,132570.289394704,75
92000.00000000007,147674.88659119114,12
261000.00000000012,257363.35074307868,12
525000.0000000003,460741.72691101587,79
156000.0,199996.4975779872,80
574000.0000000001,534334.1541621803,90
509999.9999999998,630410.8830452476,74
387999.9999999999,352318.2324619471,73
193200.00000000012,228462.14332539676,59
199999.99999999997,137624.69853338326,80
169000.00000000012,204550.14636956912,27
313500.00000000006,201807.0251160647,59
299000.00000000006,377244.43694297475,90
116000.0000000001,93577.01449313083,83
86999.99999999994,221409.06464122233,8
541999.9999999995,384279.9328782271,74
199000.0000000001,176660.2696375949,9
275000.0000000002,601188.1458853229,79
195000.00000000006,198799.99020047384,19
794999.9999999998,895726.4396532739,12
163499.99999999988,279848.75837820454,79
145000.00000000012,150233.49276453716,44
821999.9999999998,365692.3544967405,25
318000.0,344373.56813051685,5
363974.9999999997,243512.73997628668,43
167999.9999999999,227750.0692181144,74
202000.0000000001,242952.2721169804,89
659999.9999999995,546575.8289092007,56
269000.0,319919.447990775,32
700000.0000000006,651059.3159438692,88
680000.0000000003,716495.4985800618,5
178499.99999999985,166400.70793854172,53
165000.00000000015,187216.87962926956,68
324999.9999999999,271563.77775496634,73
649999.9999999995,688495.8141704398,71
130000.00000000009,145678.09630604007,85
144000.0,140177.61225090912,47
229499.99999999997,272067.456852956,60
360000.0000000001,291760.1552876357,12
182000.00000000003,177389.4978330762,63
215000.0,278365.8815062296,27
215000.0,167838.99324798325,64
229000.00000000006,142689.9795030883,29
467955.00000000023,381627.28650656174,61
195000.00000000006,232718.52814092534,72
479000.00000000035,309231.11002572795,5
369999.99999999977,433869.59316094307,90
221000.00000000006,194070.89265729996,32
645000.0,624075.7926325721,91
244999.99999999997,187688.595370808,33
120000.00000000004,225781.60991365343,58
178999.99999999994,190806.90901409613,72
280000.0,305457.01055383595,73
158999.99999999997,132358.34916846867,56
77999.99999999994,145885.1745089362,43
890000.0000000002,926900.6113212067,71
420000.0,336194.7900865194,12
297999.9999999998,206705.21216089124,32
208999.99999999988,146802.52442437797,32
180000.00000000003,203295.9283102664,55
178100.00000000006,180627.74220121442,42
267000.0,228086.49213660252,22
299000.00000000006,304143.402420996,41
91000.00000000009,90185.69039663825,75
291000.00000000006,361640.96282669186,56
244999.99999999997,301381.2882405041,79
398999.99999999977,475969.6680198519,38
46099.99999999998,112010.48196641396,82
215999.99999999985,186090.1107647267,36
299000.00000000006,222837.6068370563,5
186375.00000000015,147236.6542655485,27
249999.9999999998,231784.7088761952,5
178499.99999999985,190357.98792096935,12
884000.0000000002,506896.61804546486,28
1169999.9999999998,729496.1723941475,79
478399.99999999965,427654.0264353473,15
498999.9999999996,571743.7129860364,12
192999.99999999985,176645.52903774587,36
420000.0,415312.9625643493,88
534999.9999999995,425312.3813830432,15
77350.00000000003,140958.20620167628,44
794999.9999999998,396067.84356034995,60
415000.00000000006,290029.2132953617,80
468999.9999999998,452967.6018570027,80
64999.999999999956,91387.35137768016,46
895000.0000000007,752184.5677015103,32
238101.99999999994,241496.2469028769,12
725999.9999999998,1237568.4271485605,71
195000.00000000006,257590.41428942233,89
1247999.9999999995,574353.9646402635,41
130000.00000000009,126476.00240062119,10
1020000.0000000005,1030443.2308314503,88
131999.9999999999,147447.9986185367,79
729166.0000000002,349397.465621697,27
174075.9999999999,219206.0850027633,28
520000.0,571318.3785639142,29
346000.0,427682.7757575984,29
147200.00000000012,177669.52554114567,76
89500.00000000003,158758.90701597047,76
189999.9999999999,158774.7597298132,12
150000.00000000006,139598.6251673302,60
294999.9999999998,266698.42631610803,19
362249.99999999977,271400.77860846394,26
177999.99999999994,131387.36661386245,42
749999.9999999998,539819.2007477887,18
196099.99999999983,257775.19652545487,90
269000.0,279675.2311099115,28
215999.99999999985,249833.95031085217,91
160500.00000000003,241048.82219986743,79
293000.0000000001,345962.6812562901,15
498999.9999999996,483318.67106099427,28
371999.9999999998,327476.55879276013,87
617999.9999999999,527343.2130546799,88
148000.00000000015,163583.56349702275,28
698999.9999999995,511832.55356368364,65
224128.0,225136.7428750371,35
136999.9999999999,173468.5500902542,70
289899.9999999999,276025.9653401595,91
399900.0,491141.1152024879,5
126999.99999999991,163868.9328060232,10
364000.00000000006,392216.1825968088,89
383433.00000000006,290988.71306586947,29
225999.9999999998,198053.3612439138,42
399500.00000000035,351540.8289995049,72
312000.0000000001,299546.5136388078,73
149800.00000000003,219696.63722888468,34
375000.00000000006,329514.21178905363,5
364999.99999999977,359647.4425246029,15
77350.00000000003,79994.32305253335,2
188999.99999999988,233324.42632787078,90
1110000.0000000002,826009.0633959823,88
452999.99999999977,384891.0482645748,28
145000.00000000012,122403.28743407624,40
620000.0000000005,419348.05237138073,32
273999.99999999994,245398.43277713787,87
237000.00000000003,266124.49173205876,73
1380000.0000000005,1015087.4069362085,88
1262000.0000000007,1235456.5347679171,71
170000.00000000012,175539.3797112056,31
158999.99999999997,237759.27149944613,56
215000.0,229556.45694661373,56
742999.9999999998,631822.7726960651,88
369000.0000000001,423922.2259247993,32
186300.00000000012,201663.96250541584,81
297900.0,200363.60119622678,22
364999.99999999977,580364.9758777675,88
1690000.0000000007,1191405.8465438762,71
480000.00000000006,379265.2076837518,89
995000.0,882816.5468081351,88
390000.00000000035,374750.5476309105,71
267000.0,226957.6444689039,91
97900.00000000003,99215.41975993822,29
1271999.9999999998,818331.1855487737,89
299990.0,309710.60006079735,31
540000.0000000001,384902.2375670812,74
249000.00000000006,275888.63678602286,56
210000.0,252280.55194806846,42
315000.0000000002,331359.4274143395,87
685000.0000000005,575737.9277263295,88
128900.00000000003,132384.25581029893,6
239625.0,255852.48065431407,31
261500.00000000012,219135.59532486487,72
739999.9999999999,530997.0445076963,71
146999.99999999988,135629.68462989441,62
65700.00000000004,104808.78792311272,55
328000.0000000002,428287.46707261493,71
480000.00000000006,448176.6966175345,90
53500.00000000004,132600.60504691632,35
639999.9999999998,596995.9980993697,74
474999.99999999977,276621.3811630414,53
178999.99999999994,187365.92011198564,33
255999.99999999985,131116.67935278383,62
358700.0000000003,399921.67171249015,31
685000.0000000005,515135.54289303074,89
228000.00000000003,342522.0274269152,5
249999.9999999998,202114.34613128004,58
375000.00000000006,370026.67373083753,31
530000.0000000003,388201.6717693971,91
235000.0,210865.55496601926,25
221490.00000000012,255481.4975416467,35
149099.99999999994,171258.8341806422,76
925000.0000000007,491563.6564606927,36
342000.0000000002,259579.94558481142,53
164299.99999999988,136163.58972804967,56
448999.99999999994,449264.1448121484,56
364999.99999999977,375001.3000273359,31
292875.0000000001,216131.33777237416,28
149000.0,156248.17606036377,73
490000.0,670567.4522833922,79
180000.00000000003,143477.99906182825,6
542420.0000000005,658928.3348035561,90
177000.00000000006,245767.5836083488,42
299000.00000000006,343271.69911948655,88
420000.0,615946.8577132616,80
145000.00000000012,189047.0937727239,15
435999.99999999965,379595.24564106663,91
134999.99999999997,115717.80007142882,20
343199.9999999997,380539.9448712288,56
362000.0,377655.447402479,74
259999.9999999998,205504.29773783142,42
120000.00000000004,172295.59751241718,7
394500.00000000006,242368.87029400875,25
104500.00000000003,127543.25105950735,49
175000.00000000012,232637.2681992488,60
309600.0,305790.4259491855,73
103000.00000000001,140905.82487496914,59
190799.99999999994,205998.6628712094,33
385999.99999999977,386187.67197863775,71
590000.0000000003,533610.0734363238,31
375000.00000000006,294961.60645022895,79
166000.00000000003,119105.51030666946,53
165000.00000000015,136001.04744220676,62
1249999.999999999,613725.4128488172,3
230000.0000000001,232966.07298828044,77
634999.9999999997,694276.2308979381,91
870000.0000000006,680346.2832283878,65
85749.99999999994,147490.69061348512,45
170000.00000000012,206468.25970140685,24
158999.99999999997,161481.06827373808,36
714999.9999999995,580785.8819357065,89
339999.99999999994,336402.23577144084,88
390000.00000000035,347966.5136552965,29
532000.0000000002,450439.1216445281,74
178999.99999999994,137858.70707817844,56
289999.9999999999,336025.98934950726,5
300149.99999999977,337270.212474719,15
208999.99999999988,196211.23610594866,89
162999.99999999988,211809.9429230525,33
182239.99999999997,232862.84906209438,58
227000.0,249743.03536359823,79
224499.99999999985,216546.0202161296,41
544999.9999999997,309342.2500075441,82
177999.99999999994,250140.97121334684,81
396999.9999999998,360587.37576481514,87
149000.0,212796.03580449603,77
113999.99999999996,119543.63906234333,55
330000.0000000001,361200.7993540092,22
114499.99999999991,160876.089464656,82
133000.00000000012,161141.09907987656,32
188000.00000000012,157130.3191672173,22
148399.99999999997,151984.86352976336,84
364999.99999999977,331940.49870901403,12
151000.00000000006,198303.67878855387,58
392000.0,358190.1776502814,87
126999.99999999991,131008.0652165845,85
1350000.0,585476.9364220314,28
77999.99999999994,138329.0024569031,64
188999.99999999988,154137.40526597836,8
546999.9999999999,416600.8220222327,65
171999.99999999988,186711.38857699157,91
208650.0000000001,195186.3787181131,55
116999.99999999991,133360.9202213487,48
302000.00000000006,332323.85519208247,15
1090000.0000000002,418478.06135173934,63
1090000.0000000002,1042569.6841283746,88
362075.0000000001,322634.8645369232,82
210000.0,274691.40872012347,79
233199.99999999994,280067.4858430733,38
297000.0000000002,380630.58907532925,87
488999.9999999996,405474.5303070175,29
779000.0000000001,742594.9706318066,88
312000.0000000001,467413.30393546046,89
114999.99999999991,147122.9414061057,42
396999.9999999998,460442.02433062444,25
194249.99999999985,222601.198949712,68
449999.99999999994,466659.47916015424,29
283000.0000000001,323464.375561356,15
239000.00000000003,331281.5753672168,18
138000.00000000006,108237.80473565737,49
305950.0000000002,217753.68201355424,31
374500.0000000001,382219.0918791228,90
254000.0000000002,257906.93135329708,33
240350.00000000012,131340.84831979743,66
449999.99999999994,400116.908072402,90
310500.00000000006,236430.13674685042,62
199000.0000000001,388197.81299693073,5
57500.00000000001,101179.37574788001,84
390000.00000000035,383658.74669516576,78
149000.0,204436.56839016205,82
81000.00000000007,92009.91011095405,9
1150000.0000000005,783776.0433483244,71
174699.9999999999,205654.90715034865,15
604500.0000000005,287762.58982801245,29
286329.99999999994,259953.46824923102,26
318000.0,252732.5529846654,32
478124.99999999977,292754.10887235316,15
369999.99999999977,272297.07635583845,29
625000.0000000002,416665.23104858,55
177498.99999999997,272043.0910139158,55
99500.00000000001,244722.95204389523,79
344499.9999999999,300926.98441161204,60
265000.00000000006,270693.6795147728,53
336000.00000000006,185849.52163070708,14
460000.0000000002,445403.9457918166,89
188999.99999999988,200162.00387409903,44
483400.00000000035,444854.20401504793,74
124999.9999999999,126214.3892012478,84
588000.0,603291.5971506553,79
280200.0,255792.9746949618,70
890000.0000000002,746439.055258067,71
152000.00000000006,220420.57558637232,72
1317699.9999999995,937124.5974427516,71
334999.9999999998,215437.55756719675,79
84800.00000000007,136780.96277914513,20
54499.99999999998,200811.01719286162,27
304999.99999999977,247891.95638050837,73
249100.00000000017,311963.27490049484,47
291499.9999999999,381298.2201049441,44
206999.99999999994,315608.0072133692,46
195500.00000000006,172696.54058342185,32
129000.0000000001,313288.60591099696,22
525000.0000000003,336649.2103446056,32
530000.0000000003,349227.8706162549,29
312500.00000000023,341361.51285018976,31
302083.0,350741.2962035058,31
339999.99999999994,340452.7692529165,89
540000.0000000001,474757.6316371592,57
240350.00000000012,290956.2214756638,20
995000.0,1147226.44610214,71
189999.9999999999,246841.6989317439,73
261000.00000000012,214954.09654691454,62
998000.0000000008,861813.4452666725,71
429500.00000000023,445980.66898277355,41
177000.00000000006,259198.16392413172,52
177999.99999999994,454247.6793973144,79
864999.9999999994,557886.5477672395,81
579999.9999999997,328908.39103870007,63
209241.99999999985,211343.48637564742,89
238000.0,257452.56019766073,12
476682.9999999998,441510.37694282975,45
122000.00000000003,95433.33127819125,82
649999.9999999995,313309.8399498276,59
254400.00000000006,279329.34640783607,73
438000.00000000035,383441.5861888507,22
642000.0000000006,632646.3300228948,31
259000.0,241844.00215372376,15
223000.00000000003,367294.10307632864,10
130000.00000000009,155449.30054409063,58
194000.00000000006,253899.59631866618,32
297999.9999999998,255843.5360233142,32
88500.0,102457.35131024363,72
121820.99999999996,84931.79422564237,84
369000.0000000001,317593.6575178047,29
431599.9999999998,323616.2479743746,29
620000.0000000005,654867.7106292786,31
96299.99999999997,302652.7035386951,80
192099.99999999985,178495.679658639,45
635999.9999999995,426256.751286339,38
1173999.999999999,1062595.7516229383,5
167000.0000000001,141133.76024318722,62
244999.99999999997,253791.896886779,74
261999.99999999994,250893.46765554274,10
513999.9999999996,554268.8871376078,88
139750.0000000001,166706.23595037224,32
615000.0,764039.4472657137,89
385000.00000000023,303477.1637624966,72
1550000.0000000012,1075779.3948712281,71
206999.99999999994,221103.69695118102,72
202000.0000000001,185854.2260415913,89
124999.9999999999,258519.67191391636,71
394900.0000000002,565220.6012095301,29
348999.99999999994,309501.9327233887,5
1190000.0000000002,850133.4574158452,65
294000.0000000001,414649.5040989662,75
199899.99999999997,195306.75934899575,30
265000.00000000006,188125.0528435,73
142000.0,198887.27223025294,33
148499.99999999988,109751.27076784166,50
87999.99999999996,116364.84142562453,16
274299.9999999999,265458.12771799875,80
227000.0,244376.21883685846,80
472500.00000000035,492188.4015905652,76
484000.0000000002,502268.63860441255,90
283500.0000000002,175699.0703964033,47
614250.0,399821.8406711603,73
238499.99999999985,333771.75098009035,29
239000.00000000003,272005.48516923416,60
178999.99999999994,131310.08261175,29
64999.999999999956,107047.39393308462,19
299000.00000000006,301884.3498733953,87
893999.9999999998,1102362.1628689829,5
258000.00000000015,277243.7605534929,73
60000.000000000015,130129.65386083143,19
100700.00000000006,245127.066714266,5
120000.00000000004,156787.41250163934,12
315000.0000000002,471263.6320439915,87
261999.99999999994,274307.27803061676,13
129000.0000000001,158323.47427188055,42
171999.99999999988,125350.11244009418,29
420000.0,484079.49486905034,88
175000.00000000012,179846.3433134197,6
149000.0,245207.7625539375,31
70320.00000000001,111830.02086189679,54
189999.9999999999,147737.40740263954,30
38990.00000000001,94930.21274947304,59
98000.00000000003,140364.25428912777,67
348999.99999999994,398203.1995181351,29
75959.99999999997,114614.59541989974,27
369000.0000000001,423872.9081238369,28
437000.00000000023,490525.7985376144,79
999500.0000000003,883417.6142318522,71
170000.00000000012,267733.03224412387,89
830000.0000000005,823373.3659025088,74
294999.9999999998,359189.02143346635,55
469999.9999999998,372081.9676172359,24
314000.0,487790.85070403444,80
269000.0,319314.3543355314,73
979999.9999999997,1070856.6022853092,88
162999.99999999988,154264.1209178498,34
497999.9999999996,259582.13567436772,20
294999.9999999998,290732.3634623019,90
95999.99999999996,77487.85683855803,75
305950.0000000002,382609.6740319213,31
330000.0000000001,259279.13776609363,15
294999.9999999998,183578.27806920727,23
298200.0000000002,310175.36785632937,15
241000.00000000003,241752.7656669694,32
390999.99999999977,393365.33163366467,71
1198999.9999999998,829865.7849467873,74
199000.0000000001,306129.4454854103,32
299999.99999999977,201633.50884860227,65
656938.0000000002,429023.31972273596,55
1140000.0000000002,718210.8396951781,74
259999.9999999998,213571.6909611171,89
555000.0000000002,474113.0891440769,60
469999.9999999998,475022.8248473833,88
265000.00000000006,265059.82670134184,81
458500.00000000035,393938.37831348355,73
197500.0,261291.209036728,52
227499.99999999997,212940.1696563361,63
658999.9999999997,473501.3011969729,71
91299.99999999996,90825.86298816856,21
1229999.9999999995,1157500.7273666665,71
398999.99999999977,431874.3836705494,30
544199.9999999995,576006.5967255053,88
719999.9999999995,644723.6496483675,88
249000.00000000006,174890.0472730152,73
329000.0000000003,252097.94638286237,32
68999.99999999997,113604.08022052748,33
205999.99999999988,198762.56320297657,32
457999.99999999965,458455.48062669236,88
229000.00000000006,263813.6635067061,22
255000.0000000001,286498.7428930991,79
507000.0000000003,385544.1656163685,71
398999.99999999977,420346.93250361184,73
1249999.999999999,533119.9705229688,69
360000.0000000001,340168.75772417564,73
348400.0,403607.4253307236,42
396500.00000000035,312162.56105275126,73
1190000.0000000002,711138.7544886891,31
291999.9999999998,294373.0390352598,73
125990.00000000004,98775.31511584432,34
283000.0000000001,350390.0639043348,55
328000.0000000002,380051.6883552104,29
84000.00000000003,126419.61990507263,32
788880.0000000002,582673.445822846,10
377360.0000000002,320705.90498054045,60
138000.00000000006,167960.27479511642,25
155989.99999999988,180661.0642411472,66
315000.0000000002,312101.34284235945,88
649999.9999999995,336971.55885057047,32
379999.9999999999,467608.85969009995,29
297999.9999999998,207812.2257320775,18
124500.00000000003,193724.66082510445,41
749000.0,620022.934685801,74
205000.0,229363.6965803463,18
40000.0,76926.79230606803,72
351449.99999999994,369228.07419622387,29
649999.9999999995,650785.7244957387,89
60999.999999999956,100681.41231905608,28
534999.9999999995,500515.2718723999,79
794000.0000000007,578225.5433666371,90
382999.9999999997,351102.81423580874,39
134160.0,151449.27404019164,91
607999.9999999998,561642.7048652624,90
540000.0000000001,503412.78982010955,74
440000.0000000002,404115.32912366954,90
120000.00000000004,156238.30033422986,60
215999.99999999985,240762.65557994752,74
64800.000000000044,98284.04626330613,57
1194999.999999999,724570.8909022924,74
579999.9999999997,538524.9411832839,80
1099999.9999999998,871193.5384735363,5
455999.99999999977,402612.45518396696,90
134999.99999999997,154531.14255493353,67
242000.00000000017,185038.42922250138,24
218400.00000000006,268117.1335768248,67
343000.00000000006,308736.450503875,42
1485000.0000000012,1151783.4961779574,74
416999.9999999998,341286.51928656374,27
149800.00000000003,132369.5389857304,85
214000.00000000017,280779.48216113844,29
415000.00000000006,377339.91464622173,71
187500.0,195783.114215048,63
312999.9999999999,289459.2637642598,90
330150.00000000023,327798.8349979729,89
1175000.0,570917.4392721622,65
576800.0000000005,525839.4785320628,41
625000.0000000002,644084.7348577012,79
794999.9999999998,960570.5315614627,12
198000.00000000006,123972.6574584016,32
